instance_name,variant,seed,n_iterations,xi_min,xi_max,cooling_rate,segment_size,total_cost,rider_cost,drone_cost,delay_cost,self_pickup_cost,drone_served_orders,drone_mode_ratio,on_time_rate,average_delay,feasible,cpu_time
RDL-n25-01,Full-ALNS,1,10000,0.1,0.4,0.997,100,251.988272,226.118757,21.203031,0.0,4.666484,4,0.16,1.0,0.0,True,25.137631
RDL-n25-01,Full-ALNS,2,10000,0.1,0.4,0.997,100,256.667319,250.252008,5.464943,0.0,0.950368,1,0.04,1.0,0.0,True,25.558743
RDL-n25-01,Full-ALNS,3,10000,0.1,0.4,0.997,100,255.281276,244.456392,9.221111,0.0,1.603773,2,0.08,1.0,0.0,True,25.630864
RDL-n25-01,Full-ALNS,4,10000,0.1,0.4,0.997,100,253.734304,227.864789,21.203031,0.0,4.666484,4,0.16,1.0,0.0,True,25.319297
RDL-n25-01,Full-ALNS,5,10000,0.1,0.4,0.997,100,252.242704,227.423683,21.203031,0.0,3.61599,4,0.16,1.0,0.0,True,25.269431
RDL-n25-01,Full-ALNS,6,10000,0.1,0.4,0.997,100,256.924805,250.509494,5.464943,0.0,0.950368,1,0.04,1.0,0.0,True,25.178181
RDL-n25-01,Full-ALNS,7,10000,0.1,0.4,0.997,100,254.424313,243.599429,9.221111,0.0,1.603773,2,0.08,1.0,0.0,True,24.992538
RDL-n25-01,Full-ALNS,8,10000,0.1,0.4,0.997,100,254.623823,243.798939,9.221111,0.0,1.603773,2,0.08,1.0,0.0,True,25.024549
RDL-n25-01,Full-ALNS,9,10000,0.1,0.4,0.997,100,255.183032,229.628835,21.161178,0.0,4.393019,3,0.12,1.0,0.0,True,24.861142
RDL-n25-01,Full-ALNS,10,10000,0.1,0.4,0.997,100,254.609666,229.182622,21.203031,0.0,4.224014,4,0.16,1.0,0.0,True,25.000796
RDL-n25-01,Generic-ALNS,1,10000,0.1,0.4,0.997,100,702.753064,250.425202,0.0,452.327862,0.0,0,0.0,0.64,1.809311,True,28.585408
RDL-n25-01,Generic-ALNS,2,10000,0.1,0.4,0.997,100,559.273004,249.629277,3.756168,304.626131,1.261428,1,0.04,0.8,1.218505,True,28.333718
RDL-n25-01,Generic-ALNS,3,10000,0.1,0.4,0.997,100,588.444276,214.908713,35.336037,333.95299,4.246537,4,0.16,0.68,1.335812,True,27.076262
RDL-n25-01,Generic-ALNS,4,10000,0.1,0.4,0.997,100,685.501398,215.921563,53.252242,405.749258,10.578334,8,0.32,0.88,1.622997,True,26.212881
RDL-n25-01,Generic-ALNS,5,10000,0.1,0.4,0.997,100,616.713295,235.827786,5.464943,374.13169,1.288875,1,0.04,0.56,1.961201,True,27.969312
RDL-n25-01,Generic-ALNS,6,10000,0.1,0.4,0.997,100,437.662042,243.108357,5.464943,188.746398,0.342345,1,0.04,0.8,0.754986,True,26.985092
RDL-n25-01,Generic-ALNS,7,10000,0.1,0.4,0.997,100,662.651922,239.296388,5.99096,416.448714,0.91586,1,0.04,0.76,1.665795,True,28.036797
RDL-n25-01,Generic-ALNS,8,10000,0.1,0.4,0.997,100,613.782985,217.536732,53.252242,332.415677,10.578334,8,0.32,0.84,1.329663,True,26.889896
RDL-n25-01,Generic-ALNS,9,10000,0.1,0.4,0.997,100,413.656164,243.959314,17.40501,150.635813,1.656027,2,0.08,0.84,0.602543,True,27.558858
RDL-n25-01,Generic-ALNS,10,10000,0.1,0.4,0.997,100,466.71275,213.387128,33.428018,213.558634,6.338969,5,0.2,0.84,0.854235,True,28.079649
RDL-n25-01,No-Adaptive,1,10000,0.1,0.4,0.997,100,256.693448,250.278137,5.464943,0.0,0.950368,1,0.04,1.0,0.0,True,22.310456
RDL-n25-01,No-Adaptive,2,10000,0.1,0.4,0.997,100,256.693448,250.278137,5.464943,0.0,0.950368,1,0.04,1.0,0.0,True,22.227634
RDL-n25-01,No-Adaptive,3,10000,0.1,0.4,0.997,100,256.693448,250.278137,5.464943,0.0,0.950368,1,0.04,1.0,0.0,True,21.785254
RDL-n25-01,No-Adaptive,4,10000,0.1,0.4,0.997,100,253.861016,229.041995,21.203031,0.0,3.61599,4,0.16,0.96,0.006029,True,22.251475
RDL-n25-01,No-Adaptive,5,10000,0.1,0.4,0.997,100,254.511877,229.084833,21.203031,0.0,4.224014,4,0.16,1.0,0.0,True,22.149344
RDL-n25-01,No-Adaptive,6,10000,0.1,0.4,0.997,100,257.101034,236.732499,17.40501,0.0,2.963525,2,0.08,1.0,0.0,True,22.071518
RDL-n25-01,No-Adaptive,7,10000,0.1,0.4,0.997,100,257.101034,236.732499,17.40501,0.0,2.963525,2,0.08,1.0,0.0,True,22.540062
RDL-n25-01,No-Adaptive,8,10000,0.1,0.4,0.997,100,253.717218,215.115414,33.143098,0.0,5.458706,5,0.2,1.0,0.0,True,22.375069
RDL-n25-01,No-Adaptive,9,10000,0.1,0.4,0.997,100,251.988619,226.119104,21.203031,0.0,4.666484,4,0.16,1.0,0.0,True,22.175302
RDL-n25-01,No-Adaptive,10,10000,0.1,0.4,0.997,100,257.101034,236.732499,17.40501,0.0,2.963525,2,0.08,1.0,0.0,True,21.914565
RDL-n25-01,No-Restart,1,10000,0.1,0.4,0.997,100,258.313746,232.346812,21.446099,0.0,4.520835,3,0.12,1.0,0.0,True,26.895456
RDL-n25-01,No-Restart,2,10000,0.1,0.4,0.997,100,253.717218,215.115414,33.143098,0.0,5.458706,5,0.2,1.0,0.0,True,27.108533
RDL-n25-01,No-Restart,3,10000,0.1,0.4,0.997,100,256.924805,250.509494,5.464943,0.0,0.950368,1,0.04,1.0,0.0,True,24.257109
RDL-n25-01,No-Restart,4,10000,0.1,0.4,0.997,100,256.667319,250.252008,5.464943,0.0,0.950368,1,0.04,1.0,0.0,True,23.376095
RDL-n25-01,No-Restart,5,10000,0.1,0.4,0.997,100,258.532807,237.825765,17.40501,0.0,3.302032,2,0.08,1.0,0.0,True,26.787308
RDL-n25-01,No-Restart,6,10000,0.1,0.4,0.997,100,254.312368,228.885323,21.203031,0.0,4.224014,4,0.16,1.0,0.0,True,25.02675
RDL-n25-01,No-Restart,7,10000,0.1,0.4,0.997,100,252.242704,227.423683,21.203031,0.0,3.61599,4,0.16,1.0,0.0,True,24.930268
RDL-n25-01,No-Restart,8,10000,0.1,0.4,0.997,100,257.101034,236.732499,17.40501,0.0,2.963525,2,0.08,1.0,0.0,True,23.7351
RDL-n25-01,No-Restart,9,10000,0.1,0.4,0.997,100,256.667319,250.252008,5.464943,0.0,0.950368,1,0.04,1.0,0.0,True,24.400796
RDL-n25-01,No-Restart,10,10000,0.1,0.4,0.997,100,256.667319,250.252008,5.464943,0.0,0.950368,1,0.04,1.0,0.0,True,23.75108
RDL-n25-01,No-Penalty,1,10000,0.1,0.4,0.997,100,257.448896,237.080361,17.40501,0.0,2.963525,2,0.08,1.0,0.0,True,26.087538
RDL-n25-01,No-Penalty,2,10000,0.1,0.4,0.997,100,256.693448,250.278137,5.464943,0.0,0.950368,1,0.04,1.0,0.0,True,25.529185
RDL-n25-01,No-Penalty,3,10000,0.1,0.4,0.997,100,255.294196,229.739999,21.161178,0.0,4.393019,3,0.12,1.0,0.0,True,25.698421
RDL-n25-01,No-Penalty,4,10000,0.1,0.4,0.997,100,253.474684,227.605168,21.203031,0.0,4.666484,4,0.16,1.0,0.0,True,25.456652
RDL-n25-01,No-Penalty,5,10000,0.1,0.4,0.997,100,254.312368,228.885323,21.203031,0.0,4.224014,4,0.16,1.0,0.0,True,26.310934
RDL-n25-01,No-Penalty,6,10000,0.1,0.4,0.997,100,253.487741,228.66872,21.203031,0.0,3.61599,4,0.16,1.0,0.0,True,25.614758
RDL-n25-01,No-Penalty,7,10000,0.1,0.4,0.997,100,256.945108,245.069731,9.221111,0.0,2.654267,2,0.08,1.0,0.0,True,26.105613
RDL-n25-01,No-Penalty,8,10000,0.1,0.4,0.997,100,256.619697,230.854145,21.203031,0.0,4.562521,4,0.16,1.0,0.0,True,25.86168
RDL-n25-01,No-Penalty,9,10000,0.1,0.4,0.997,100,255.183032,229.628835,21.161178,0.0,4.393019,3,0.12,1.0,0.0,True,25.616842
RDL-n25-01,No-Penalty,10,10000,0.1,0.4,0.997,100,258.122636,233.102232,21.446099,0.0,3.574305,3,0.12,1.0,0.0,True,25.616596
RDL-n25-01,No-DelayAware,1,10000,0.1,0.4,0.997,100,268.154948,246.575869,17.40501,1.210544,2.963525,2,0.08,0.96,0.004842,True,22.672649
RDL-n25-01,No-DelayAware,2,10000,0.1,0.4,0.997,100,259.801197,239.432662,17.40501,0.0,2.963525,2,0.08,1.0,0.0,True,22.565721
RDL-n25-01,No-DelayAware,3,10000,0.1,0.4,0.997,100,259.801197,239.432662,17.40501,0.0,2.963525,2,0.08,1.0,0.0,True,22.024747
RDL-n25-01,No-DelayAware,4,10000,0.1,0.4,0.997,100,265.844035,250.212445,11.940067,1.678366,2.013157,1,0.04,0.96,0.006713,True,23.565929
RDL-n25-01,No-DelayAware,5,10000,0.1,0.4,0.997,100,267.269475,253.316252,11.940067,0.0,2.013157,1,0.04,1.0,0.0,True,22.835691
RDL-n25-01,No-DelayAware,6,10000,0.1,0.4,0.997,100,267.268583,253.31536,11.940067,0.0,2.013157,1,0.04,1.0,0.0,True,21.616883
RDL-n25-01,No-DelayAware,7,10000,0.1,0.4,0.997,100,306.487942,238.949083,33.386166,29.432773,4.719921,4,0.16,0.92,0.117731,True,22.927582
RDL-n25-01,No-DelayAware,8,10000,0.1,0.4,0.997,100,259.801197,239.432662,17.40501,0.0,2.963525,2,0.08,1.0,0.0,True,24.133961
RDL-n25-01,No-DelayAware,9,10000,0.1,0.4,0.997,100,332.6886,256.015947,23.880134,48.936647,3.855872,2,0.08,0.88,0.195747,True,23.683433
RDL-n25-01,No-DelayAware,10,10000,0.1,0.4,0.997,100,265.742462,240.551618,21.446099,0.0,3.744746,3,0.12,1.0,0.0,True,22.122314
RDL-n25-01,No-ModeSwitch,1,10000,0.1,0.4,0.997,100,254.832803,243.061389,9.221111,0.0,2.550303,2,0.08,1.0,0.0,True,26.710022
RDL-n25-01,No-ModeSwitch,2,10000,0.1,0.4,0.997,100,257.101034,236.732499,17.40501,0.0,2.963525,2,0.08,1.0,0.0,True,26.804563
RDL-n25-01,No-ModeSwitch,3,10000,0.1,0.4,0.997,100,256.667319,250.252008,5.464943,0.0,0.950368,1,0.04,1.0,0.0,True,26.586717
RDL-n25-01,No-ModeSwitch,4,10000,0.1,0.4,0.997,100,254.623823,243.798939,9.221111,0.0,1.603773,2,0.08,1.0,0.0,True,28.843119
RDL-n25-01,No-ModeSwitch,5,10000,0.1,0.4,0.997,100,257.101034,236.732499,17.40501,0.0,2.963525,2,0.08,1.0,0.0,True,28.961843
RDL-n25-01,No-ModeSwitch,6,10000,0.1,0.4,0.997,100,256.292632,230.865587,21.203031,0.0,4.224014,4,0.16,1.0,0.0,True,27.663377
RDL-n25-01,No-ModeSwitch,7,10000,0.1,0.4,0.997,100,257.611368,237.850857,17.40501,0.0,2.355502,2,0.08,1.0,0.0,True,29.127001
RDL-n25-01,No-ModeSwitch,8,10000,0.1,0.4,0.997,100,256.667319,250.252008,5.464943,0.0,0.950368,1,0.04,1.0,0.0,True,28.969867
RDL-n25-01,No-ModeSwitch,9,10000,0.1,0.4,0.997,100,253.896008,242.124593,9.221111,0.0,2.550303,2,0.08,1.0,0.0,True,27.207798
RDL-n25-01,No-ModeSwitch,10,10000,0.1,0.4,0.997,100,256.667319,250.252008,5.464943,0.0,0.950368,1,0.04,1.0,0.0,True,27.002356
RDL-n25-01,No-TWRemoval,1,10000,0.1,0.4,0.997,100,256.704719,250.289408,5.464943,0.0,0.950368,1,0.04,1.0,0.0,True,25.264348
RDL-n25-01,No-TWRemoval,2,10000,0.1,0.4,0.997,100,253.896008,242.124593,9.221111,0.0,2.550303,2,0.08,1.0,0.0,True,25.595192
RDL-n25-01,No-TWRemoval,3,10000,0.1,0.4,0.997,100,252.242704,227.423683,21.203031,0.0,3.61599,4,0.16,0.96,0.006029,True,27.864058
RDL-n25-01,No-TWRemoval,4,10000,0.1,0.4,0.997,100,254.728984,243.904101,9.221111,0.0,1.603773,2,0.08,1.0,0.0,True,26.062433
RDL-n25-01,No-TWRemoval,5,10000,0.1,0.4,0.997,100,253.869879,242.098465,9.221111,0.0,2.550303,2,0.08,1.0,0.0,True,26.843863
RDL-n25-01,No-TWRemoval,6,10000,0.1,0.4,0.997,100,253.647281,227.881729,21.203031,0.0,4.562521,4,0.16,0.96,0.006029,True,26.69257
RDL-n25-01,No-TWRemoval,7,10000,0.1,0.4,0.997,100,257.101034,236.732499,17.40501,0.0,2.963525,2,0.08,1.0,0.0,True,26.511323
RDL-n25-01,No-TWRemoval,8,10000,0.1,0.4,0.997,100,252.442214,227.623193,21.203031,0.0,3.61599,4,0.16,1.0,0.0,True,26.425491
RDL-n25-01,No-TWRemoval,9,10000,0.1,0.4,0.997,100,254.424313,243.599429,9.221111,0.0,1.603773,2,0.08,1.0,0.0,True,26.233321
RDL-n25-01,No-TWRemoval,10,10000,0.1,0.4,0.997,100,252.242704,227.423683,21.203031,0.0,3.61599,4,0.16,1.0,0.0,True,26.486078
RDL-n25-01,Basic-LNS,1,10000,0.1,0.4,0.997,100,256.667319,250.252008,5.464943,0.0,0.950368,1,0.04,1.0,0.0,True,12.694467
RDL-n25-01,Basic-LNS,2,10000,0.1,0.4,0.997,100,253.383628,226.00682,21.203031,1.507293,4.666484,4,0.16,0.96,0.006029,True,13.248824
RDL-n25-01,Basic-LNS,3,10000,0.1,0.4,0.997,100,256.693448,250.278137,5.464943,0.0,0.950368,1,0.04,1.0,0.0,True,13.958961
RDL-n25-01,Basic-LNS,4,10000,0.1,0.4,0.997,100,252.242704,227.423683,21.203031,0.0,3.61599,4,0.16,1.0,0.0,True,13.627233
RDL-n25-01,Basic-LNS,5,10000,0.1,0.4,0.997,100,257.611368,237.850857,17.40501,0.0,2.355502,2,0.08,1.0,0.0,True,13.39874
RDL-n25-01,Basic-LNS,6,10000,0.1,0.4,0.997,100,262.437613,210.750126,45.083165,0.0,6.604322,6,0.24,1.0,0.0,True,12.951987
RDL-n25-01,Basic-LNS,7,10000,0.1,0.4,0.997,100,252.242704,227.423683,21.203031,0.0,3.61599,4,0.16,1.0,0.0,True,13.353734
RDL-n25-01,Basic-LNS,8,10000,0.1,0.4,0.997,100,257.777996,246.953113,9.221111,0.0,1.603773,2,0.08,1.0,0.0,True,13.338502
RDL-n25-01,Basic-LNS,9,10000,0.1,0.4,0.997,100,257.101034,236.732499,17.40501,0.0,2.963525,2,0.08,1.0,0.0,True,12.762702
RDL-n25-01,Basic-LNS,10,10000,0.1,0.4,0.997,100,252.242704,227.423683,21.203031,0.0,3.61599,4,0.16,1.0,0.0,True,13.517401
RDL-n25-02,Full-ALNS,1,10000,0.1,0.4,0.997,100,489.036215,440.734914,36.45335,4.53118,7.31677,3,0.12,0.92,0.018125,True,28.194961
RDL-n25-02,Full-ALNS,2,10000,0.1,0.4,0.997,100,478.159873,428.125667,43.344968,0.0,6.689238,4,0.16,1.0,0.0,True,28.045078
RDL-n25-02,Full-ALNS,3,10000,0.1,0.4,0.997,100,489.036215,440.734914,36.45335,4.53118,7.31677,3,0.12,0.92,0.018125,True,27.76055
RDL-n25-02,Full-ALNS,4,10000,0.1,0.4,0.997,100,478.307189,428.272982,43.344968,0.0,6.689238,4,0.16,1.0,0.0,True,28.013258
RDL-n25-02,Full-ALNS,5,10000,0.1,0.4,0.997,100,475.963613,424.595307,43.783207,0.0,7.585098,4,0.16,1.0,0.0,True,28.014763
RDL-n25-02,Full-ALNS,6,10000,0.1,0.4,0.997,100,477.81652,410.770466,58.44292,0.0,8.603133,6,0.24,1.0,0.0,True,26.938956
RDL-n25-02,Full-ALNS,7,10000,0.1,0.4,0.997,100,478.852824,404.642397,58.44292,7.164374,8.603133,6,0.24,0.84,0.028657,True,26.409267
RDL-n25-02,Full-ALNS,8,10000,0.1,0.4,0.997,100,478.159873,428.125667,43.344968,0.0,6.689238,4,0.16,1.0,0.0,True,26.105707
RDL-n25-02,Full-ALNS,9,10000,0.1,0.4,0.997,100,478.025982,410.887516,58.44292,0.092413,8.603133,6,0.24,0.96,0.00037,True,26.045068
RDL-n25-02,Full-ALNS,10,10000,0.1,0.4,0.997,100,489.343293,441.041992,36.45335,4.53118,7.31677,3,0.12,0.92,0.018125,True,26.193172
RDL-n25-02,Generic-ALNS,1,10000,0.1,0.4,0.997,100,1118.131588,445.013195,44.221446,622.659093,6.237855,4,0.16,0.56,2.490636,True,27.488044
RDL-n25-02,Generic-ALNS,2,10000,0.1,0.4,0.997,100,743.204449,437.972863,29.561732,270.450033,5.21982,2,0.08,0.8,1.0818,True,29.179531
RDL-n25-02,Generic-ALNS,3,10000,0.1,0.4,0.997,100,1313.783463,434.507115,51.672455,821.682807,5.921087,4,0.16,0.56,3.286731,True,26.803651
RDL-n25-02,Generic-ALNS,4,10000,0.1,0.4,0.997,100,1339.445326,452.512422,14.780866,871.911206,0.240832,1,0.04,0.64,3.487645,True,30.418995
RDL-n25-02,Generic-ALNS,5,10000,0.1,0.4,0.997,100,1072.938849,429.17238,43.783207,593.574996,6.408266,4,0.16,0.68,2.3743,True,30.433882
RDL-n25-02,Generic-ALNS,6,10000,0.1,0.4,0.997,100,1465.908441,418.221461,36.891589,1005.115137,5.680255,3,0.12,0.6,4.020461,True,30.287457
RDL-n25-02,Generic-ALNS,7,10000,0.1,0.4,0.997,100,509.395409,450.44565,36.45335,15.179638,7.31677,3,0.12,0.88,0.060719,True,28.631569
RDL-n25-02,Generic-ALNS,8,10000,0.1,0.4,0.997,100,1120.553225,435.758686,43.344968,633.092801,8.35677,4,0.16,0.68,2.532371,True,27.533135
RDL-n25-02,Generic-ALNS,9,10000,0.1,0.4,0.997,100,642.006483,448.50733,36.45335,149.729033,7.31677,3,0.12,0.68,0.598916,True,29.782184
RDL-n25-02,Generic-ALNS,10,10000,0.1,0.4,0.997,100,1440.878468,427.586729,43.344968,961.90199,8.044781,4,0.16,0.68,3.847608,True,28.924696
RDL-n25-02,No-Adaptive,1,10000,0.1,0.4,0.997,100,490.991966,456.210414,29.561732,0.0,5.21982,2,0.08,1.0,0.0,True,24.923225
RDL-n25-02,No-Adaptive,2,10000,0.1,0.4,0.997,100,478.159873,428.125667,43.344968,0.0,6.689238,4,0.16,1.0,0.0,True,24.074741
RDL-n25-02,No-Adaptive,3,10000,0.1,0.4,0.997,100,475.6757,424.307395,43.783207,0.0,7.585098,4,0.16,1.0,0.0,True,25.01487
RDL-n25-02,No-Adaptive,4,10000,0.1,0.4,0.997,100,475.434163,424.065857,43.783207,0.0,7.585098,4,0.16,1.0,0.0,True,24.203598
RDL-n25-02,No-Adaptive,5,10000,0.1,0.4,0.997,100,490.991966,456.210414,29.561732,0.0,5.21982,2,0.08,1.0,0.0,True,25.653377
RDL-n25-02,No-Adaptive,6,10000,0.1,0.4,0.997,100,477.861507,426.084478,43.783207,0.0,7.993822,4,0.16,1.0,0.0,True,25.740162
RDL-n25-02,No-Adaptive,7,10000,0.1,0.4,0.997,100,472.534523,417.941464,36.45335,10.822939,7.31677,3,0.12,0.88,0.043292,True,24.371153
RDL-n25-02,No-Adaptive,8,10000,0.1,0.4,0.997,100,474.722811,424.660933,36.45335,6.291758,7.31677,3,0.12,0.96,0.025167,True,24.786971
RDL-n25-02,No-Adaptive,9,10000,0.1,0.4,0.997,100,475.434163,424.065857,43.783207,0.0,7.585098,4,0.16,1.0,0.0,True,23.520379
RDL-n25-02,No-Adaptive,10,10000,0.1,0.4,0.997,100,477.861507,426.084478,43.783207,0.0,7.993822,4,0.16,1.0,0.0,True,25.434155
RDL-n25-02,No-Restart,1,10000,0.1,0.4,0.997,100,493.769357,449.999237,36.45335,0.0,7.31677,3,0.12,1.0,0.0,True,29.844784
RDL-n25-02,No-Restart,2,10000,0.1,0.4,0.997,100,494.054821,430.075772,51.113064,4.53118,8.334805,5,0.2,0.92,0.018125,True,29.196598
RDL-n25-02,No-Restart,3,10000,0.1,0.4,0.997,100,499.126193,442.80685,43.783207,4.53118,8.004956,4,0.16,0.92,0.018125,True,25.883157
RDL-n25-02,No-Restart,4,10000,0.1,0.4,0.997,100,490.991966,456.210414,29.561732,0.0,5.21982,2,0.08,1.0,0.0,True,30.472727
RDL-n25-02,No-Restart,5,10000,0.1,0.4,0.997,100,495.02408,444.989874,43.344968,0.0,6.689238,4,0.16,1.0,0.0,True,32.651816
RDL-n25-02,No-Restart,6,10000,0.1,0.4,0.997,100,493.769357,449.999237,36.45335,0.0,7.31677,3,0.12,1.0,0.0,True,28.473519
RDL-n25-02,No-Restart,7,10000,0.1,0.4,0.997,100,478.307189,428.272982,43.344968,0.0,6.689238,4,0.16,1.0,0.0,True,26.615029
RDL-n25-02,No-Restart,8,10000,0.1,0.4,0.997,100,478.307189,428.272982,43.344968,0.0,6.689238,4,0.16,1.0,0.0,True,26.948514
RDL-n25-02,No-Restart,9,10000,0.1,0.4,0.997,100,489.405242,441.103941,36.45335,4.53118,7.31677,3,0.12,0.92,0.018125,True,26.344124
RDL-n25-02,No-Restart,10,10000,0.1,0.4,0.997,100,495.117405,451.254872,36.45335,0.092413,7.31677,3,0.12,0.96,0.00037,True,25.553524
RDL-n25-02,No-Penalty,1,10000,0.1,0.4,0.997,100,478.196263,428.162056,43.344968,0.0,6.689238,4,0.16,1.0,0.0,True,27.285411
RDL-n25-02,No-Penalty,2,10000,0.1,0.4,0.997,100,492.310696,435.991352,43.783207,4.53118,8.004956,4,0.16,0.92,0.018125,True,28.189363
RDL-n25-02,No-Penalty,3,10000,0.1,0.4,0.997,100,492.310696,435.991352,43.783207,4.53118,8.004956,4,0.16,0.92,0.018125,True,27.458128
RDL-n25-02,No-Penalty,4,10000,0.1,0.4,0.997,100,486.958682,436.924475,43.344968,0.0,6.689238,4,0.16,1.0,0.0,True,27.498386
RDL-n25-02,No-Penalty,5,10000,0.1,0.4,0.997,100,491.92593,457.144378,29.561732,0.0,5.21982,2,0.08,1.0,0.0,True,28.441521
RDL-n25-02,No-Penalty,6,10000,0.1,0.4,0.997,100,478.998263,407.421029,58.44292,4.53118,8.603133,6,0.24,0.92,0.018125,True,28.859626
RDL-n25-02,No-Penalty,7,10000,0.1,0.4,0.997,100,477.054258,425.685953,43.783207,0.0,7.585098,4,0.16,1.0,0.0,True,29.148
RDL-n25-02,No-Penalty,8,10000,0.1,0.4,0.997,100,489.102812,440.801511,36.45335,4.53118,7.31677,3,0.12,0.92,0.018125,True,29.702213
RDL-n25-02,No-Penalty,9,10000,0.1,0.4,0.997,100,475.372213,424.003908,43.783207,0.0,7.585098,4,0.16,1.0,0.0,True,28.968042
RDL-n25-02,No-Penalty,10,10000,0.1,0.4,0.997,100,475.581478,424.213173,43.783207,0.0,7.585098,4,0.16,1.0,0.0,True,29.757122
RDL-n25-02,No-DelayAware,1,10000,0.1,0.4,0.997,100,551.915837,445.775261,36.45335,62.370455,7.31677,3,0.12,0.84,0.249482,True,25.778797
RDL-n25-02,No-DelayAware,2,10000,0.1,0.4,0.997,100,969.025262,504.743345,0.0,464.281917,0.0,0,0.0,0.72,1.857128,True,27.946167
RDL-n25-02,No-DelayAware,3,10000,0.1,0.4,0.997,100,956.609493,440.798564,36.891589,473.239086,5.680255,3,0.12,0.64,1.892956,True,25.654397
RDL-n25-02,No-DelayAware,4,10000,0.1,0.4,0.997,100,554.338795,445.885566,36.45335,64.683109,7.31677,3,0.12,0.84,0.258732,True,27.671961
RDL-n25-02,No-DelayAware,5,10000,0.1,0.4,0.997,100,1070.621476,455.941719,14.780866,599.65806,0.240832,1,0.04,0.72,2.398632,True,27.427191
RDL-n25-02,No-DelayAware,6,10000,0.1,0.4,0.997,100,551.959484,445.818908,36.45335,62.370455,7.31677,3,0.12,0.84,0.249482,True,27.679556
RDL-n25-02,No-DelayAware,7,10000,0.1,0.4,0.997,100,578.071131,444.312726,36.45335,89.988285,7.31677,3,0.12,0.8,0.359953,True,26.303898
RDL-n25-02,No-DelayAware,8,10000,0.1,0.4,0.997,100,594.157683,408.103202,51.113064,126.606612,8.334805,5,0.2,0.68,0.506426,True,28.564021
RDL-n25-02,No-DelayAware,9,10000,0.1,0.4,0.997,100,560.462805,454.881185,36.45335,61.8115,7.31677,3,0.12,0.8,0.247246,True,24.912526
RDL-n25-02,No-DelayAware,10,10000,0.1,0.4,0.997,100,600.807311,464.463063,43.783207,84.783836,7.777205,4,0.16,0.8,0.339135,True,26.357223
RDL-n25-02,No-ModeSwitch,1,10000,0.1,0.4,0.997,100,473.23129,417.331804,43.783207,4.53118,7.585098,4,0.16,0.92,0.018125,True,30.668659
RDL-n25-02,No-ModeSwitch,2,10000,0.1,0.4,0.997,100,482.035753,437.856909,36.45335,0.0,7.725494,3,0.12,1.0,0.0,True,30.082287
RDL-n25-02,No-ModeSwitch,3,10000,0.1,0.4,0.997,100,475.434163,424.065857,43.783207,0.0,7.585098,4,0.16,1.0,0.0,True,30.888905
RDL-n25-02,No-ModeSwitch,4,10000,0.1,0.4,0.997,100,489.036215,440.734914,36.45335,4.53118,7.31677,3,0.12,0.92,0.018125,True,30.623688
RDL-n25-02,No-ModeSwitch,5,10000,0.1,0.4,0.997,100,482.57881,438.399966,36.45335,0.0,7.725494,3,0.12,1.0,0.0,True,30.547547
RDL-n25-02,No-ModeSwitch,6,10000,0.1,0.4,0.997,100,478.159873,428.125667,43.344968,0.0,6.689238,4,0.16,1.0,0.0,True,30.542241
RDL-n25-02,No-ModeSwitch,7,10000,0.1,0.4,0.997,100,478.159873,428.125667,43.344968,0.0,6.689238,4,0.16,1.0,0.0,True,30.882033
RDL-n25-02,No-ModeSwitch,8,10000,0.1,0.4,0.997,100,474.687639,424.625761,36.45335,6.291758,7.31677,3,0.12,0.96,0.025167,True,30.162704
RDL-n25-02,No-ModeSwitch,9,10000,0.1,0.4,0.997,100,478.275436,426.573697,43.344968,0.0,8.35677,4,0.16,1.0,0.0,True,30.603721
RDL-n25-02,No-ModeSwitch,10,10000,0.1,0.4,0.997,100,479.060212,407.482978,58.44292,4.53118,8.603133,6,0.24,0.92,0.018125,True,30.491796
RDL-n25-02,No-TWRemoval,1,10000,0.1,0.4,0.997,100,494.054821,430.075772,51.113064,4.53118,8.334805,5,0.2,0.92,0.018125,True,28.152567
RDL-n25-02,No-TWRemoval,2,10000,0.1,0.4,0.997,100,489.036215,440.734914,36.45335,4.53118,7.31677,3,0.12,0.92,0.018125,True,28.03762
RDL-n25-02,No-TWRemoval,3,10000,0.1,0.4,0.997,100,475.643625,424.182906,43.783207,0.092413,7.585098,4,0.16,0.96,0.00037,True,28.262109
RDL-n25-02,No-TWRemoval,4,10000,0.1,0.4,0.997,100,478.159873,428.125667,43.344968,0.0,6.689238,4,0.16,1.0,0.0,True,28.987818
RDL-n25-02,No-TWRemoval,5,10000,0.1,0.4,0.997,100,478.159873,428.125667,43.344968,0.0,6.689238,4,0.16,1.0,0.0,True,28.895983
RDL-n25-02,No-TWRemoval,6,10000,0.1,0.4,0.997,100,478.159873,428.125667,43.344968,0.0,6.689238,4,0.16,1.0,0.0,True,28.499533
RDL-n25-02,No-TWRemoval,7,10000,0.1,0.4,0.997,100,477.456977,425.679948,43.783207,0.0,7.993822,4,0.16,1.0,0.0,True,28.162591
RDL-n25-02,No-TWRemoval,8,10000,0.1,0.4,0.997,100,478.159873,428.125667,43.344968,0.0,6.689238,4,0.16,1.0,0.0,True,27.771705
RDL-n25-02,No-TWRemoval,9,10000,0.1,0.4,0.997,100,478.159873,428.125667,43.344968,0.0,6.689238,4,0.16,1.0,0.0,True,27.771424
RDL-n25-02,No-TWRemoval,10,10000,0.1,0.4,0.997,100,478.159873,428.125667,43.344968,0.0,6.689238,4,0.16,1.0,0.0,True,28.187278
RDL-n25-02,Basic-LNS,1,10000,0.1,0.4,0.997,100,499.238731,448.147574,43.344968,0.0,7.746189,4,0.16,1.0,0.0,True,14.1375
RDL-n25-02,Basic-LNS,2,10000,0.1,0.4,0.997,100,493.524533,449.345689,36.45335,0.0,7.725494,3,0.12,1.0,0.0,True,14.090392
RDL-n25-02,Basic-LNS,3,10000,0.1,0.4,0.997,100,495.02408,444.989874,43.344968,0.0,6.689238,4,0.16,1.0,0.0,True,14.389711
RDL-n25-02,Basic-LNS,4,10000,0.1,0.4,0.997,100,493.769357,449.999237,36.45335,0.0,7.31677,3,0.12,1.0,0.0,True,14.084368
RDL-n25-02,Basic-LNS,5,10000,0.1,0.4,0.997,100,486.699905,436.665698,43.344968,0.0,6.689238,4,0.16,1.0,0.0,True,14.146313
RDL-n25-02,Basic-LNS,6,10000,0.1,0.4,0.997,100,481.7737,431.739493,43.344968,0.0,6.689238,4,0.16,1.0,0.0,True,14.033853
RDL-n25-02,Basic-LNS,7,10000,0.1,0.4,0.997,100,493.769357,449.999237,36.45335,0.0,7.31677,3,0.12,1.0,0.0,True,14.155567
RDL-n25-02,Basic-LNS,8,10000,0.1,0.4,0.997,100,478.159873,428.125667,43.344968,0.0,6.689238,4,0.16,1.0,0.0,True,14.083065
RDL-n25-02,Basic-LNS,9,10000,0.1,0.4,0.997,100,493.461955,449.283111,36.45335,0.0,7.725494,3,0.12,1.0,0.0,True,13.696813
RDL-n25-02,Basic-LNS,10,10000,0.1,0.4,0.997,100,493.461955,449.283111,36.45335,0.0,7.725494,3,0.12,1.0,0.0,True,14.165272
RDL-n25-03,Full-ALNS,1,10000,0.1,0.4,0.997,100,436.379128,416.176536,18.97687,0.0,1.225722,2,0.08,1.0,0.0,True,22.198257
RDL-n25-03,Full-ALNS,2,10000,0.1,0.4,0.997,100,454.208278,416.548068,35.837831,0.0,1.822379,3,0.12,1.0,0.0,True,21.986472
RDL-n25-03,Full-ALNS,3,10000,0.1,0.4,0.997,100,435.566096,415.363504,18.97687,0.0,1.225722,2,0.08,1.0,0.0,True,21.864969
RDL-n25-03,Full-ALNS,4,10000,0.1,0.4,0.997,100,459.448755,434.712268,21.262477,0.0,3.47401,3,0.12,1.0,0.0,True,21.990195
RDL-n25-03,Full-ALNS,5,10000,0.1,0.4,0.997,100,436.531033,416.328441,18.97687,0.0,1.225722,2,0.08,1.0,0.0,True,21.531619
RDL-n25-03,Full-ALNS,6,10000,0.1,0.4,0.997,100,439.86203,430.906924,4.571214,0.0,4.383891,2,0.08,1.0,0.0,True,21.813567
RDL-n25-03,Full-ALNS,7,10000,0.1,0.4,0.997,100,435.566096,415.363504,18.97687,0.0,1.225722,2,0.08,1.0,0.0,True,22.13806
RDL-n25-03,Full-ALNS,8,10000,0.1,0.4,0.997,100,447.230339,405.036234,38.123438,0.0,4.070667,4,0.16,1.0,0.0,True,21.819874
RDL-n25-03,Full-ALNS,9,10000,0.1,0.4,0.997,100,450.272502,432.814884,16.860961,0.0,0.596657,1,0.04,1.0,0.0,True,21.457587
RDL-n25-03,Full-ALNS,10,10000,0.1,0.4,0.997,100,446.554684,442.020789,2.285607,0.0,2.248288,1,0.04,1.0,0.0,True,22.715819
RDL-n25-03,Generic-ALNS,1,10000,0.1,0.4,0.997,100,833.379196,399.494046,0.0,433.88515,0.0,0,0.0,0.84,1.735541,True,22.670635
RDL-n25-03,Generic-ALNS,2,10000,0.1,0.4,0.997,100,791.588824,435.143351,2.285607,351.911577,2.248288,1,0.04,0.76,1.407646,True,23.899014
RDL-n25-03,Generic-ALNS,3,10000,0.1,0.4,0.997,100,1183.837914,392.612361,10.624425,779.532111,1.069018,1,0.04,0.72,3.118128,True,23.978312
RDL-n25-03,Generic-ALNS,4,10000,0.1,0.4,0.997,100,1018.679577,393.046958,10.624425,613.939176,1.069018,1,0.04,0.72,2.455757,True,22.814759
RDL-n25-03,Generic-ALNS,5,10000,0.1,0.4,0.997,100,874.742808,391.471098,19.146568,461.280196,2.844946,2,0.08,0.68,1.845121,True,24.202519
RDL-n25-03,Generic-ALNS,6,10000,0.1,0.4,0.997,100,1202.776035,394.995578,10.624425,796.087015,1.069018,1,0.04,0.68,3.184348,True,24.309151
RDL-n25-03,Generic-ALNS,7,10000,0.1,0.4,0.997,100,714.615991,407.458941,2.285607,302.623154,2.248288,1,0.04,0.8,1.210493,True,23.908169
RDL-n25-03,Generic-ALNS,8,10000,0.1,0.4,0.997,100,1090.230879,384.254057,0.0,705.976822,0.0,0,0.0,0.68,2.823907,True,23.012934
RDL-n25-03,Generic-ALNS,9,10000,0.1,0.4,0.997,100,1090.864246,403.404743,0.0,687.459504,0.0,0,0.0,0.76,2.749838,True,24.225995
RDL-n25-03,Generic-ALNS,10,10000,0.1,0.4,0.997,100,752.601304,401.512622,0.0,351.088683,0.0,0,0.0,0.84,1.404355,True,22.796227
RDL-n25-03,No-Adaptive,1,10000,0.1,0.4,0.997,100,454.218818,429.482331,21.262477,0.0,3.47401,3,0.12,1.0,0.0,True,19.38098
RDL-n25-03,No-Adaptive,2,10000,0.1,0.4,0.997,100,436.451822,436.451822,0.0,0.0,0.0,0,0.0,1.0,0.0,True,19.238812
RDL-n25-03,No-Adaptive,3,10000,0.1,0.4,0.997,100,455.773213,449.41216,2.285607,1.827158,2.248288,1,0.04,0.96,0.007309,True,19.226885
RDL-n25-03,No-Adaptive,4,10000,0.1,0.4,0.997,100,456.802577,456.802577,0.0,0.0,0.0,0,0.0,1.0,0.0,True,19.330985
RDL-n25-03,No-Adaptive,5,10000,0.1,0.4,0.997,100,451.801468,414.141258,35.837831,0.0,1.822379,3,0.12,1.0,0.0,True,19.137264
RDL-n25-03,No-Adaptive,6,10000,0.1,0.4,0.997,100,435.566096,415.363504,18.97687,0.0,1.225722,2,0.08,1.0,0.0,True,19.346311
RDL-n25-03,No-Adaptive,7,10000,0.1,0.4,0.997,100,450.753126,433.295508,16.860961,0.0,0.596657,1,0.04,1.0,0.0,True,19.277019
RDL-n25-03,No-Adaptive,8,10000,0.1,0.4,0.997,100,444.301237,444.301237,0.0,0.0,0.0,0,0.0,1.0,0.0,True,19.086014
RDL-n25-03,No-Adaptive,9,10000,0.1,0.4,0.997,100,452.866709,428.130222,21.262477,0.0,3.47401,3,0.12,1.0,0.0,True,19.202232
RDL-n25-03,No-Adaptive,10,10000,0.1,0.4,0.997,100,460.082774,455.275621,0.0,4.807153,0.0,0,0.0,0.96,0.019229,True,19.50052
RDL-n25-03,No-Restart,1,10000,0.1,0.4,0.997,100,456.869247,432.132759,21.262477,0.0,3.47401,3,0.12,1.0,0.0,True,21.969376
RDL-n25-03,No-Restart,2,10000,0.1,0.4,0.997,100,460.675994,440.473402,18.97687,0.0,1.225722,2,0.08,1.0,0.0,True,21.623903
RDL-n25-03,No-Restart,3,10000,0.1,0.4,0.997,100,458.635813,449.680708,4.571214,0.0,4.383891,2,0.08,0.96,0.029688,True,23.259697
RDL-n25-03,No-Restart,4,10000,0.1,0.4,0.997,100,444.205133,406.544923,35.837831,0.0,1.822379,3,0.12,1.0,0.0,True,20.923019
RDL-n25-03,No-Restart,5,10000,0.1,0.4,0.997,100,435.887811,410.592075,21.262477,0.559249,3.47401,3,0.12,0.96,0.002237,True,20.72593
RDL-n25-03,No-Restart,6,10000,0.1,0.4,0.997,100,450.007507,443.215671,2.285607,2.257941,2.248288,1,0.04,0.96,0.009032,True,22.933161
RDL-n25-03,No-Restart,7,10000,0.1,0.4,0.997,100,458.232034,438.029442,18.97687,0.0,1.225722,2,0.08,0.96,0.007309,True,20.506788
RDL-n25-03,No-Restart,8,10000,0.1,0.4,0.997,100,454.773431,450.239536,2.285607,0.0,2.248288,1,0.04,1.0,0.0,True,21.110247
RDL-n25-03,No-Restart,9,10000,0.1,0.4,0.997,100,450.065812,432.608194,16.860961,0.0,0.596657,1,0.04,1.0,0.0,True,19.804403
RDL-n25-03,No-Restart,10,10000,0.1,0.4,0.997,100,456.055248,441.161596,11.774042,0.0,3.119609,2,0.08,1.0,0.0,True,20.685425
RDL-n25-03,No-Penalty,1,10000,0.1,0.4,0.997,100,439.905975,430.95087,4.571214,0.0,4.383891,2,0.08,1.0,0.0,True,21.901731
RDL-n25-03,No-Penalty,2,10000,0.1,0.4,0.997,100,440.561092,431.605986,4.571214,0.0,4.383891,2,0.08,1.0,0.0,True,22.38661
RDL-n25-03,No-Penalty,3,10000,0.1,0.4,0.997,100,436.531033,416.328441,18.97687,0.0,1.225722,2,0.08,1.0,0.0,True,21.448555
RDL-n25-03,No-Penalty,4,10000,0.1,0.4,0.997,100,453.66547,452.893161,0.0,0.772309,0.0,0,0.0,0.96,0.003089,True,21.793306
RDL-n25-03,No-Penalty,5,10000,0.1,0.4,0.997,100,452.83698,448.303085,2.285607,0.0,2.248288,1,0.04,1.0,0.0,True,22.011097
RDL-n25-03,No-Penalty,6,10000,0.1,0.4,0.997,100,456.646213,439.188595,16.860961,0.0,0.596657,1,0.04,1.0,0.0,True,21.811781
RDL-n25-03,No-Penalty,7,10000,0.1,0.4,0.997,100,443.407626,443.407626,0.0,0.0,0.0,0,0.0,1.0,0.0,True,21.868535
RDL-n25-03,No-Penalty,8,10000,0.1,0.4,0.997,100,445.263785,407.603575,35.837831,0.0,1.822379,3,0.12,1.0,0.0,True,21.439594
RDL-n25-03,No-Penalty,9,10000,0.1,0.4,0.997,100,441.89991,441.89991,0.0,0.0,0.0,0,0.0,1.0,0.0,True,21.878932
RDL-n25-03,No-Penalty,10,10000,0.1,0.4,0.997,100,454.39829,449.864395,2.285607,0.0,2.248288,1,0.04,1.0,0.0,True,21.742643
RDL-n25-03,No-DelayAware,1,10000,0.1,0.4,0.997,100,665.874428,454.279055,0.0,211.595373,0.0,0,0.0,0.88,0.846381,True,21.93639
RDL-n25-03,No-DelayAware,2,10000,0.1,0.4,0.997,100,735.624489,432.263667,0.0,303.360822,0.0,0,0.0,0.96,1.213443,True,21.978336
RDL-n25-03,No-DelayAware,3,10000,0.1,0.4,0.997,100,697.773959,483.120084,2.285607,210.11998,2.248288,1,0.04,0.76,0.84048,True,21.442789
RDL-n25-03,No-DelayAware,4,10000,0.1,0.4,0.997,100,499.209578,440.754773,0.0,58.454805,0.0,0,0.0,0.92,0.233819,True,22.974551
RDL-n25-03,No-DelayAware,5,10000,0.1,0.4,0.997,100,633.999628,451.782773,0.0,182.216855,0.0,0,0.0,0.88,0.728867,True,22.425471
RDL-n25-03,No-DelayAware,6,10000,0.1,0.4,0.997,100,664.10316,381.521656,34.172509,242.204739,6.204256,5,0.2,0.88,0.968819,True,21.003161
RDL-n25-03,No-DelayAware,7,10000,0.1,0.4,0.997,100,714.764962,455.41829,0.0,259.346671,0.0,0,0.0,0.84,1.037387,True,22.917672
RDL-n25-03,No-DelayAware,8,10000,0.1,0.4,0.997,100,577.146322,473.48941,18.97687,83.45432,1.225722,2,0.08,0.92,0.333817,True,20.185073
RDL-n25-03,No-DelayAware,9,10000,0.1,0.4,0.997,100,806.931818,439.283709,18.97687,347.445517,1.225722,2,0.08,0.84,1.389782,True,17.734921
RDL-n25-03,No-DelayAware,10,10000,0.1,0.4,0.997,100,576.617844,446.252089,0.0,130.365755,0.0,0,0.0,0.88,0.521463,True,22.134832
RDL-n25-03,No-ModeSwitch,1,10000,0.1,0.4,0.997,100,453.911215,449.37732,2.285607,0.0,2.248288,1,0.04,1.0,0.0,True,22.672687
RDL-n25-03,No-ModeSwitch,2,10000,0.1,0.4,0.997,100,440.524998,440.524998,0.0,0.0,0.0,0,0.0,1.0,0.0,True,22.850205
RDL-n25-03,No-ModeSwitch,3,10000,0.1,0.4,0.997,100,435.566096,415.363504,18.97687,0.0,1.225722,2,0.08,1.0,0.0,True,22.997577
RDL-n25-03,No-ModeSwitch,4,10000,0.1,0.4,0.997,100,445.039398,407.379188,35.837831,0.0,1.822379,3,0.12,1.0,0.0,True,22.962815
RDL-n25-03,No-ModeSwitch,5,10000,0.1,0.4,0.997,100,457.855102,433.118615,21.262477,0.0,3.47401,3,0.12,1.0,0.0,True,23.040687
RDL-n25-03,No-ModeSwitch,6,10000,0.1,0.4,0.997,100,442.009986,442.009986,0.0,0.0,0.0,0,0.0,1.0,0.0,True,22.987021
RDL-n25-03,No-ModeSwitch,7,10000,0.1,0.4,0.997,100,446.554684,442.020789,2.285607,0.0,2.248288,1,0.04,1.0,0.0,True,23.483876
RDL-n25-03,No-ModeSwitch,8,10000,0.1,0.4,0.997,100,441.119039,441.119039,0.0,0.0,0.0,0,0.0,1.0,0.0,True,22.903801
RDL-n25-03,No-ModeSwitch,9,10000,0.1,0.4,0.997,100,436.292134,431.758239,2.285607,0.0,2.248288,1,0.04,1.0,0.0,True,22.715137
RDL-n25-03,No-ModeSwitch,10,10000,0.1,0.4,0.997,100,440.921753,440.921753,0.0,0.0,0.0,0,0.0,1.0,0.0,True,23.226406
RDL-n25-03,No-TWRemoval,1,10000,0.1,0.4,0.997,100,454.488711,449.954815,2.285607,0.0,2.248288,1,0.04,1.0,0.0,True,21.546016
RDL-n25-03,No-TWRemoval,2,10000,0.1,0.4,0.997,100,436.531033,416.328441,18.97687,0.0,1.225722,2,0.08,1.0,0.0,True,21.331808
RDL-n25-03,No-TWRemoval,3,10000,0.1,0.4,0.997,100,455.899695,451.3658,2.285607,0.0,2.248288,1,0.04,1.0,0.0,True,21.086262
RDL-n25-03,No-TWRemoval,4,10000,0.1,0.4,0.997,100,454.722127,450.188231,2.285607,0.0,2.248288,1,0.04,1.0,0.0,True,21.746478
RDL-n25-03,No-TWRemoval,5,10000,0.1,0.4,0.997,100,441.966184,441.966184,0.0,0.0,0.0,0,0.0,1.0,0.0,True,19.783635
RDL-n25-03,No-TWRemoval,6,10000,0.1,0.4,0.997,100,435.566096,415.363504,18.97687,0.0,1.225722,2,0.08,1.0,0.0,True,19.073308
RDL-n25-03,No-TWRemoval,7,10000,0.1,0.4,0.997,100,457.899047,433.16256,21.262477,0.0,3.47401,3,0.12,1.0,0.0,True,19.881953
RDL-n25-03,No-TWRemoval,8,10000,0.1,0.4,0.997,100,458.150754,458.150754,0.0,0.0,0.0,0,0.0,1.0,0.0,True,20.364178
RDL-n25-03,No-TWRemoval,9,10000,0.1,0.4,0.997,100,441.89991,441.89991,0.0,0.0,0.0,0,0.0,1.0,0.0,True,20.440108
RDL-n25-03,No-TWRemoval,10,10000,0.1,0.4,0.997,100,453.709588,424.558527,27.485386,0.0,1.665676,2,0.08,0.96,0.001384,True,18.895337
RDL-n25-03,Basic-LNS,1,10000,0.1,0.4,0.997,100,460.449005,442.991386,16.860961,0.0,0.596657,1,0.04,1.0,0.0,True,10.463543
RDL-n25-03,Basic-LNS,2,10000,0.1,0.4,0.997,100,462.305429,442.102837,18.97687,0.0,1.225722,2,0.08,1.0,0.0,True,10.491445
RDL-n25-03,Basic-LNS,3,10000,0.1,0.4,0.997,100,457.855102,433.118615,21.262477,0.0,3.47401,3,0.12,1.0,0.0,True,10.541863
RDL-n25-03,Basic-LNS,4,10000,0.1,0.4,0.997,100,466.763838,466.763838,0.0,0.0,0.0,0,0.0,1.0,0.0,True,10.479484
RDL-n25-03,Basic-LNS,5,10000,0.1,0.4,0.997,100,452.234797,450.196437,0.0,2.03836,0.0,0,0.0,0.96,0.008153,True,10.872023
RDL-n25-03,Basic-LNS,6,10000,0.1,0.4,0.997,100,466.031769,444.018464,18.97687,1.810714,1.225722,2,0.08,0.96,0.007243,True,10.238607
RDL-n25-03,Basic-LNS,7,10000,0.1,0.4,0.997,100,464.862908,460.329013,2.285607,0.0,2.248288,1,0.04,1.0,0.0,True,11.427719
RDL-n25-03,Basic-LNS,8,10000,0.1,0.4,0.997,100,456.802577,456.802577,0.0,0.0,0.0,0,0.0,1.0,0.0,True,10.677982
RDL-n25-03,Basic-LNS,9,10000,0.1,0.4,0.997,100,463.295378,463.295378,0.0,0.0,0.0,0,0.0,1.0,0.0,True,10.283682
RDL-n25-03,Basic-LNS,10,10000,0.1,0.4,0.997,100,458.285619,458.285619,0.0,0.0,0.0,0,0.0,1.0,0.0,True,10.462577
RDL-n25-04,Full-ALNS,1,10000,0.1,0.4,0.997,100,531.57073,531.57073,0.0,0.0,0.0,0,0.0,1.0,0.0,True,20.157812
RDL-n25-04,Full-ALNS,2,10000,0.1,0.4,0.997,100,530.597242,472.494602,55.56013,0.0,2.54251,3,0.12,1.0,0.0,True,21.096382
RDL-n25-04,Full-ALNS,3,10000,0.1,0.4,0.997,100,531.516348,531.516348,0.0,0.0,0.0,0,0.0,1.0,0.0,True,20.31653
RDL-n25-04,Full-ALNS,4,10000,0.1,0.4,0.997,100,529.509372,471.406732,55.56013,0.0,2.54251,3,0.12,1.0,0.0,True,20.37993
RDL-n25-04,Full-ALNS,5,10000,0.1,0.4,0.997,100,532.464168,532.464168,0.0,0.0,0.0,0,0.0,1.0,0.0,True,21.657806
RDL-n25-04,Full-ALNS,6,10000,0.1,0.4,0.997,100,532.327104,532.327104,0.0,0.0,0.0,0,0.0,1.0,0.0,True,20.64176
RDL-n25-04,Full-ALNS,7,10000,0.1,0.4,0.997,100,531.57073,531.57073,0.0,0.0,0.0,0,0.0,1.0,0.0,True,23.353794
RDL-n25-04,Full-ALNS,8,10000,0.1,0.4,0.997,100,531.337477,522.696518,6.400781,0.0,2.240179,1,0.04,1.0,0.0,True,21.222727
RDL-n25-04,Full-ALNS,9,10000,0.1,0.4,0.997,100,530.906116,472.803476,55.56013,0.0,2.54251,3,0.12,1.0,0.0,True,21.967537
RDL-n25-04,Full-ALNS,10,10000,0.1,0.4,0.997,100,528.920307,528.920307,0.0,0.0,0.0,0,0.0,1.0,0.0,True,22.337511
RDL-n25-04,Generic-ALNS,1,10000,0.1,0.4,0.997,100,798.211599,562.86438,0.0,235.34722,0.0,0,0.0,0.76,0.941389,True,23.740196
RDL-n25-04,Generic-ALNS,2,10000,0.1,0.4,0.997,100,1755.984927,534.449328,0.0,1221.535599,0.0,0,0.0,0.64,4.979107,True,22.775712
RDL-n25-04,Generic-ALNS,3,10000,0.1,0.4,0.997,100,2063.050786,511.367176,0.0,1551.68361,0.0,0,0.0,0.56,6.206734,True,23.242265
RDL-n25-04,Generic-ALNS,4,10000,0.1,0.4,0.997,100,2088.262783,508.860955,0.0,1579.401829,0.0,0,0.0,0.48,6.317607,True,22.553461
RDL-n25-04,Generic-ALNS,5,10000,0.1,0.4,0.997,100,1122.928054,536.76006,0.0,586.167993,0.0,0,0.0,0.72,2.344672,True,24.563155
RDL-n25-04,Generic-ALNS,6,10000,0.1,0.4,0.997,100,1004.424558,550.471419,0.0,453.953139,0.0,0,0.0,0.76,1.815813,True,22.863154
RDL-n25-04,Generic-ALNS,7,10000,0.1,0.4,0.997,100,1849.265215,502.479458,15.522745,1329.713173,1.549839,1,0.04,0.72,5.318853,True,21.27525
RDL-n25-04,Generic-ALNS,8,10000,0.1,0.4,0.997,100,2147.838016,542.525379,0.0,1605.312637,0.0,0,0.0,0.56,6.421251,True,25.548104
RDL-n25-04,Generic-ALNS,9,10000,0.1,0.4,0.997,100,1178.302164,547.263014,0.0,631.03915,0.0,0,0.0,0.72,2.524157,True,23.007454
RDL-n25-04,Generic-ALNS,10,10000,0.1,0.4,0.997,100,1144.724844,526.621531,15.522745,601.03073,1.549839,1,0.04,0.8,2.404123,True,22.160801
RDL-n25-04,No-Adaptive,1,10000,0.1,0.4,0.997,100,528.163933,528.163933,0.0,0.0,0.0,0,0.0,1.0,0.0,True,19.66659
RDL-n25-04,No-Adaptive,2,10000,0.1,0.4,0.997,100,529.509372,471.406732,55.56013,0.0,2.54251,3,0.12,1.0,0.0,True,18.736588
RDL-n25-04,No-Adaptive,3,10000,0.1,0.4,0.997,100,528.163933,528.163933,0.0,0.0,0.0,0,0.0,1.0,0.0,True,17.790609
RDL-n25-04,No-Adaptive,4,10000,0.1,0.4,0.997,100,530.327069,472.224429,55.56013,0.0,2.54251,3,0.12,1.0,0.0,True,17.755868
RDL-n25-04,No-Adaptive,5,10000,0.1,0.4,0.997,100,531.57073,531.57073,0.0,0.0,0.0,0,0.0,1.0,0.0,True,17.677738
RDL-n25-04,No-Adaptive,6,10000,0.1,0.4,0.997,100,528.163933,528.163933,0.0,0.0,0.0,0,0.0,1.0,0.0,True,17.963594
RDL-n25-04,No-Adaptive,7,10000,0.1,0.4,0.997,100,529.706649,529.706649,0.0,0.0,0.0,0,0.0,1.0,0.0,True,17.589198
RDL-n25-04,No-Adaptive,8,10000,0.1,0.4,0.997,100,528.163933,528.163933,0.0,0.0,0.0,0,0.0,1.0,0.0,True,17.767497
RDL-n25-04,No-Adaptive,9,10000,0.1,0.4,0.997,100,528.155835,528.155835,0.0,0.0,0.0,0,0.0,1.0,0.0,True,17.688367
RDL-n25-04,No-Adaptive,10,10000,0.1,0.4,0.997,100,529.698551,529.698551,0.0,0.0,0.0,0,0.0,1.0,0.0,True,17.432128
RDL-n25-04,No-Restart,1,10000,0.1,0.4,0.997,100,529.509372,471.406732,55.56013,0.0,2.54251,3,0.12,1.0,0.0,True,20.240533
RDL-n25-04,No-Restart,2,10000,0.1,0.4,0.997,100,538.888435,531.721103,6.400781,0.0,0.766551,1,0.04,1.0,0.0,True,18.521288
RDL-n25-04,No-Restart,3,10000,0.1,0.4,0.997,100,531.345575,522.704616,6.400781,0.0,2.240179,1,0.04,1.0,0.0,True,20.655678
RDL-n25-04,No-Restart,4,10000,0.1,0.4,0.997,100,545.938608,480.668636,61.960911,0.0,3.309061,4,0.16,1.0,0.0,True,20.343311
RDL-n25-04,No-Restart,5,10000,0.1,0.4,0.997,100,536.815276,478.712636,55.56013,0.0,2.54251,3,0.12,1.0,0.0,True,18.82406
RDL-n25-04,No-Restart,6,10000,0.1,0.4,0.997,100,538.453585,480.350945,55.56013,0.0,2.54251,3,0.12,1.0,0.0,True,19.493765
RDL-n25-04,No-Restart,7,10000,0.1,0.4,0.997,100,540.963085,482.860445,55.56013,0.0,2.54251,3,0.12,1.0,0.0,True,18.507159
RDL-n25-04,No-Restart,8,10000,0.1,0.4,0.997,100,534.759374,469.094919,61.960911,0.0,3.703544,4,0.16,1.0,0.0,True,20.809987
RDL-n25-04,No-Restart,9,10000,0.1,0.4,0.997,100,532.448832,474.346192,55.56013,0.0,2.54251,3,0.12,1.0,0.0,True,18.728708
RDL-n25-04,No-Restart,10,10000,0.1,0.4,0.997,100,531.337477,522.696518,6.400781,0.0,2.240179,1,0.04,1.0,0.0,True,19.157886
RDL-n25-04,No-Penalty,1,10000,0.1,0.4,0.997,100,528.155835,528.155835,0.0,0.0,0.0,0,0.0,1.0,0.0,True,19.65975
RDL-n25-04,No-Penalty,2,10000,0.1,0.4,0.997,100,531.754292,473.651652,55.56013,0.0,2.54251,3,0.12,1.0,0.0,True,20.809976
RDL-n25-04,No-Penalty,3,10000,0.1,0.4,0.997,100,530.327069,472.224429,55.56013,0.0,2.54251,3,0.12,1.0,0.0,True,20.619542
RDL-n25-04,No-Penalty,4,10000,0.1,0.4,0.997,100,531.57073,531.57073,0.0,0.0,0.0,0,0.0,1.0,0.0,True,21.116142
RDL-n25-04,No-Penalty,5,10000,0.1,0.4,0.997,100,529.242839,529.242839,0.0,0.0,0.0,0,0.0,1.0,0.0,True,19.855942
RDL-n25-04,No-Penalty,6,10000,0.1,0.4,0.997,100,531.57073,531.57073,0.0,0.0,0.0,0,0.0,1.0,0.0,True,20.215746
RDL-n25-04,No-Penalty,7,10000,0.1,0.4,0.997,100,530.906116,472.803476,55.56013,0.0,2.54251,3,0.12,1.0,0.0,True,20.031828
RDL-n25-04,No-Penalty,8,10000,0.1,0.4,0.997,100,531.57073,531.57073,0.0,0.0,0.0,0,0.0,1.0,0.0,True,19.539284
RDL-n25-04,No-Penalty,9,10000,0.1,0.4,0.997,100,528.920307,528.920307,0.0,0.0,0.0,0,0.0,1.0,0.0,True,20.327401
RDL-n25-04,No-Penalty,10,10000,0.1,0.4,0.997,100,531.337477,522.696518,6.400781,0.0,2.240179,1,0.04,1.0,0.0,True,19.774781
RDL-n25-04,No-DelayAware,1,10000,0.1,0.4,0.997,100,1049.778928,527.442965,15.522745,505.26338,1.549839,1,0.04,0.8,2.021054,True,21.327479
RDL-n25-04,No-DelayAware,2,10000,0.1,0.4,0.997,100,789.083158,518.847883,0.0,270.235276,0.0,0,0.0,0.88,1.080941,True,19.884631
RDL-n25-04,No-DelayAware,3,10000,0.1,0.4,0.997,100,1003.645322,548.287091,0.0,455.358232,0.0,0,0.0,0.8,1.821433,True,20.855203
RDL-n25-04,No-DelayAware,4,10000,0.1,0.4,0.997,100,820.728353,548.089866,0.0,272.638487,0.0,0,0.0,0.8,1.090554,True,19.677156
RDL-n25-04,No-DelayAware,5,10000,0.1,0.4,0.997,100,849.936122,627.432003,0.0,222.504118,0.0,0,0.0,0.8,0.890016,True,21.483299
RDL-n25-04,No-DelayAware,6,10000,0.1,0.4,0.997,100,763.686454,571.356803,18.520043,173.349174,0.460435,1,0.04,0.88,0.693397,True,22.564669
RDL-n25-04,No-DelayAware,7,10000,0.1,0.4,0.997,100,752.775704,543.159549,0.0,209.616155,0.0,0,0.0,0.88,0.838465,True,21.92281
RDL-n25-04,No-DelayAware,8,10000,0.1,0.4,0.997,100,831.617061,535.087787,18.520043,277.548797,0.460435,1,0.04,0.84,1.110195,True,20.560607
RDL-n25-04,No-DelayAware,9,10000,0.1,0.4,0.997,100,788.585412,532.039394,0.0,256.546018,0.0,0,0.0,0.88,1.026184,True,20.758285
RDL-n25-04,No-DelayAware,10,10000,0.1,0.4,0.997,100,778.707043,543.99484,18.520043,215.731725,0.460435,1,0.04,0.84,0.862927,True,21.663395
RDL-n25-04,No-ModeSwitch,1,10000,0.1,0.4,0.997,100,528.920307,528.920307,0.0,0.0,0.0,0,0.0,1.0,0.0,True,24.56815
RDL-n25-04,No-ModeSwitch,2,10000,0.1,0.4,0.997,100,530.327069,472.224429,55.56013,0.0,2.54251,3,0.12,1.0,0.0,True,22.736235
RDL-n25-04,No-ModeSwitch,3,10000,0.1,0.4,0.997,100,529.706649,529.706649,0.0,0.0,0.0,0,0.0,1.0,0.0,True,21.495901
RDL-n25-04,No-ModeSwitch,4,10000,0.1,0.4,0.997,100,529.698551,529.698551,0.0,0.0,0.0,0,0.0,1.0,0.0,True,23.023206
RDL-n25-04,No-ModeSwitch,5,10000,0.1,0.4,0.997,100,530.327069,472.224429,55.56013,0.0,2.54251,3,0.12,1.0,0.0,True,23.923826
RDL-n25-04,No-ModeSwitch,6,10000,0.1,0.4,0.997,100,531.516348,531.516348,0.0,0.0,0.0,0,0.0,1.0,0.0,True,23.852866
RDL-n25-04,No-ModeSwitch,7,10000,0.1,0.4,0.997,100,531.345575,522.704616,6.400781,0.0,2.240179,1,0.04,1.0,0.0,True,22.114951
RDL-n25-04,No-ModeSwitch,8,10000,0.1,0.4,0.997,100,529.706649,529.706649,0.0,0.0,0.0,0,0.0,1.0,0.0,True,21.558788
RDL-n25-04,No-ModeSwitch,9,10000,0.1,0.4,0.997,100,532.464168,532.464168,0.0,0.0,0.0,0,0.0,1.0,0.0,True,21.37414
RDL-n25-04,No-ModeSwitch,10,10000,0.1,0.4,0.997,100,530.327069,472.224429,55.56013,0.0,2.54251,3,0.12,1.0,0.0,True,23.531068
RDL-n25-04,No-TWRemoval,1,10000,0.1,0.4,0.997,100,531.57073,531.57073,0.0,0.0,0.0,0,0.0,1.0,0.0,True,23.044865
RDL-n25-04,No-TWRemoval,2,10000,0.1,0.4,0.997,100,532.525691,532.525691,0.0,0.0,0.0,0,0.0,1.0,0.0,True,23.747116
RDL-n25-04,No-TWRemoval,3,10000,0.1,0.4,0.997,100,538.526159,480.423519,55.56013,0.0,2.54251,3,0.12,1.0,0.0,True,22.174195
RDL-n25-04,No-TWRemoval,4,10000,0.1,0.4,0.997,100,531.57073,531.57073,0.0,0.0,0.0,0,0.0,1.0,0.0,True,22.391479
RDL-n25-04,No-TWRemoval,5,10000,0.1,0.4,0.997,100,528.155835,528.155835,0.0,0.0,0.0,0,0.0,1.0,0.0,True,22.493342
RDL-n25-04,No-TWRemoval,6,10000,0.1,0.4,0.997,100,530.211575,472.108935,55.56013,0.0,2.54251,3,0.12,0.96,0.006669,True,22.150033
RDL-n25-04,No-TWRemoval,7,10000,0.1,0.4,0.997,100,529.779545,471.676905,55.56013,0.0,2.54251,3,0.12,1.0,0.0,True,21.869227
RDL-n25-04,No-TWRemoval,8,10000,0.1,0.4,0.997,100,528.163933,528.163933,0.0,0.0,0.0,0,0.0,1.0,0.0,True,21.658004
RDL-n25-04,No-TWRemoval,9,10000,0.1,0.4,0.997,100,528.155835,528.155835,0.0,0.0,0.0,0,0.0,1.0,0.0,True,20.478201
RDL-n25-04,No-TWRemoval,10,10000,0.1,0.4,0.997,100,529.779545,471.676905,55.56013,0.0,2.54251,3,0.12,1.0,0.0,True,22.619463
RDL-n25-04,Basic-LNS,1,10000,0.1,0.4,0.997,100,532.59565,532.59565,0.0,0.0,0.0,0,0.0,1.0,0.0,True,11.295506
RDL-n25-04,Basic-LNS,2,10000,0.1,0.4,0.997,100,528.163933,528.163933,0.0,0.0,0.0,0,0.0,1.0,0.0,True,10.950206
RDL-n25-04,Basic-LNS,3,10000,0.1,0.4,0.997,100,544.296573,531.600033,0.0,12.69654,0.0,0,0.0,0.96,0.050786,True,11.001574
RDL-n25-04,Basic-LNS,4,10000,0.1,0.4,0.997,100,528.920307,528.920307,0.0,0.0,0.0,0,0.0,1.0,0.0,True,10.885194
RDL-n25-04,Basic-LNS,5,10000,0.1,0.4,0.997,100,551.906588,551.906588,0.0,0.0,0.0,0,0.0,1.0,0.0,True,10.847486
RDL-n25-04,Basic-LNS,6,10000,0.1,0.4,0.997,100,539.072995,531.905663,6.400781,0.0,0.766551,1,0.04,1.0,0.0,True,11.039582
RDL-n25-04,Basic-LNS,7,10000,0.1,0.4,0.997,100,536.071567,536.071567,0.0,0.0,0.0,0,0.0,1.0,0.0,True,11.011407
RDL-n25-04,Basic-LNS,8,10000,0.1,0.4,0.997,100,532.10195,523.46099,6.400781,0.0,2.240179,1,0.04,1.0,0.0,True,10.801171
RDL-n25-04,Basic-LNS,9,10000,0.1,0.4,0.997,100,531.57073,531.57073,0.0,0.0,0.0,0,0.0,1.0,0.0,True,11.034617
RDL-n25-04,Basic-LNS,10,10000,0.1,0.4,0.997,100,550.837286,543.669954,6.400781,0.0,0.766551,1,0.04,1.0,0.0,True,14.143943
RDL-n25-05,Full-ALNS,1,10000,0.1,0.4,0.997,100,712.051993,637.986765,68.946519,0.0,5.118709,5,0.2,1.0,0.0,True,22.803752
RDL-n25-05,Full-ALNS,2,10000,0.1,0.4,0.997,100,712.051993,637.986765,68.946519,0.0,5.118709,5,0.2,1.0,0.0,True,21.849148
RDL-n25-05,Full-ALNS,3,10000,0.1,0.4,0.997,100,712.051993,637.986765,68.946519,0.0,5.118709,5,0.2,1.0,0.0,True,21.379923
RDL-n25-05,Full-ALNS,4,10000,0.1,0.4,0.997,100,712.051993,637.986765,68.946519,0.0,5.118709,5,0.2,1.0,0.0,True,21.508693
RDL-n25-05,Full-ALNS,5,10000,0.1,0.4,0.997,100,712.051993,637.986765,68.946519,0.0,5.118709,5,0.2,1.0,0.0,True,21.948317
RDL-n25-05,Full-ALNS,6,10000,0.1,0.4,0.997,100,712.051993,637.986765,68.946519,0.0,5.118709,5,0.2,1.0,0.0,True,22.019984
RDL-n25-05,Full-ALNS,7,10000,0.1,0.4,0.997,100,712.051993,637.986765,68.946519,0.0,5.118709,5,0.2,1.0,0.0,True,20.98054
RDL-n25-05,Full-ALNS,8,10000,0.1,0.4,0.997,100,712.051993,637.986765,68.946519,0.0,5.118709,5,0.2,1.0,0.0,True,20.688014
RDL-n25-05,Full-ALNS,9,10000,0.1,0.4,0.997,100,712.051993,637.986765,68.946519,0.0,5.118709,5,0.2,1.0,0.0,True,21.464661
RDL-n25-05,Full-ALNS,10,10000,0.1,0.4,0.997,100,712.051993,637.986765,68.946519,0.0,5.118709,5,0.2,1.0,0.0,True,20.576228
RDL-n25-05,Generic-ALNS,1,10000,0.1,0.4,0.997,100,2086.621999,607.403782,83.091624,1389.430037,6.696556,6,0.24,0.72,5.55772,True,22.841691
RDL-n25-05,Generic-ALNS,2,10000,0.1,0.4,0.997,100,1995.169617,663.402161,40.656309,1288.691961,2.419187,3,0.12,0.56,5.154768,True,22.186029
RDL-n25-05,Generic-ALNS,3,10000,0.1,0.4,0.997,100,2265.911366,665.437686,40.656309,1557.398185,2.419187,3,0.12,0.44,6.229593,True,22.831453
RDL-n25-05,Generic-ALNS,4,10000,0.1,0.4,0.997,100,2216.850106,605.624381,83.091624,1521.437546,6.696556,6,0.24,0.6,6.08575,True,22.090729
RDL-n25-05,Generic-ALNS,5,10000,0.1,0.4,0.997,100,2656.671141,608.980333,54.801414,1988.996573,3.892822,4,0.16,0.6,7.955986,True,23.221222
RDL-n25-05,Generic-ALNS,6,10000,0.1,0.4,0.997,100,2078.842912,662.668459,40.656309,1373.098958,2.419187,3,0.12,0.52,5.492396,True,23.238297
RDL-n25-05,Generic-ALNS,7,10000,0.1,0.4,0.997,100,1512.25276,657.312208,54.801414,796.246317,3.892822,4,0.16,0.8,3.184985,True,21.399117
RDL-n25-05,Generic-ALNS,8,10000,0.1,0.4,0.997,100,2020.30636,611.47452,40.656309,1365.756345,2.419187,3,0.12,0.64,5.463025,True,20.789375
RDL-n25-05,Generic-ALNS,9,10000,0.1,0.4,0.997,100,2075.948959,663.058103,40.656309,1369.81536,2.419187,3,0.12,0.56,5.479261,True,22.482822
RDL-n25-05,Generic-ALNS,10,10000,0.1,0.4,0.997,100,3362.504243,597.689705,67.908797,2692.820101,4.08564,5,0.2,0.6,10.77128,True,24.179472
RDL-n25-05,No-Adaptive,1,10000,0.1,0.4,0.997,100,712.051993,637.986765,68.946519,0.0,5.118709,5,0.2,1.0,0.0,True,18.121741
RDL-n25-05,No-Adaptive,2,10000,0.1,0.4,0.997,100,716.344712,657.650476,54.801414,0.0,3.892822,4,0.16,1.0,0.0,True,17.560446
RDL-n25-05,No-Adaptive,3,10000,0.1,0.4,0.997,100,712.051993,637.986765,68.946519,0.0,5.118709,5,0.2,1.0,0.0,True,18.15798
RDL-n25-05,No-Adaptive,4,10000,0.1,0.4,0.997,100,712.051993,637.986765,68.946519,0.0,5.118709,5,0.2,1.0,0.0,True,17.91773
RDL-n25-05,No-Adaptive,5,10000,0.1,0.4,0.997,100,712.051993,637.986765,68.946519,0.0,5.118709,5,0.2,1.0,0.0,True,18.170589
RDL-n25-05,No-Adaptive,6,10000,0.1,0.4,0.997,100,712.051993,637.986765,68.946519,0.0,5.118709,5,0.2,1.0,0.0,True,18.244244
RDL-n25-05,No-Adaptive,7,10000,0.1,0.4,0.997,100,712.051993,637.986765,68.946519,0.0,5.118709,5,0.2,1.0,0.0,True,18.234065
RDL-n25-05,No-Adaptive,8,10000,0.1,0.4,0.997,100,712.051993,637.986765,68.946519,0.0,5.118709,5,0.2,1.0,0.0,True,17.879695
RDL-n25-05,No-Adaptive,9,10000,0.1,0.4,0.997,100,712.051993,637.986765,68.946519,0.0,5.118709,5,0.2,1.0,0.0,True,18.075937
RDL-n25-05,No-Adaptive,10,10000,0.1,0.4,0.997,100,712.051993,637.986765,68.946519,0.0,5.118709,5,0.2,1.0,0.0,True,17.717887
RDL-n25-05,No-Restart,1,10000,0.1,0.4,0.997,100,712.051993,637.986765,68.946519,0.0,5.118709,5,0.2,1.0,0.0,True,20.741378
RDL-n25-05,No-Restart,2,10000,0.1,0.4,0.997,100,766.639189,662.462753,96.199007,0.986679,6.990751,7,0.28,0.96,0.003947,True,20.683369
RDL-n25-05,No-Restart,3,10000,0.1,0.4,0.997,100,736.767151,660.094565,67.908797,4.67815,4.08564,5,0.2,0.92,0.018713,True,20.447294
RDL-n25-05,No-Restart,4,10000,0.1,0.4,0.997,100,741.201172,679.646799,54.801414,2.860138,3.892822,4,0.16,0.96,0.011441,True,18.776185
RDL-n25-05,No-Restart,5,10000,0.1,0.4,0.997,100,712.051993,637.986765,68.946519,0.0,5.118709,5,0.2,1.0,0.0,True,20.402189
RDL-n25-05,No-Restart,6,10000,0.1,0.4,0.997,100,712.051993,637.986765,68.946519,0.0,5.118709,5,0.2,1.0,0.0,True,20.535366
RDL-n25-05,No-Restart,7,10000,0.1,0.4,0.997,100,714.34417,655.649934,54.801414,0.0,3.892822,4,0.16,1.0,0.0,True,19.969963
RDL-n25-05,No-Restart,8,10000,0.1,0.4,0.997,100,712.051993,637.986765,68.946519,0.0,5.118709,5,0.2,1.0,0.0,True,21.01811
RDL-n25-05,No-Restart,9,10000,0.1,0.4,0.997,100,716.344712,657.650476,54.801414,0.0,3.892822,4,0.16,1.0,0.0,True,20.14358
RDL-n25-05,No-Restart,10,10000,0.1,0.4,0.997,100,712.051993,637.986765,68.946519,0.0,5.118709,5,0.2,1.0,0.0,True,20.893742
RDL-n25-05,No-Penalty,1,10000,0.1,0.4,0.997,100,712.051993,637.986765,68.946519,0.0,5.118709,5,0.2,1.0,0.0,True,20.709502
RDL-n25-05,No-Penalty,2,10000,0.1,0.4,0.997,100,712.051993,637.986765,68.946519,0.0,5.118709,5,0.2,1.0,0.0,True,21.079967
RDL-n25-05,No-Penalty,3,10000,0.1,0.4,0.997,100,712.051993,637.986765,68.946519,0.0,5.118709,5,0.2,1.0,0.0,True,20.86722
RDL-n25-05,No-Penalty,4,10000,0.1,0.4,0.997,100,712.051993,637.986765,68.946519,0.0,5.118709,5,0.2,1.0,0.0,True,21.001225
RDL-n25-05,No-Penalty,5,10000,0.1,0.4,0.997,100,712.051993,637.986765,68.946519,0.0,5.118709,5,0.2,1.0,0.0,True,20.910054
RDL-n25-05,No-Penalty,6,10000,0.1,0.4,0.997,100,712.051993,637.986765,68.946519,0.0,5.118709,5,0.2,1.0,0.0,True,20.435555
RDL-n25-05,No-Penalty,7,10000,0.1,0.4,0.997,100,712.051993,637.986765,68.946519,0.0,5.118709,5,0.2,1.0,0.0,True,20.891754
RDL-n25-05,No-Penalty,8,10000,0.1,0.4,0.997,100,712.051993,637.986765,68.946519,0.0,5.118709,5,0.2,1.0,0.0,True,20.765234
RDL-n25-05,No-Penalty,9,10000,0.1,0.4,0.997,100,712.051993,637.986765,68.946519,0.0,5.118709,5,0.2,1.0,0.0,True,20.929053
RDL-n25-05,No-Penalty,10,10000,0.1,0.4,0.997,100,712.051993,637.986765,68.946519,0.0,5.118709,5,0.2,1.0,0.0,True,20.569599
RDL-n25-05,No-DelayAware,1,10000,0.1,0.4,0.997,100,1657.436186,636.898765,40.656309,977.461927,2.419187,3,0.12,0.64,3.909848,True,17.697706
RDL-n25-05,No-DelayAware,2,10000,0.1,0.4,0.997,100,1456.243189,728.098918,13.40382,713.410789,1.329662,1,0.04,0.68,2.853643,True,16.725531
RDL-n25-05,No-DelayAware,3,10000,0.1,0.4,0.997,100,1605.649937,686.746416,0.0,918.903522,0.0,0,0.0,0.6,3.675614,True,17.980189
RDL-n25-05,No-DelayAware,4,10000,0.1,0.4,0.997,100,928.043661,649.548847,54.801414,219.800578,3.892822,4,0.16,0.88,0.879202,True,16.920018
RDL-n25-05,No-DelayAware,5,10000,0.1,0.4,0.997,100,1532.013496,665.076323,40.656309,823.861678,2.419187,3,0.12,0.64,3.295447,True,17.023732
RDL-n25-05,No-DelayAware,6,10000,0.1,0.4,0.997,100,1338.865981,680.212326,14.145105,643.034915,1.473635,1,0.04,0.64,2.57214,True,17.81102
RDL-n25-05,No-DelayAware,7,10000,0.1,0.4,0.997,100,1614.853629,709.87083,40.656309,861.907303,2.419187,3,0.12,0.64,3.902617,True,17.717481
RDL-n25-05,No-DelayAware,8,10000,0.1,0.4,0.997,100,1423.716042,734.339505,0.0,689.376537,0.0,0,0.0,0.72,2.757506,True,19.037621
RDL-n25-05,No-DelayAware,9,10000,0.1,0.4,0.997,100,839.035529,646.162721,54.801414,134.178573,3.892822,4,0.16,0.88,0.536714,True,17.825013
RDL-n25-05,No-DelayAware,10,10000,0.1,0.4,0.997,100,1574.653078,665.710113,40.656309,865.86747,2.419187,3,0.12,0.6,3.46347,True,17.186572
RDL-n25-05,No-ModeSwitch,1,10000,0.1,0.4,0.997,100,712.051993,637.986765,68.946519,0.0,5.118709,5,0.2,1.0,0.0,True,20.955941
RDL-n25-05,No-ModeSwitch,2,10000,0.1,0.4,0.997,100,712.051993,637.986765,68.946519,0.0,5.118709,5,0.2,1.0,0.0,True,20.643672
RDL-n25-05,No-ModeSwitch,3,10000,0.1,0.4,0.997,100,712.051993,637.986765,68.946519,0.0,5.118709,5,0.2,1.0,0.0,True,21.097888
RDL-n25-05,No-ModeSwitch,4,10000,0.1,0.4,0.997,100,712.051993,637.986765,68.946519,0.0,5.118709,5,0.2,1.0,0.0,True,21.588359
RDL-n25-05,No-ModeSwitch,5,10000,0.1,0.4,0.997,100,712.051993,637.986765,68.946519,0.0,5.118709,5,0.2,1.0,0.0,True,22.287857
RDL-n25-05,No-ModeSwitch,6,10000,0.1,0.4,0.997,100,712.051993,637.986765,68.946519,0.0,5.118709,5,0.2,1.0,0.0,True,21.681544
RDL-n25-05,No-ModeSwitch,7,10000,0.1,0.4,0.997,100,712.051993,637.986765,68.946519,0.0,5.118709,5,0.2,1.0,0.0,True,22.865323
RDL-n25-05,No-ModeSwitch,8,10000,0.1,0.4,0.997,100,712.051993,637.986765,68.946519,0.0,5.118709,5,0.2,1.0,0.0,True,21.206314
RDL-n25-05,No-ModeSwitch,9,10000,0.1,0.4,0.997,100,712.051993,637.986765,68.946519,0.0,5.118709,5,0.2,1.0,0.0,True,21.578047
RDL-n25-05,No-ModeSwitch,10,10000,0.1,0.4,0.997,100,712.051993,637.986765,68.946519,0.0,5.118709,5,0.2,1.0,0.0,True,21.310901
RDL-n25-05,No-TWRemoval,1,10000,0.1,0.4,0.997,100,712.051993,637.986765,68.946519,0.0,5.118709,5,0.2,1.0,0.0,True,19.733868
RDL-n25-05,No-TWRemoval,2,10000,0.1,0.4,0.997,100,712.051993,637.986765,68.946519,0.0,5.118709,5,0.2,1.0,0.0,True,20.428975
RDL-n25-05,No-TWRemoval,3,10000,0.1,0.4,0.997,100,712.051993,637.986765,68.946519,0.0,5.118709,5,0.2,1.0,0.0,True,20.171894
RDL-n25-05,No-TWRemoval,4,10000,0.1,0.4,0.997,100,712.051993,637.986765,68.946519,0.0,5.118709,5,0.2,1.0,0.0,True,20.096537
RDL-n25-05,No-TWRemoval,5,10000,0.1,0.4,0.997,100,712.051993,637.986765,68.946519,0.0,5.118709,5,0.2,1.0,0.0,True,20.408707
RDL-n25-05,No-TWRemoval,6,10000,0.1,0.4,0.997,100,712.051993,637.986765,68.946519,0.0,5.118709,5,0.2,1.0,0.0,True,20.671201
RDL-n25-05,No-TWRemoval,7,10000,0.1,0.4,0.997,100,712.051993,637.986765,68.946519,0.0,5.118709,5,0.2,1.0,0.0,True,20.386048
RDL-n25-05,No-TWRemoval,8,10000,0.1,0.4,0.997,100,712.051993,637.986765,68.946519,0.0,5.118709,5,0.2,1.0,0.0,True,20.915978
RDL-n25-05,No-TWRemoval,9,10000,0.1,0.4,0.997,100,712.051993,637.986765,68.946519,0.0,5.118709,5,0.2,1.0,0.0,True,20.090329
RDL-n25-05,No-TWRemoval,10,10000,0.1,0.4,0.997,100,712.051993,637.986765,68.946519,0.0,5.118709,5,0.2,1.0,0.0,True,20.407208
RDL-n25-05,Basic-LNS,1,10000,0.1,0.4,0.997,100,716.344712,657.650476,54.801414,0.0,3.892822,4,0.16,1.0,0.0,True,10.174116
RDL-n25-05,Basic-LNS,2,10000,0.1,0.4,0.997,100,712.051993,637.986765,68.946519,0.0,5.118709,5,0.2,1.0,0.0,True,10.220429
RDL-n25-05,Basic-LNS,3,10000,0.1,0.4,0.997,100,718.116157,659.421922,54.801414,0.0,3.892822,4,0.16,1.0,0.0,True,9.970535
RDL-n25-05,Basic-LNS,4,10000,0.1,0.4,0.997,100,716.344712,657.650476,54.801414,0.0,3.892822,4,0.16,1.0,0.0,True,10.120308
RDL-n25-05,Basic-LNS,5,10000,0.1,0.4,0.997,100,716.344712,657.650476,54.801414,0.0,3.892822,4,0.16,1.0,0.0,True,10.110441
RDL-n25-05,Basic-LNS,6,10000,0.1,0.4,0.997,100,749.226962,731.650195,13.40382,2.843285,1.329662,1,0.04,0.96,0.011373,True,9.825773
RDL-n25-05,Basic-LNS,7,10000,0.1,0.4,0.997,100,728.227624,655.296392,68.650081,0.0,4.281151,5,0.2,1.0,0.0,True,10.432233
RDL-n25-05,Basic-LNS,8,10000,0.1,0.4,0.997,100,712.051993,637.986765,68.946519,0.0,5.118709,5,0.2,1.0,0.0,True,10.279179
RDL-n25-05,Basic-LNS,9,10000,0.1,0.4,0.997,100,716.344712,657.650476,54.801414,0.0,3.892822,4,0.16,1.0,0.0,True,10.075133
RDL-n25-05,Basic-LNS,10,10000,0.1,0.4,0.997,100,712.051993,637.986765,68.946519,0.0,5.118709,5,0.2,1.0,0.0,True,10.258687
RDL-n25-06,Full-ALNS,1,10000,0.1,0.4,0.997,100,432.521028,425.974625,6.362012,0.0,0.184391,1,0.04,1.0,0.0,True,20.021894
RDL-n25-06,Full-ALNS,2,10000,0.1,0.4,0.997,100,430.133129,419.099409,9.996569,0.0,1.037151,2,0.08,1.0,0.0,True,20.606437
RDL-n25-06,Full-ALNS,3,10000,0.1,0.4,0.997,100,430.939781,419.906062,9.996569,0.0,1.037151,2,0.08,1.0,0.0,True,20.266076
RDL-n25-06,Full-ALNS,4,10000,0.1,0.4,0.997,100,433.83503,408.680503,23.48343,0.0,1.671098,3,0.12,1.0,0.0,True,20.274479
RDL-n25-06,Full-ALNS,5,10000,0.1,0.4,0.997,100,433.86335,427.316947,6.362012,0.0,0.184391,1,0.04,1.0,0.0,True,20.41754
RDL-n25-06,Full-ALNS,6,10000,0.1,0.4,0.997,100,430.939781,419.906062,9.996569,0.0,1.037151,2,0.08,1.0,0.0,True,20.30299
RDL-n25-06,Full-ALNS,7,10000,0.1,0.4,0.997,100,431.799643,420.765923,9.996569,0.0,1.037151,2,0.08,1.0,0.0,True,19.668037
RDL-n25-06,Full-ALNS,8,10000,0.1,0.4,0.997,100,430.939781,419.906062,9.996569,0.0,1.037151,2,0.08,1.0,0.0,True,20.478394
RDL-n25-06,Full-ALNS,9,10000,0.1,0.4,0.997,100,431.799643,420.765923,9.996569,0.0,1.037151,2,0.08,1.0,0.0,True,20.385085
RDL-n25-06,Full-ALNS,10,10000,0.1,0.4,0.997,100,432.091013,421.057293,9.996569,0.0,1.037151,2,0.08,1.0,0.0,True,19.868749
RDL-n25-06,Generic-ALNS,1,10000,0.1,0.4,0.997,100,607.717877,402.454267,12.724025,191.147056,1.39253,2,0.08,0.8,0.764588,True,22.817745
RDL-n25-06,Generic-ALNS,2,10000,0.1,0.4,0.997,100,584.692569,403.568917,12.724025,167.007097,1.39253,2,0.08,0.76,0.668028,True,22.298055
RDL-n25-06,Generic-ALNS,3,10000,0.1,0.4,0.997,100,606.528899,404.756272,12.724025,187.656073,1.39253,2,0.08,0.84,0.750624,True,22.836187
RDL-n25-06,Generic-ALNS,4,10000,0.1,0.4,0.997,100,607.717877,402.454267,12.724025,191.147056,1.39253,2,0.08,0.8,0.764588,True,22.784873
RDL-n25-06,Generic-ALNS,5,10000,0.1,0.4,0.997,100,1595.238769,387.57704,0.0,1207.661729,0.0,0,0.0,0.76,4.830647,True,23.96557
RDL-n25-06,Generic-ALNS,6,10000,0.1,0.4,0.997,100,607.717877,402.454267,12.724025,191.147056,1.39253,2,0.08,0.8,0.764588,True,22.581211
RDL-n25-06,Generic-ALNS,7,10000,0.1,0.4,0.997,100,616.365131,401.775284,12.724025,200.473293,1.39253,2,0.08,0.8,0.801893,True,22.402017
RDL-n25-06,Generic-ALNS,8,10000,0.1,0.4,0.997,100,607.717877,402.454267,12.724025,191.147056,1.39253,2,0.08,0.8,0.764588,True,21.956005
RDL-n25-06,Generic-ALNS,9,10000,0.1,0.4,0.997,100,586.088137,404.964485,12.724025,167.007097,1.39253,2,0.08,0.68,1.385695,True,23.258105
RDL-n25-06,Generic-ALNS,10,10000,0.1,0.4,0.997,100,1164.333194,400.281486,0.0,764.051708,0.0,0,0.0,0.76,3.056207,True,24.448366
RDL-n25-06,No-Adaptive,1,10000,0.1,0.4,0.997,100,435.229647,421.113093,12.724025,0.0,1.39253,2,0.08,1.0,0.0,True,17.746141
RDL-n25-06,No-Adaptive,2,10000,0.1,0.4,0.997,100,435.344406,410.189878,23.48343,0.0,1.671098,3,0.12,1.0,0.0,True,17.608987
RDL-n25-06,No-Adaptive,3,10000,0.1,0.4,0.997,100,432.584025,426.037622,6.362012,0.0,0.184391,1,0.04,1.0,0.0,True,17.488613
RDL-n25-06,No-Adaptive,4,10000,0.1,0.4,0.997,100,435.229647,421.113093,12.724025,0.0,1.39253,2,0.08,1.0,0.0,True,18.090742
RDL-n25-06,No-Adaptive,5,10000,0.1,0.4,0.997,100,431.799643,420.765923,9.996569,0.0,1.037151,2,0.08,1.0,0.0,True,17.842695
RDL-n25-06,No-Adaptive,6,10000,0.1,0.4,0.997,100,433.80017,427.253767,6.362012,0.0,0.184391,1,0.04,1.0,0.0,True,17.760127
RDL-n25-06,No-Adaptive,7,10000,0.1,0.4,0.997,100,433.83503,408.680503,23.48343,0.0,1.671098,3,0.12,1.0,0.0,True,18.010393
RDL-n25-06,No-Adaptive,8,10000,0.1,0.4,0.997,100,432.584025,426.037622,6.362012,0.0,0.184391,1,0.04,1.0,0.0,True,17.685717
RDL-n25-06,No-Adaptive,9,10000,0.1,0.4,0.997,100,432.521028,425.974625,6.362012,0.0,0.184391,1,0.04,1.0,0.0,True,18.154101
RDL-n25-06,No-Adaptive,10,10000,0.1,0.4,0.997,100,433.86335,427.316947,6.362012,0.0,0.184391,1,0.04,1.0,0.0,True,17.939424
RDL-n25-06,No-Restart,1,10000,0.1,0.4,0.997,100,435.673164,417.375794,16.358581,0.0,1.93879,3,0.12,1.0,0.0,True,20.062928
RDL-n25-06,No-Restart,2,10000,0.1,0.4,0.997,100,434.786841,417.202465,17.121417,0.0,0.462959,2,0.08,1.0,0.0,True,18.058853
RDL-n25-06,No-Restart,3,10000,0.1,0.4,0.997,100,430.939781,419.906062,9.996569,0.0,1.037151,2,0.08,1.0,0.0,True,18.706815
RDL-n25-06,No-Restart,4,10000,0.1,0.4,0.997,100,435.480208,417.182837,16.358581,0.0,1.93879,3,0.12,1.0,0.0,True,20.638185
RDL-n25-06,No-Restart,5,10000,0.1,0.4,0.997,100,435.379901,416.057512,9.996569,8.28867,1.037151,2,0.08,0.96,0.033155,True,18.11815
RDL-n25-06,No-Restart,6,10000,0.1,0.4,0.997,100,433.86335,427.316947,6.362012,0.0,0.184391,1,0.04,1.0,0.0,True,19.077739
RDL-n25-06,No-Restart,7,10000,0.1,0.4,0.997,100,435.480208,417.182837,16.358581,0.0,1.93879,3,0.12,1.0,0.0,True,19.751842
RDL-n25-06,No-Restart,8,10000,0.1,0.4,0.997,100,435.673164,417.375794,16.358581,0.0,1.93879,3,0.12,1.0,0.0,True,19.996377
RDL-n25-06,No-Restart,9,10000,0.1,0.4,0.997,100,432.521028,425.974625,6.362012,0.0,0.184391,1,0.04,1.0,0.0,True,19.25315
RDL-n25-06,No-Restart,10,10000,0.1,0.4,0.997,100,433.83503,408.680503,23.48343,0.0,1.671098,3,0.12,1.0,0.0,True,20.463399
RDL-n25-06,No-Penalty,1,10000,0.1,0.4,0.997,100,432.521028,425.974625,6.362012,0.0,0.184391,1,0.04,1.0,0.0,True,20.667727
RDL-n25-06,No-Penalty,2,10000,0.1,0.4,0.997,100,430.939781,419.906062,9.996569,0.0,1.037151,2,0.08,1.0,0.0,True,19.969097
RDL-n25-06,No-Penalty,3,10000,0.1,0.4,0.997,100,432.521028,425.974625,6.362012,0.0,0.184391,1,0.04,1.0,0.0,True,20.310272
RDL-n25-06,No-Penalty,4,10000,0.1,0.4,0.997,100,430.939781,419.906062,9.996569,0.0,1.037151,2,0.08,1.0,0.0,True,20.138802
RDL-n25-06,No-Penalty,5,10000,0.1,0.4,0.997,100,432.584025,426.037622,6.362012,0.0,0.184391,1,0.04,1.0,0.0,True,20.297506
RDL-n25-06,No-Penalty,6,10000,0.1,0.4,0.997,100,432.521028,425.974625,6.362012,0.0,0.184391,1,0.04,1.0,0.0,True,20.260552
RDL-n25-06,No-Penalty,7,10000,0.1,0.4,0.997,100,432.584025,426.037622,6.362012,0.0,0.184391,1,0.04,1.0,0.0,True,20.330826
RDL-n25-06,No-Penalty,8,10000,0.1,0.4,0.997,100,432.584025,426.037622,6.362012,0.0,0.184391,1,0.04,1.0,0.0,True,20.038942
RDL-n25-06,No-Penalty,9,10000,0.1,0.4,0.997,100,430.939781,419.906062,9.996569,0.0,1.037151,2,0.08,1.0,0.0,True,20.201
RDL-n25-06,No-Penalty,10,10000,0.1,0.4,0.997,100,432.011523,420.977803,9.996569,0.0,1.037151,2,0.08,1.0,0.0,True,20.614195
RDL-n25-06,No-DelayAware,1,10000,0.1,0.4,0.997,100,607.717877,402.454267,12.724025,191.147056,1.39253,2,0.08,0.8,0.764588,True,20.093033
RDL-n25-06,No-DelayAware,2,10000,0.1,0.4,0.997,100,546.21551,444.928911,0.0,101.286599,0.0,0,0.0,0.84,0.405146,True,19.001238
RDL-n25-06,No-DelayAware,3,10000,0.1,0.4,0.997,100,577.888073,443.135278,0.0,134.752795,0.0,0,0.0,0.88,0.539011,True,19.752841
RDL-n25-06,No-DelayAware,4,10000,0.1,0.4,0.997,100,581.170537,426.087029,0.0,155.083508,0.0,0,0.0,0.76,0.620334,True,19.787428
RDL-n25-06,No-DelayAware,5,10000,0.1,0.4,0.997,100,587.576502,425.027478,6.362012,156.002621,0.184391,1,0.04,0.88,0.62401,True,19.781039
RDL-n25-06,No-DelayAware,6,10000,0.1,0.4,0.997,100,578.809523,444.056729,0.0,134.752795,0.0,0,0.0,0.88,0.539011,True,19.700924
RDL-n25-06,No-DelayAware,7,10000,0.1,0.4,0.997,100,604.195846,424.972379,0.0,179.223467,0.0,0,0.0,0.8,0.716894,True,19.681465
RDL-n25-06,No-DelayAware,8,10000,0.1,0.4,0.997,100,584.692569,403.568917,12.724025,167.007097,1.39253,2,0.08,0.76,0.668028,True,17.586694
RDL-n25-06,No-DelayAware,9,10000,0.1,0.4,0.997,100,577.888073,443.135278,0.0,134.752795,0.0,0,0.0,0.88,0.539011,True,19.652997
RDL-n25-06,No-DelayAware,10,10000,0.1,0.4,0.997,100,557.40996,443.771068,0.0,113.638892,0.0,0,0.0,0.88,0.454556,True,18.83174
RDL-n25-06,No-ModeSwitch,1,10000,0.1,0.4,0.997,100,432.53187,425.985467,6.362012,0.0,0.184391,1,0.04,1.0,0.0,True,20.911554
RDL-n25-06,No-ModeSwitch,2,10000,0.1,0.4,0.997,100,430.939781,419.906062,9.996569,0.0,1.037151,2,0.08,1.0,0.0,True,20.916059
RDL-n25-06,No-ModeSwitch,3,10000,0.1,0.4,0.997,100,433.86335,427.316947,6.362012,0.0,0.184391,1,0.04,1.0,0.0,True,21.383676
RDL-n25-06,No-ModeSwitch,4,10000,0.1,0.4,0.997,100,432.521028,425.974625,6.362012,0.0,0.184391,1,0.04,1.0,0.0,True,21.121383
RDL-n25-06,No-ModeSwitch,5,10000,0.1,0.4,0.997,100,430.939781,419.906062,9.996569,0.0,1.037151,2,0.08,1.0,0.0,True,21.084757
RDL-n25-06,No-ModeSwitch,6,10000,0.1,0.4,0.997,100,433.83503,408.680503,23.48343,0.0,1.671098,3,0.12,1.0,0.0,True,21.041076
RDL-n25-06,No-ModeSwitch,7,10000,0.1,0.4,0.997,100,431.799643,420.765923,9.996569,0.0,1.037151,2,0.08,1.0,0.0,True,21.334733
RDL-n25-06,No-ModeSwitch,8,10000,0.1,0.4,0.997,100,435.229647,421.113093,12.724025,0.0,1.39253,2,0.08,1.0,0.0,True,21.370074
RDL-n25-06,No-ModeSwitch,9,10000,0.1,0.4,0.997,100,432.521028,425.974625,6.362012,0.0,0.184391,1,0.04,1.0,0.0,True,21.572525
RDL-n25-06,No-ModeSwitch,10,10000,0.1,0.4,0.997,100,430.939781,419.906062,9.996569,0.0,1.037151,2,0.08,1.0,0.0,True,21.224267
RDL-n25-06,No-TWRemoval,1,10000,0.1,0.4,0.997,100,432.521028,425.974625,6.362012,0.0,0.184391,1,0.04,1.0,0.0,True,19.613821
RDL-n25-06,No-TWRemoval,2,10000,0.1,0.4,0.997,100,432.521028,425.974625,6.362012,0.0,0.184391,1,0.04,1.0,0.0,True,19.896283
RDL-n25-06,No-TWRemoval,3,10000,0.1,0.4,0.997,100,433.83503,408.680503,23.48343,0.0,1.671098,3,0.12,1.0,0.0,True,19.292191
RDL-n25-06,No-TWRemoval,4,10000,0.1,0.4,0.997,100,430.939781,419.906062,9.996569,0.0,1.037151,2,0.08,1.0,0.0,True,19.69122
RDL-n25-06,No-TWRemoval,5,10000,0.1,0.4,0.997,100,434.728569,428.182166,6.362012,0.0,0.184391,1,0.04,1.0,0.0,True,19.599213
RDL-n25-06,No-TWRemoval,6,10000,0.1,0.4,0.997,100,432.521028,425.974625,6.362012,0.0,0.184391,1,0.04,1.0,0.0,True,19.810586
RDL-n25-06,No-TWRemoval,7,10000,0.1,0.4,0.997,100,433.86335,427.316947,6.362012,0.0,0.184391,1,0.04,1.0,0.0,True,19.506935
RDL-n25-06,No-TWRemoval,8,10000,0.1,0.4,0.997,100,435.229647,421.113093,12.724025,0.0,1.39253,2,0.08,1.0,0.0,True,19.761646
RDL-n25-06,No-TWRemoval,9,10000,0.1,0.4,0.997,100,432.521028,425.974625,6.362012,0.0,0.184391,1,0.04,1.0,0.0,True,19.624962
RDL-n25-06,No-TWRemoval,10,10000,0.1,0.4,0.997,100,430.939781,419.906062,9.996569,0.0,1.037151,2,0.08,1.0,0.0,True,20.273332
RDL-n25-06,Basic-LNS,1,10000,0.1,0.4,0.997,100,438.032152,408.696808,27.117986,0.0,2.217358,4,0.16,1.0,0.0,True,10.54371
RDL-n25-06,Basic-LNS,2,10000,0.1,0.4,0.997,100,435.388954,408.664435,22.720593,0.0,4.003926,4,0.16,1.0,0.0,True,10.390713
RDL-n25-06,Basic-LNS,3,10000,0.1,0.4,0.997,100,435.379901,416.057512,9.996569,8.28867,1.037151,2,0.08,0.96,0.033155,True,10.288141
RDL-n25-06,Basic-LNS,4,10000,0.1,0.4,0.997,100,435.673164,417.375794,16.358581,0.0,1.93879,3,0.12,1.0,0.0,True,10.34721
RDL-n25-06,Basic-LNS,5,10000,0.1,0.4,0.997,100,430.939781,419.906062,9.996569,0.0,1.037151,2,0.08,1.0,0.0,True,10.509083
RDL-n25-06,Basic-LNS,6,10000,0.1,0.4,0.997,100,433.86335,427.316947,6.362012,0.0,0.184391,1,0.04,1.0,0.0,True,10.190936
RDL-n25-06,Basic-LNS,7,10000,0.1,0.4,0.997,100,438.886213,413.731686,23.48343,0.0,1.671098,3,0.12,1.0,0.0,True,10.42803
RDL-n25-06,Basic-LNS,8,10000,0.1,0.4,0.997,100,433.86335,427.316947,6.362012,0.0,0.184391,1,0.04,1.0,0.0,True,10.28352
RDL-n25-06,Basic-LNS,9,10000,0.1,0.4,0.997,100,432.584025,426.037622,6.362012,0.0,0.184391,1,0.04,1.0,0.0,True,10.422948
RDL-n25-06,Basic-LNS,10,10000,0.1,0.4,0.997,100,435.771578,417.474207,16.358581,0.0,1.93879,3,0.12,1.0,0.0,True,10.341414
RDL-n25-07,Full-ALNS,1,10000,0.1,0.4,0.997,100,428.338938,415.185405,11.999015,0.0,1.154518,2,0.08,1.0,0.0,True,19.318075
RDL-n25-07,Full-ALNS,2,10000,0.1,0.4,0.997,100,415.939908,408.171025,4.996159,0.0,2.772724,1,0.04,1.0,0.0,True,19.606084
RDL-n25-07,Full-ALNS,3,10000,0.1,0.4,0.997,100,420.379819,358.148331,57.388563,0.0,4.842925,4,0.16,1.0,0.0,True,19.158017
RDL-n25-07,Full-ALNS,4,10000,0.1,0.4,0.997,100,427.97165,373.509046,52.392404,0.0,2.0702,3,0.12,1.0,0.0,True,19.7048
RDL-n25-07,Full-ALNS,5,10000,0.1,0.4,0.997,100,413.620143,350.884442,57.388563,0.0,5.347138,4,0.16,1.0,0.0,True,19.135542
RDL-n25-07,Full-ALNS,6,10000,0.1,0.4,0.997,100,426.452664,371.99006,52.392404,0.0,2.0702,3,0.12,1.0,0.0,True,19.093245
RDL-n25-07,Full-ALNS,7,10000,0.1,0.4,0.997,100,420.777987,413.009104,4.996159,0.0,2.772724,1,0.04,1.0,0.0,True,19.00354
RDL-n25-07,Full-ALNS,8,10000,0.1,0.4,0.997,100,415.299745,407.530862,4.996159,0.0,2.772724,1,0.04,1.0,0.0,True,19.473921
RDL-n25-07,Full-ALNS,9,10000,0.1,0.4,0.997,100,419.197615,364.230796,52.392404,0.0,2.574414,3,0.12,1.0,0.0,True,19.355216
RDL-n25-07,Full-ALNS,10,10000,0.1,0.4,0.997,100,428.26876,428.26876,0.0,0.0,0.0,0,0.0,1.0,0.0,True,19.354739
RDL-n25-07,Generic-ALNS,1,10000,0.1,0.4,0.997,100,428.04534,428.04534,0.0,0.0,0.0,0,0.0,1.0,0.0,True,20.030865
RDL-n25-07,Generic-ALNS,2,10000,0.1,0.4,0.997,100,559.250113,446.853254,0.0,112.396859,0.0,0,0.0,0.88,0.449587,True,20.228721
RDL-n25-07,Generic-ALNS,3,10000,0.1,0.4,0.997,100,526.344734,430.859162,0.0,95.485573,0.0,0,0.0,0.92,0.381942,True,19.304928
RDL-n25-07,Generic-ALNS,4,10000,0.1,0.4,0.997,100,573.152663,440.102175,0.0,133.050488,0.0,0,0.0,0.84,0.532202,True,19.987894
RDL-n25-07,Generic-ALNS,5,10000,0.1,0.4,0.997,100,427.920949,427.920949,0.0,0.0,0.0,0,0.0,1.0,0.0,True,19.607905
RDL-n25-07,Generic-ALNS,6,10000,0.1,0.4,0.997,100,574.819735,454.518077,0.0,120.301658,0.0,0,0.0,0.92,0.481207,True,20.453654
RDL-n25-07,Generic-ALNS,7,10000,0.1,0.4,0.997,100,510.215583,427.270755,0.0,82.944828,0.0,0,0.0,0.96,0.331779,True,19.721377
RDL-n25-07,Generic-ALNS,8,10000,0.1,0.4,0.997,100,536.722001,440.896983,0.0,95.825018,0.0,0,0.0,0.84,0.734929,True,19.934193
RDL-n25-07,Generic-ALNS,9,10000,0.1,0.4,0.997,100,911.830824,421.667627,0.0,490.163197,0.0,0,0.0,0.8,1.960653,True,20.419039
RDL-n25-07,Generic-ALNS,10,10000,0.1,0.4,0.997,100,581.526834,352.70772,59.395261,166.044206,3.379647,4,0.16,0.88,0.664177,True,20.301332
RDL-n25-07,No-Adaptive,1,10000,0.1,0.4,0.997,100,425.133603,417.36472,4.996159,0.0,2.772724,1,0.04,1.0,0.0,True,16.702517
RDL-n25-07,No-Adaptive,2,10000,0.1,0.4,0.997,100,417.649115,354.913414,57.388563,0.0,5.347138,4,0.16,1.0,0.0,True,16.799283
RDL-n25-07,No-Adaptive,3,10000,0.1,0.4,0.997,100,414.437093,351.701392,57.388563,0.0,5.347138,4,0.16,1.0,0.0,True,16.798218
RDL-n25-07,No-Adaptive,4,10000,0.1,0.4,0.997,100,428.179059,428.179059,0.0,0.0,0.0,0,0.0,1.0,0.0,True,16.971711
RDL-n25-07,No-Adaptive,5,10000,0.1,0.4,0.997,100,433.62597,378.659151,52.392404,0.0,2.574414,3,0.12,1.0,0.0,True,16.687762
RDL-n25-07,No-Adaptive,6,10000,0.1,0.4,0.997,100,427.920949,427.920949,0.0,0.0,0.0,0,0.0,1.0,0.0,True,17.041392
RDL-n25-07,No-Adaptive,7,10000,0.1,0.4,0.997,100,415.592097,407.823214,4.996159,0.0,2.772724,1,0.04,1.0,0.0,True,16.810484
RDL-n25-07,No-Adaptive,8,10000,0.1,0.4,0.997,100,431.775432,431.775432,0.0,0.0,0.0,0,0.0,1.0,0.0,True,16.852886
RDL-n25-07,No-Adaptive,9,10000,0.1,0.4,0.997,100,421.364765,413.556676,7.002857,0.0,0.805233,1,0.04,1.0,0.0,True,16.894694
RDL-n25-07,No-Adaptive,10,10000,0.1,0.4,0.997,100,432.171038,432.171038,0.0,0.0,0.0,0,0.0,1.0,0.0,True,16.751779
RDL-n25-07,No-Restart,1,10000,0.1,0.4,0.997,100,415.299745,407.530862,4.996159,0.0,2.772724,1,0.04,1.0,0.0,True,19.15718
RDL-n25-07,No-Restart,2,10000,0.1,0.4,0.997,100,416.277618,353.541917,57.388563,0.0,5.347138,4,0.16,1.0,0.0,True,18.239691
RDL-n25-07,No-Restart,3,10000,0.1,0.4,0.997,100,427.920949,427.920949,0.0,0.0,0.0,0,0.0,1.0,0.0,True,19.410158
RDL-n25-07,No-Restart,4,10000,0.1,0.4,0.997,100,431.775432,431.775432,0.0,0.0,0.0,0,0.0,1.0,0.0,True,19.672591
RDL-n25-07,No-Restart,5,10000,0.1,0.4,0.997,100,422.475144,359.739443,57.388563,0.0,5.347138,4,0.16,1.0,0.0,True,19.10985
RDL-n25-07,No-Restart,6,10000,0.1,0.4,0.997,100,421.016954,413.208865,7.002857,0.0,0.805233,1,0.04,1.0,0.0,True,18.699605
RDL-n25-07,No-Restart,7,10000,0.1,0.4,0.997,100,434.938992,434.938992,0.0,0.0,0.0,0,0.0,1.0,0.0,True,20.113116
RDL-n25-07,No-Restart,8,10000,0.1,0.4,0.997,100,415.891078,408.122195,4.996159,0.0,2.772724,1,0.04,1.0,0.0,True,18.561146
RDL-n25-07,No-Restart,9,10000,0.1,0.4,0.997,100,435.544611,435.544611,0.0,0.0,0.0,0,0.0,1.0,0.0,True,20.37831
RDL-n25-07,No-Restart,10,10000,0.1,0.4,0.997,100,433.533104,379.070499,52.392404,0.0,2.0702,3,0.12,1.0,0.0,True,19.006407
RDL-n25-07,No-Penalty,1,10000,0.1,0.4,0.997,100,431.775432,431.775432,0.0,0.0,0.0,0,0.0,1.0,0.0,True,19.469932
RDL-n25-07,No-Penalty,2,10000,0.1,0.4,0.997,100,427.920949,427.920949,0.0,0.0,0.0,0,0.0,1.0,0.0,True,19.397073
RDL-n25-07,No-Penalty,3,10000,0.1,0.4,0.997,100,420.903356,358.167656,57.388563,0.0,5.347138,4,0.16,1.0,0.0,True,19.112816
RDL-n25-07,No-Penalty,4,10000,0.1,0.4,0.997,100,416.103902,408.335019,4.996159,0.0,2.772724,1,0.04,1.0,0.0,True,19.103863
RDL-n25-07,No-Penalty,5,10000,0.1,0.4,0.997,100,427.920949,427.920949,0.0,0.0,0.0,0,0.0,1.0,0.0,True,19.440624
RDL-n25-07,No-Penalty,6,10000,0.1,0.4,0.997,100,427.920949,427.920949,0.0,0.0,0.0,0,0.0,1.0,0.0,True,19.49983
RDL-n25-07,No-Penalty,7,10000,0.1,0.4,0.997,100,414.278979,351.543278,57.388563,0.0,5.347138,4,0.16,1.0,0.0,True,19.717647
RDL-n25-07,No-Penalty,8,10000,0.1,0.4,0.997,100,415.458377,407.689494,4.996159,0.0,2.772724,1,0.04,1.0,0.0,True,19.066123
RDL-n25-07,No-Penalty,9,10000,0.1,0.4,0.997,100,427.920949,427.920949,0.0,0.0,0.0,0,0.0,1.0,0.0,True,19.681164
RDL-n25-07,No-Penalty,10,10000,0.1,0.4,0.997,100,432.211031,432.211031,0.0,0.0,0.0,0,0.0,1.0,0.0,True,19.863133
RDL-n25-07,No-DelayAware,1,10000,0.1,0.4,0.997,100,476.545529,431.116818,0.0,45.428711,0.0,0,0.0,0.96,0.181715,True,18.012631
RDL-n25-07,No-DelayAware,2,10000,0.1,0.4,0.997,100,525.839932,430.35436,0.0,95.485573,0.0,0,0.0,0.92,0.381942,True,19.483759
RDL-n25-07,No-DelayAware,3,10000,0.1,0.4,0.997,100,489.403239,467.011254,7.002857,15.169128,0.22,1,0.04,0.96,0.060677,True,18.091328
RDL-n25-07,No-DelayAware,4,10000,0.1,0.4,0.997,100,530.656163,430.161729,0.0,100.494434,0.0,0,0.0,0.96,0.401978,True,18.568274
RDL-n25-07,No-DelayAware,5,10000,0.1,0.4,0.997,100,473.9288,451.913049,0.0,22.015752,0.0,0,0.0,0.92,0.088063,True,18.47568
RDL-n25-07,No-DelayAware,6,10000,0.1,0.4,0.997,100,474.599212,431.126093,4.996159,35.704236,2.772724,1,0.04,0.96,0.142817,True,18.823438
RDL-n25-07,No-DelayAware,7,10000,0.1,0.4,0.997,100,510.475359,462.005358,4.996159,40.701118,2.772724,1,0.04,0.92,0.162804,True,18.817053
RDL-n25-07,No-DelayAware,8,10000,0.1,0.4,0.997,100,468.465323,425.498983,4.996159,35.197457,2.772724,1,0.04,0.92,0.14079,True,18.109281
RDL-n25-07,No-DelayAware,9,10000,0.1,0.4,0.997,100,632.475114,457.396398,0.0,175.078717,0.0,0,0.0,0.88,0.700315,True,18.558633
RDL-n25-07,No-DelayAware,10,10000,0.1,0.4,0.997,100,547.983839,422.006467,0.0,125.977372,0.0,0,0.0,0.92,0.503909,True,18.726238
RDL-n25-07,No-ModeSwitch,1,10000,0.1,0.4,0.997,100,427.920949,427.920949,0.0,0.0,0.0,0,0.0,1.0,0.0,True,20.093695
RDL-n25-07,No-ModeSwitch,2,10000,0.1,0.4,0.997,100,414.180509,351.949022,57.388563,0.0,4.842925,4,0.16,1.0,0.0,True,20.296173
RDL-n25-07,No-ModeSwitch,3,10000,0.1,0.4,0.997,100,431.775432,431.775432,0.0,0.0,0.0,0,0.0,1.0,0.0,True,20.478004
RDL-n25-07,No-ModeSwitch,4,10000,0.1,0.4,0.997,100,415.299745,407.530862,4.996159,0.0,2.772724,1,0.04,1.0,0.0,True,20.25357
RDL-n25-07,No-ModeSwitch,5,10000,0.1,0.4,0.997,100,414.967943,352.232242,57.388563,0.0,5.347138,4,0.16,1.0,0.0,True,20.292328
RDL-n25-07,No-ModeSwitch,6,10000,0.1,0.4,0.997,100,426.766052,356.726475,64.391419,0.0,5.648158,5,0.2,0.92,0.057682,True,20.406911
RDL-n25-07,No-ModeSwitch,7,10000,0.1,0.4,0.997,100,433.241395,433.241395,0.0,0.0,0.0,0,0.0,1.0,0.0,True,20.218239
RDL-n25-07,No-ModeSwitch,8,10000,0.1,0.4,0.997,100,413.585901,350.8502,57.388563,0.0,5.347138,4,0.16,1.0,0.0,True,20.095593
RDL-n25-07,No-ModeSwitch,9,10000,0.1,0.4,0.997,100,415.557855,407.788972,4.996159,0.0,2.772724,1,0.04,1.0,0.0,True,20.105712
RDL-n25-07,No-ModeSwitch,10,10000,0.1,0.4,0.997,100,422.474412,414.666323,7.002857,0.0,0.805233,1,0.04,1.0,0.0,True,20.182796
RDL-n25-07,No-TWRemoval,1,10000,0.1,0.4,0.997,100,420.441301,358.170607,59.395261,0.0,2.875433,4,0.16,1.0,0.0,True,18.625829
RDL-n25-07,No-TWRemoval,2,10000,0.1,0.4,0.997,100,427.962784,427.962784,0.0,0.0,0.0,0,0.0,1.0,0.0,True,18.945752
RDL-n25-07,No-TWRemoval,3,10000,0.1,0.4,0.997,100,421.016954,413.208865,7.002857,0.0,0.805233,1,0.04,1.0,0.0,True,18.594988
RDL-n25-07,No-TWRemoval,4,10000,0.1,0.4,0.997,100,423.313578,415.505489,7.002857,0.0,0.805233,1,0.04,1.0,0.0,True,18.507126
RDL-n25-07,No-TWRemoval,5,10000,0.1,0.4,0.997,100,415.299745,407.530862,4.996159,0.0,2.772724,1,0.04,1.0,0.0,True,19.010323
RDL-n25-07,No-TWRemoval,6,10000,0.1,0.4,0.997,100,427.920949,427.920949,0.0,0.0,0.0,0,0.0,1.0,0.0,True,18.721856
RDL-n25-07,No-TWRemoval,7,10000,0.1,0.4,0.997,100,415.681797,407.912914,4.996159,0.0,2.772724,1,0.04,1.0,0.0,True,18.541564
RDL-n25-07,No-TWRemoval,8,10000,0.1,0.4,0.997,100,418.297036,410.528154,4.996159,0.0,2.772724,1,0.04,1.0,0.0,True,18.571063
RDL-n25-07,No-TWRemoval,9,10000,0.1,0.4,0.997,100,419.007236,356.736542,59.395261,0.0,2.875433,4,0.16,1.0,0.0,True,19.574585
RDL-n25-07,No-TWRemoval,10,10000,0.1,0.4,0.997,100,415.681797,407.912914,4.996159,0.0,2.772724,1,0.04,1.0,0.0,True,20.160154
RDL-n25-07,Basic-LNS,1,10000,0.1,0.4,0.997,100,427.920949,427.920949,0.0,0.0,0.0,0,0.0,1.0,0.0,True,10.743269
RDL-n25-07,Basic-LNS,2,10000,0.1,0.4,0.997,100,440.006384,440.006384,0.0,0.0,0.0,0,0.0,1.0,0.0,True,10.346623
RDL-n25-07,Basic-LNS,3,10000,0.1,0.4,0.997,100,432.124528,432.124528,0.0,0.0,0.0,0,0.0,1.0,0.0,True,10.810976
RDL-n25-07,Basic-LNS,4,10000,0.1,0.4,0.997,100,415.299745,407.530862,4.996159,0.0,2.772724,1,0.04,1.0,0.0,True,10.244682
RDL-n25-07,Basic-LNS,5,10000,0.1,0.4,0.997,100,427.920949,427.920949,0.0,0.0,0.0,0,0.0,1.0,0.0,True,10.403736
RDL-n25-07,Basic-LNS,6,10000,0.1,0.4,0.997,100,436.084197,428.276107,7.002857,0.0,0.805233,1,0.04,1.0,0.0,True,10.357807
RDL-n25-07,Basic-LNS,7,10000,0.1,0.4,0.997,100,432.124528,432.124528,0.0,0.0,0.0,0,0.0,1.0,0.0,True,11.441769
RDL-n25-07,Basic-LNS,8,10000,0.1,0.4,0.997,100,432.124528,432.124528,0.0,0.0,0.0,0,0.0,1.0,0.0,True,10.246351
RDL-n25-07,Basic-LNS,9,10000,0.1,0.4,0.997,100,434.558397,434.558397,0.0,0.0,0.0,0,0.0,1.0,0.0,True,10.731302
RDL-n25-07,Basic-LNS,10,10000,0.1,0.4,0.997,100,433.770486,433.770486,0.0,0.0,0.0,0,0.0,1.0,0.0,True,11.062474
RDL-n25-08,Full-ALNS,1,10000,0.1,0.4,0.997,100,507.296213,485.789105,13.93126,4.942464,2.633384,2,0.08,0.96,0.01977,True,21.552032
RDL-n25-08,Full-ALNS,2,10000,0.1,0.4,0.997,100,506.826948,481.636554,20.89689,0.0,4.293505,3,0.12,1.0,0.0,True,20.970278
RDL-n25-08,Full-ALNS,3,10000,0.1,0.4,0.997,100,506.826948,481.636554,20.89689,0.0,4.293505,3,0.12,1.0,0.0,True,19.841332
RDL-n25-08,Full-ALNS,4,10000,0.1,0.4,0.997,100,507.691745,499.769036,6.96563,0.0,0.957079,1,0.04,1.0,0.0,True,20.624067
RDL-n25-08,Full-ALNS,5,10000,0.1,0.4,0.997,100,507.691745,499.769036,6.96563,0.0,0.957079,1,0.04,1.0,0.0,True,20.567042
RDL-n25-08,Full-ALNS,6,10000,0.1,0.4,0.997,100,510.624973,499.334338,6.96563,3.367926,0.957079,1,0.04,0.96,0.013472,True,20.487967
RDL-n25-08,Full-ALNS,7,10000,0.1,0.4,0.997,100,506.826948,481.636554,20.89689,0.0,4.293505,3,0.12,1.0,0.0,True,16.61835
RDL-n25-08,Full-ALNS,8,10000,0.1,0.4,0.997,100,507.06685,481.876455,20.89689,0.0,4.293505,3,0.12,1.0,0.0,True,17.007881
RDL-n25-08,Full-ALNS,9,10000,0.1,0.4,0.997,100,507.691745,499.769036,6.96563,0.0,0.957079,1,0.04,1.0,0.0,True,16.502431
RDL-n25-08,Full-ALNS,10,10000,0.1,0.4,0.997,100,506.826948,481.636554,20.89689,0.0,4.293505,3,0.12,1.0,0.0,True,16.267719
RDL-n25-08,Generic-ALNS,1,10000,0.1,0.4,0.997,100,837.522735,487.445727,6.96563,342.154299,0.957079,1,0.04,0.76,1.368617,True,19.105674
RDL-n25-08,Generic-ALNS,2,10000,0.1,0.4,0.997,100,705.088767,492.361647,6.96563,204.804412,0.957079,1,0.04,0.84,0.819218,True,19.835987
RDL-n25-08,Generic-ALNS,3,10000,0.1,0.4,0.997,100,704.976707,489.351346,6.96563,207.702652,0.957079,1,0.04,0.8,0.830811,True,19.206535
RDL-n25-08,Generic-ALNS,4,10000,0.1,0.4,0.997,100,825.794666,487.163031,6.96563,330.708926,0.957079,1,0.04,0.8,1.322836,True,22.619714
RDL-n25-08,Generic-ALNS,5,10000,0.1,0.4,0.997,100,837.522735,487.445727,6.96563,342.154299,0.957079,1,0.04,0.76,1.368617,True,22.748803
RDL-n25-08,Generic-ALNS,6,10000,0.1,0.4,0.997,100,1434.501646,471.738953,6.96563,954.120757,1.676305,1,0.04,0.64,3.816483,True,20.739864
RDL-n25-08,Generic-ALNS,7,10000,0.1,0.4,0.997,100,1325.895246,508.453596,0.0,817.44165,0.0,0,0.0,0.72,3.269767,True,20.490224
RDL-n25-08,Generic-ALNS,8,10000,0.1,0.4,0.997,100,872.502815,487.736619,6.96563,376.843486,0.957079,1,0.04,0.76,1.507374,True,23.906783
RDL-n25-08,Generic-ALNS,9,10000,0.1,0.4,0.997,100,840.586966,483.26313,6.96563,349.401126,0.957079,1,0.04,0.76,1.397605,True,23.697498
RDL-n25-08,Generic-ALNS,10,10000,0.1,0.4,0.997,100,955.258475,514.052542,0.0,441.205933,0.0,0,0.0,0.72,1.764824,True,23.605257
RDL-n25-08,No-Adaptive,1,10000,0.1,0.4,0.997,100,507.691745,499.769036,6.96563,0.0,0.957079,1,0.04,1.0,0.0,True,18.243807
RDL-n25-08,No-Adaptive,2,10000,0.1,0.4,0.997,100,507.351713,482.46188,20.89689,0.0,3.992943,3,0.12,1.0,0.0,True,19.920513
RDL-n25-08,No-Adaptive,3,10000,0.1,0.4,0.997,100,506.826948,481.636554,20.89689,0.0,4.293505,3,0.12,1.0,0.0,True,18.613156
RDL-n25-08,No-Adaptive,4,10000,0.1,0.4,0.997,100,507.691745,499.769036,6.96563,0.0,0.957079,1,0.04,1.0,0.0,True,19.977233
RDL-n25-08,No-Adaptive,5,10000,0.1,0.4,0.997,100,507.691745,499.769036,6.96563,0.0,0.957079,1,0.04,1.0,0.0,True,19.399444
RDL-n25-08,No-Adaptive,6,10000,0.1,0.4,0.997,100,510.624973,499.334338,6.96563,3.367926,0.957079,1,0.04,0.96,0.013472,True,19.568204
RDL-n25-08,No-Adaptive,7,10000,0.1,0.4,0.997,100,506.909375,481.71898,20.89689,0.0,4.293505,3,0.12,1.0,0.0,True,19.432236
RDL-n25-08,No-Adaptive,8,10000,0.1,0.4,0.997,100,510.624973,499.334338,6.96563,3.367926,0.957079,1,0.04,0.96,0.013472,True,19.106589
RDL-n25-08,No-Adaptive,9,10000,0.1,0.4,0.997,100,507.691745,499.769036,6.96563,0.0,0.957079,1,0.04,1.0,0.0,True,18.922303
RDL-n25-08,No-Adaptive,10,10000,0.1,0.4,0.997,100,506.826948,481.636554,20.89689,0.0,4.293505,3,0.12,1.0,0.0,True,18.336206
RDL-n25-08,No-Restart,1,10000,0.1,0.4,0.997,100,506.826948,481.636554,20.89689,0.0,4.293505,3,0.12,1.0,0.0,True,21.161488
RDL-n25-08,No-Restart,2,10000,0.1,0.4,0.997,100,507.691745,499.769036,6.96563,0.0,0.957079,1,0.04,1.0,0.0,True,19.513501
RDL-n25-08,No-Restart,3,10000,0.1,0.4,0.997,100,510.624973,499.334338,6.96563,3.367926,0.957079,1,0.04,0.96,0.013472,True,20.301825
RDL-n25-08,No-Restart,4,10000,0.1,0.4,0.997,100,513.589701,497.025057,13.93126,0.0,2.633384,2,0.08,1.0,0.0,True,18.617087
RDL-n25-08,No-Restart,5,10000,0.1,0.4,0.997,100,513.589701,497.025057,13.93126,0.0,2.633384,2,0.08,1.0,0.0,True,19.183511
RDL-n25-08,No-Restart,6,10000,0.1,0.4,0.997,100,513.607596,502.316961,6.96563,3.367926,0.957079,1,0.04,0.96,0.013472,True,19.214232
RDL-n25-08,No-Restart,7,10000,0.1,0.4,0.997,100,511.197155,503.274447,6.96563,0.0,0.957079,1,0.04,1.0,0.0,True,21.459634
RDL-n25-08,No-Restart,8,10000,0.1,0.4,0.997,100,513.589701,497.025057,13.93126,0.0,2.633384,2,0.08,1.0,0.0,True,19.100454
RDL-n25-08,No-Restart,9,10000,0.1,0.4,0.997,100,507.691745,499.769036,6.96563,0.0,0.957079,1,0.04,1.0,0.0,True,19.669199
RDL-n25-08,No-Restart,10,10000,0.1,0.4,0.997,100,511.977768,495.413123,13.93126,0.0,2.633384,2,0.08,1.0,0.0,True,19.213529
RDL-n25-08,No-Penalty,1,10000,0.1,0.4,0.997,100,507.309273,482.41944,20.89689,0.0,3.992943,3,0.12,1.0,0.0,True,20.190285
RDL-n25-08,No-Penalty,2,10000,0.1,0.4,0.997,100,507.691745,499.769036,6.96563,0.0,0.957079,1,0.04,1.0,0.0,True,23.211744
RDL-n25-08,No-Penalty,3,10000,0.1,0.4,0.997,100,513.604196,505.681487,6.96563,0.0,0.957079,1,0.04,1.0,0.0,True,20.219923
RDL-n25-08,No-Penalty,4,10000,0.1,0.4,0.997,100,507.691745,499.769036,6.96563,0.0,0.957079,1,0.04,1.0,0.0,True,19.970558
RDL-n25-08,No-Penalty,5,10000,0.1,0.4,0.997,100,506.916223,485.409115,13.93126,4.942464,2.633384,2,0.08,0.96,0.01977,True,19.881766
RDL-n25-08,No-Penalty,6,10000,0.1,0.4,0.997,100,506.826948,481.636554,20.89689,0.0,4.293505,3,0.12,1.0,0.0,True,21.650642
RDL-n25-08,No-Penalty,7,10000,0.1,0.4,0.997,100,507.691745,499.769036,6.96563,0.0,0.957079,1,0.04,1.0,0.0,True,22.563085
RDL-n25-08,No-Penalty,8,10000,0.1,0.4,0.997,100,506.826948,481.636554,20.89689,0.0,4.293505,3,0.12,1.0,0.0,True,21.910408
RDL-n25-08,No-Penalty,9,10000,0.1,0.4,0.997,100,506.826948,481.636554,20.89689,0.0,4.293505,3,0.12,1.0,0.0,True,20.778701
RDL-n25-08,No-Penalty,10,10000,0.1,0.4,0.997,100,507.691745,499.769036,6.96563,0.0,0.957079,1,0.04,1.0,0.0,True,19.190422
RDL-n25-08,No-DelayAware,1,10000,0.1,0.4,0.997,100,755.666719,484.732447,26.627349,242.768466,1.538457,2,0.08,0.84,0.971074,True,19.560466
RDL-n25-08,No-DelayAware,2,10000,0.1,0.4,0.997,100,795.084534,494.511605,6.96563,291.930993,1.676305,1,0.04,0.76,1.167724,True,19.791675
RDL-n25-08,No-DelayAware,3,10000,0.1,0.4,0.997,100,719.676466,487.563618,33.592979,195.321292,3.198577,3,0.12,0.88,0.781285,True,19.736219
RDL-n25-08,No-DelayAware,4,10000,0.1,0.4,0.997,100,738.601597,517.756965,6.96563,212.921923,0.957079,1,0.04,0.72,0.851688,True,21.117046
RDL-n25-08,No-DelayAware,5,10000,0.1,0.4,0.997,100,736.58816,506.616063,6.96563,221.330162,1.676305,1,0.04,0.84,0.885321,True,19.60154
RDL-n25-08,No-DelayAware,6,10000,0.1,0.4,0.997,100,782.959937,499.112709,0.0,283.847228,0.0,0,0.0,0.76,1.135389,True,21.153275
RDL-n25-08,No-DelayAware,7,10000,0.1,0.4,0.997,100,625.680135,490.359177,33.592979,98.513217,3.214762,3,0.12,0.88,0.394053,True,19.969152
RDL-n25-08,No-DelayAware,8,10000,0.1,0.4,0.997,100,620.148674,497.930932,6.96563,114.295033,0.957079,1,0.04,0.84,0.45718,True,19.769318
RDL-n25-08,No-DelayAware,9,10000,0.1,0.4,0.997,100,651.744,546.59084,0.0,105.15316,0.0,0,0.0,0.8,0.420613,True,20.068996
RDL-n25-08,No-DelayAware,10,10000,0.1,0.4,0.997,100,820.755972,499.107371,0.0,321.6486,0.0,0,0.0,0.8,1.286594,True,20.921246
RDL-n25-08,No-ModeSwitch,1,10000,0.1,0.4,0.997,100,505.682375,485.232851,13.93126,3.88488,2.633384,2,0.08,0.96,0.01554,True,20.658213
RDL-n25-08,No-ModeSwitch,2,10000,0.1,0.4,0.997,100,507.691745,499.769036,6.96563,0.0,0.957079,1,0.04,1.0,0.0,True,20.875262
RDL-n25-08,No-ModeSwitch,3,10000,0.1,0.4,0.997,100,506.909375,481.71898,20.89689,0.0,4.293505,3,0.12,1.0,0.0,True,20.608917
RDL-n25-08,No-ModeSwitch,4,10000,0.1,0.4,0.997,100,506.826948,481.636554,20.89689,0.0,4.293505,3,0.12,1.0,0.0,True,20.780925
RDL-n25-08,No-ModeSwitch,5,10000,0.1,0.4,0.997,100,507.691745,499.769036,6.96563,0.0,0.957079,1,0.04,1.0,0.0,True,20.947376
RDL-n25-08,No-ModeSwitch,6,10000,0.1,0.4,0.997,100,506.826948,481.636554,20.89689,0.0,4.293505,3,0.12,1.0,0.0,True,20.523987
RDL-n25-08,No-ModeSwitch,7,10000,0.1,0.4,0.997,100,506.826948,481.636554,20.89689,0.0,4.293505,3,0.12,1.0,0.0,True,20.617977
RDL-n25-08,No-ModeSwitch,8,10000,0.1,0.4,0.997,100,509.956161,493.391516,13.93126,0.0,2.633384,2,0.08,1.0,0.0,True,22.023434
RDL-n25-08,No-ModeSwitch,9,10000,0.1,0.4,0.997,100,506.826948,481.636554,20.89689,0.0,4.293505,3,0.12,1.0,0.0,True,22.817197
RDL-n25-08,No-ModeSwitch,10,10000,0.1,0.4,0.997,100,507.691745,499.769036,6.96563,0.0,0.957079,1,0.04,1.0,0.0,True,22.209808
RDL-n25-08,No-TWRemoval,1,10000,0.1,0.4,0.997,100,507.691745,499.769036,6.96563,0.0,0.957079,1,0.04,1.0,0.0,True,20.255202
RDL-n25-08,No-TWRemoval,2,10000,0.1,0.4,0.997,100,513.607596,502.316961,6.96563,3.367926,0.957079,1,0.04,0.96,0.013472,True,21.04737
RDL-n25-08,No-TWRemoval,3,10000,0.1,0.4,0.997,100,507.691745,499.769036,6.96563,0.0,0.957079,1,0.04,1.0,0.0,True,19.672255
RDL-n25-08,No-TWRemoval,4,10000,0.1,0.4,0.997,100,506.826948,481.636554,20.89689,0.0,4.293505,3,0.12,1.0,0.0,True,18.843122
RDL-n25-08,No-TWRemoval,5,10000,0.1,0.4,0.997,100,507.691745,499.769036,6.96563,0.0,0.957079,1,0.04,1.0,0.0,True,18.577816
RDL-n25-08,No-TWRemoval,6,10000,0.1,0.4,0.997,100,506.826948,481.636554,20.89689,0.0,4.293505,3,0.12,1.0,0.0,True,18.862273
RDL-n25-08,No-TWRemoval,7,10000,0.1,0.4,0.997,100,507.850856,499.928147,6.96563,0.0,0.957079,1,0.04,1.0,0.0,True,18.056877
RDL-n25-08,No-TWRemoval,8,10000,0.1,0.4,0.997,100,507.691745,499.769036,6.96563,0.0,0.957079,1,0.04,1.0,0.0,True,18.750101
RDL-n25-08,No-TWRemoval,9,10000,0.1,0.4,0.997,100,513.191129,501.900494,6.96563,3.367926,0.957079,1,0.04,0.96,0.013472,True,18.426321
RDL-n25-08,No-TWRemoval,10,10000,0.1,0.4,0.997,100,510.624973,499.334338,6.96563,3.367926,0.957079,1,0.04,0.96,0.013472,True,18.601332
RDL-n25-08,Basic-LNS,1,10000,0.1,0.4,0.997,100,508.260149,500.33744,6.96563,0.0,0.957079,1,0.04,1.0,0.0,True,10.122493
RDL-n25-08,Basic-LNS,2,10000,0.1,0.4,0.997,100,507.691745,499.769036,6.96563,0.0,0.957079,1,0.04,1.0,0.0,True,10.003302
RDL-n25-08,Basic-LNS,3,10000,0.1,0.4,0.997,100,509.744401,493.195941,13.93126,0.0,2.617199,2,0.08,1.0,0.0,True,10.269395
RDL-n25-08,Basic-LNS,4,10000,0.1,0.4,0.997,100,507.691745,499.769036,6.96563,0.0,0.957079,1,0.04,1.0,0.0,True,10.016937
RDL-n25-08,Basic-LNS,5,10000,0.1,0.4,0.997,100,507.691745,499.769036,6.96563,0.0,0.957079,1,0.04,1.0,0.0,True,10.076042
RDL-n25-08,Basic-LNS,6,10000,0.1,0.4,0.997,100,507.691745,499.769036,6.96563,0.0,0.957079,1,0.04,1.0,0.0,True,10.052052
RDL-n25-08,Basic-LNS,7,10000,0.1,0.4,0.997,100,513.589701,497.025057,13.93126,0.0,2.633384,2,0.08,1.0,0.0,True,10.162848
RDL-n25-08,Basic-LNS,8,10000,0.1,0.4,0.997,100,511.00114,503.078432,6.96563,0.0,0.957079,1,0.04,1.0,0.0,True,10.042185
RDL-n25-08,Basic-LNS,9,10000,0.1,0.4,0.997,100,513.589701,497.025057,13.93126,0.0,2.633384,2,0.08,1.0,0.0,True,10.167465
RDL-n25-08,Basic-LNS,10,10000,0.1,0.4,0.997,100,513.589701,497.025057,13.93126,0.0,2.633384,2,0.08,1.0,0.0,True,10.173744
RDL-n50-01,Full-ALNS,1,15000,0.1,0.4,0.997,100,711.881959,675.7287,30.72182,1.108621,4.322819,4,0.08,0.98,0.002217,True,177.578337
RDL-n50-01,Full-ALNS,2,15000,0.1,0.4,0.997,100,716.393079,660.699949,48.933253,0.0,6.759876,6,0.12,1.0,0.0,True,181.396643
RDL-n50-01,Full-ALNS,3,15000,0.1,0.4,0.997,100,713.735478,669.720656,39.906063,0.0,4.108759,5,0.1,1.0,0.0,True,179.624879
RDL-n50-01,Full-ALNS,4,15000,0.1,0.4,0.997,100,736.791461,721.668682,12.99532,0.0,2.12746,2,0.04,1.0,0.0,True,181.134602
RDL-n50-01,Full-ALNS,5,15000,0.1,0.4,0.997,100,729.284949,697.62375,26.863392,0.0,4.797807,4,0.08,1.0,0.0,True,194.007224
RDL-n50-01,Full-ALNS,6,15000,0.1,0.4,0.997,100,723.443788,658.600421,57.957,0.0,6.886367,7,0.14,1.0,0.0,True,193.468864
RDL-n50-01,Full-ALNS,7,15000,0.1,0.4,0.997,100,740.2146,693.957527,39.909507,0.0,6.347566,5,0.1,1.0,0.0,True,188.45512
RDL-n50-01,Full-ALNS,8,15000,0.1,0.4,0.997,100,717.456945,670.911695,39.909507,0.288178,6.347566,5,0.1,0.98,0.000576,True,186.228541
RDL-n50-01,Full-ALNS,9,15000,0.1,0.4,0.997,100,733.005044,696.851785,30.72182,1.108621,4.322819,4,0.08,0.98,0.002217,True,185.960579
RDL-n50-01,Full-ALNS,10,15000,0.1,0.4,0.997,100,722.555385,668.924452,48.769313,0.0,4.861621,6,0.12,1.0,0.0,True,176.063777
RDL-n50-01,Generic-ALNS,1,15000,0.1,0.4,0.997,100,1594.133933,649.68919,48.769313,890.813811,4.861621,6,0.12,0.82,1.781628,True,213.48007
RDL-n50-01,Generic-ALNS,2,15000,0.1,0.4,0.997,100,1980.641319,721.969293,51.465008,1203.929635,3.277384,5,0.1,0.8,2.407859,True,202.13209
RDL-n50-01,Generic-ALNS,3,15000,0.1,0.4,0.997,100,1635.204287,703.294836,18.047493,913.323157,0.538802,2,0.04,0.76,1.989463,True,202.494817
RDL-n50-01,Generic-ALNS,4,15000,0.1,0.4,0.997,100,1346.546878,672.940591,29.375759,641.070594,3.159933,3,0.06,0.82,1.282141,True,211.018807
RDL-n50-01,Generic-ALNS,5,15000,0.1,0.4,0.997,100,1513.735703,686.708811,17.886996,808.852159,0.287736,2,0.04,0.82,1.617704,True,209.816694
RDL-n50-01,Generic-ALNS,6,15000,0.1,0.4,0.997,100,2473.844876,710.401393,26.910743,1735.678964,0.853775,3,0.06,0.7,3.471358,True,215.721582
RDL-n50-01,Generic-ALNS,7,15000,0.1,0.4,0.997,100,1863.24594,640.423235,39.745566,1178.627829,4.44931,5,0.1,0.78,2.357256,True,203.791102
RDL-n50-01,Generic-ALNS,8,15000,0.1,0.4,0.997,100,1844.442763,688.398741,34.106939,1120.152433,1.784649,3,0.06,0.76,2.410677,True,192.670201
RDL-n50-01,Generic-ALNS,9,15000,0.1,0.4,0.997,100,1427.729861,708.295658,35.453,681.033668,2.947536,4,0.08,0.82,1.362067,True,204.867994
RDL-n50-01,Generic-ALNS,10,15000,0.1,0.4,0.997,100,1197.154918,758.893207,0.0,438.261711,0.0,0,0.0,0.9,0.876523,True,207.58691
RDL-n50-01,No-Adaptive,1,15000,0.1,0.4,0.997,100,728.917584,674.929679,48.769313,0.356972,4.861621,6,0.12,0.98,0.000714,True,147.291276
RDL-n50-01,No-Adaptive,2,15000,0.1,0.4,0.997,100,752.630685,658.862406,83.256739,0.153583,10.357958,10,0.2,0.98,0.000307,True,150.74606
RDL-n50-01,No-Adaptive,3,15000,0.1,0.4,0.997,100,754.927129,684.04426,62.637385,0.0,8.245485,8,0.16,1.0,0.0,True,147.902278
RDL-n50-01,No-Adaptive,4,15000,0.1,0.4,0.997,100,742.148158,726.708298,12.99532,0.31708,2.12746,2,0.04,0.98,0.000634,True,147.246216
RDL-n50-01,No-Adaptive,5,15000,0.1,0.4,0.997,100,721.504906,684.315599,30.882316,2.610542,3.696449,4,0.08,0.98,0.005221,True,150.137216
RDL-n50-01,No-Adaptive,6,15000,0.1,0.4,0.997,100,716.087044,664.669057,44.425951,1.183609,5.808427,6,0.12,0.98,0.002367,True,147.47036
RDL-n50-01,No-Adaptive,7,15000,0.1,0.4,0.997,100,723.840801,699.567784,22.019066,0.0,2.253951,3,0.06,1.0,0.0,True,149.252242
RDL-n50-01,No-Adaptive,8,15000,0.1,0.4,0.997,100,726.15008,692.441006,31.042813,0.0,2.666261,4,0.08,1.0,0.0,True,146.394117
RDL-n50-01,No-Adaptive,9,15000,0.1,0.4,0.997,100,722.42228,672.187902,44.425951,0.0,5.808427,6,0.12,1.0,0.0,True,150.11339
RDL-n50-01,No-Adaptive,10,15000,0.1,0.4,0.997,100,735.289623,695.723603,35.613496,1.183609,2.768915,4,0.08,0.98,0.002367,True,146.308275
RDL-n50-01,No-Restart,1,15000,0.1,0.4,0.997,100,720.321348,703.851614,12.99532,1.346954,2.12746,2,0.04,0.98,0.002694,True,150.187474
RDL-n50-01,No-Restart,2,15000,0.1,0.4,0.997,100,715.960613,681.077904,30.72182,0.0,4.160889,4,0.08,1.0,0.0,True,156.412916
RDL-n50-01,No-Restart,3,15000,0.1,0.4,0.997,100,708.540547,637.657678,62.637385,0.0,8.245485,8,0.16,1.0,0.0,True,180.756833
RDL-n50-01,No-Restart,4,15000,0.1,0.4,0.997,100,708.176348,655.879774,44.589892,0.0,7.706683,6,0.12,1.0,0.0,True,174.079425
RDL-n50-01,No-Restart,5,15000,0.1,0.4,0.997,100,713.573197,659.211777,48.769313,0.730486,4.861621,6,0.12,0.98,0.001461,True,168.143197
RDL-n50-01,No-Restart,6,15000,0.1,0.4,0.997,100,721.235712,662.012027,52.267578,0.0,6.956107,6,0.12,1.0,0.0,True,169.828852
RDL-n50-01,No-Restart,7,15000,0.1,0.4,0.997,100,717.629021,656.47752,53.34525,0.0,7.806251,8,0.16,1.0,0.0,True,164.646907
RDL-n50-01,No-Restart,8,15000,0.1,0.4,0.997,100,716.124656,662.493723,48.769313,0.0,4.861621,6,0.12,1.0,0.0,True,167.46147
RDL-n50-01,No-Restart,9,15000,0.1,0.4,0.997,100,726.615936,674.319361,44.589892,0.0,7.706683,6,0.12,1.0,0.0,True,159.175936
RDL-n50-01,No-Restart,10,15000,0.1,0.4,0.997,100,724.874444,675.549715,44.813769,0.0,4.51096,6,0.12,1.0,0.0,True,162.967339
RDL-n50-01,No-Penalty,1,15000,0.1,0.4,0.997,100,727.610163,668.660315,53.008227,0.0,5.941621,7,0.14,1.0,0.0,True,175.66148
RDL-n50-01,No-Penalty,2,15000,0.1,0.4,0.997,100,721.058522,676.137014,40.2305,0.0,4.691008,5,0.1,1.0,0.0,True,181.577537
RDL-n50-01,No-Penalty,3,15000,0.1,0.4,0.997,100,733.4699,683.281189,45.459199,0.0,4.729512,6,0.12,1.0,0.0,True,176.811604
RDL-n50-01,No-Penalty,4,15000,0.1,0.4,0.997,100,728.085835,703.812818,22.019066,0.0,2.253951,3,0.06,1.0,0.0,True,174.529053
RDL-n50-01,No-Penalty,5,15000,0.1,0.4,0.997,100,724.831694,685.574633,36.101875,0.0,3.155186,4,0.08,1.0,0.0,True,176.361047
RDL-n50-01,No-Penalty,6,15000,0.1,0.4,0.997,100,737.284782,680.297952,53.500493,0.0,3.486337,6,0.12,1.0,0.0,True,178.275853
RDL-n50-01,No-Penalty,7,15000,0.1,0.4,0.997,100,736.708184,694.879286,35.726642,0.0,6.102256,5,0.1,1.0,0.0,True,174.267896
RDL-n50-01,No-Penalty,8,15000,0.1,0.4,0.997,100,744.463755,689.236499,49.09375,0.0,6.133506,6,0.12,1.0,0.0,True,175.577689
RDL-n50-01,No-Penalty,9,15000,0.1,0.4,0.997,100,725.364393,681.349571,39.906063,0.0,4.108759,5,0.1,1.0,0.0,True,171.256343
RDL-n50-01,No-Penalty,10,15000,0.1,0.4,0.997,100,747.612234,693.981301,48.769313,0.0,4.861621,6,0.12,1.0,0.0,True,176.213162
RDL-n50-01,No-DelayAware,1,15000,0.1,0.4,0.997,100,948.303748,714.594215,55.757574,173.408429,4.543529,6,0.12,0.86,0.346817,True,143.773677
RDL-n50-01,No-DelayAware,2,15000,0.1,0.4,0.997,100,1208.377122,767.017968,0.0,441.359154,0.0,0,0.0,0.8,0.882718,True,138.882383
RDL-n50-01,No-DelayAware,3,15000,0.1,0.4,0.997,100,835.674103,738.272547,74.088438,16.649881,6.663237,9,0.18,0.94,0.0333,True,157.405455
RDL-n50-01,No-DelayAware,4,15000,0.1,0.4,0.997,100,827.356562,691.970114,39.58507,90.887629,4.91375,5,0.1,0.94,0.181775,True,145.882695
RDL-n50-01,No-DelayAware,5,15000,0.1,0.4,0.997,100,855.280368,712.315041,17.886996,124.790595,0.287736,2,0.04,0.88,0.249581,True,146.371639
RDL-n50-01,No-DelayAware,6,15000,0.1,0.4,0.997,100,1265.769135,781.601942,0.0,484.167193,0.0,0,0.0,0.86,0.968334,True,172.093084
RDL-n50-01,No-DelayAware,7,15000,0.1,0.4,0.997,100,909.709625,729.036682,26.910743,152.446216,1.315984,3,0.06,0.92,0.304892,True,141.647664
RDL-n50-01,No-DelayAware,8,15000,0.1,0.4,0.997,100,890.3566,734.052271,60.488754,91.75198,4.063595,6,0.12,0.96,0.183504,True,157.617115
RDL-n50-01,No-DelayAware,9,15000,0.1,0.4,0.997,100,1469.077414,772.085605,0.0,696.991809,0.0,0,0.0,0.84,1.393984,True,170.177062
RDL-n50-01,No-DelayAware,10,15000,0.1,0.4,0.997,100,1241.400289,713.837267,16.012008,511.221166,0.329848,1,0.02,0.82,1.022442,True,150.282112
RDL-n50-01,No-ModeSwitch,1,15000,0.1,0.4,0.997,100,726.723717,673.092784,48.769313,0.0,4.861621,6,0.12,1.0,0.0,True,184.44273
RDL-n50-01,No-ModeSwitch,2,15000,0.1,0.4,0.997,100,712.472696,677.428058,30.72182,0.0,4.322819,4,0.08,1.0,0.0,True,180.715447
RDL-n50-01,No-ModeSwitch,3,15000,0.1,0.4,0.997,100,734.581044,690.082224,39.58507,0.0,4.91375,5,0.1,1.0,0.0,True,183.731633
RDL-n50-01,No-ModeSwitch,4,15000,0.1,0.4,0.997,100,718.418371,657.489252,53.610194,1.108621,6.210305,7,0.14,0.98,0.002217,True,183.641372
RDL-n50-01,No-ModeSwitch,5,15000,0.1,0.4,0.997,100,726.993139,676.472941,44.425951,0.0,6.094247,6,0.12,1.0,0.0,True,181.786484
RDL-n50-01,No-ModeSwitch,6,15000,0.1,0.4,0.997,100,735.888837,682.004121,48.933253,0.0,4.951462,6,0.12,1.0,0.0,True,180.032401
RDL-n50-01,No-ModeSwitch,7,15000,0.1,0.4,0.997,100,738.412102,691.339521,39.745566,2.877705,4.44931,5,0.1,0.96,0.005755,True,185.084217
RDL-n50-01,No-ModeSwitch,8,15000,0.1,0.4,0.997,100,729.69816,689.185538,31.206754,4.741351,4.564517,4,0.08,0.98,0.009483,True,181.531614
RDL-n50-01,No-ModeSwitch,9,15000,0.1,0.4,0.997,100,739.363714,702.241635,30.72182,2.077441,4.322819,4,0.08,0.94,0.013081,True,185.845702
RDL-n50-01,No-ModeSwitch,10,15000,0.1,0.4,0.997,100,735.245903,681.311027,48.608816,0.0,5.326061,6,0.12,1.0,0.0,True,183.197899
RDL-n50-01,No-TWRemoval,1,15000,0.1,0.4,0.997,100,738.439971,663.11806,66.980746,0.31708,8.024084,8,0.16,0.98,0.000634,True,178.474788
RDL-n50-01,No-TWRemoval,2,15000,0.1,0.4,0.997,100,723.732072,666.116582,48.828807,0.0,8.786683,7,0.14,1.0,0.0,True,179.280536
RDL-n50-01,No-TWRemoval,3,15000,0.1,0.4,0.997,100,721.782441,685.554193,30.72182,1.183609,4.322819,4,0.08,0.98,0.002367,True,179.146184
RDL-n50-01,No-TWRemoval,4,15000,0.1,0.4,0.997,100,716.004086,654.557273,53.613638,0.0,7.833174,7,0.14,1.0,0.0,True,174.603352
RDL-n50-01,No-TWRemoval,5,15000,0.1,0.4,0.997,100,741.692238,668.882243,65.149752,1.766149,5.894093,7,0.14,0.96,0.003532,True,177.24367
RDL-n50-01,No-TWRemoval,6,15000,0.1,0.4,0.997,100,729.401034,686.237778,39.906063,0.0,3.257193,5,0.1,1.0,0.0,True,172.11425
RDL-n50-01,No-TWRemoval,7,15000,0.1,0.4,0.997,100,733.055775,693.568439,35.562701,0.0,3.924636,5,0.1,1.0,0.0,True,172.983944
RDL-n50-01,No-TWRemoval,8,15000,0.1,0.4,0.997,100,735.550023,681.91909,48.769313,0.0,4.861621,6,0.12,1.0,0.0,True,179.734867
RDL-n50-01,No-TWRemoval,9,15000,0.1,0.4,0.997,100,708.176348,655.879774,44.589892,0.0,7.706683,6,0.12,1.0,0.0,True,171.474264
RDL-n50-01,No-TWRemoval,10,15000,0.1,0.4,0.997,100,712.992368,679.283294,31.042813,0.0,2.666261,4,0.08,1.0,0.0,True,181.908095
RDL-n50-01,Basic-LNS,1,15000,0.1,0.4,0.997,100,724.34351,688.115262,30.72182,1.183609,4.322819,4,0.08,0.98,0.002367,True,54.100489
RDL-n50-01,Basic-LNS,2,15000,0.1,0.4,0.997,100,723.649481,667.104063,48.608816,2.610542,5.326061,6,0.12,0.98,0.005221,True,56.595121
RDL-n50-01,Basic-LNS,3,15000,0.1,0.4,0.997,100,717.209943,684.619293,26.097485,2.645359,3.847807,4,0.08,0.96,0.005291,True,53.930955
RDL-n50-01,Basic-LNS,4,15000,0.1,0.4,0.997,100,728.52815,722.429865,4.13207,0.0,1.966215,1,0.02,1.0,0.0,True,55.959979
RDL-n50-01,Basic-LNS,5,15000,0.1,0.4,0.997,100,716.285532,666.038038,44.910885,0.0,5.336609,6,0.12,1.0,0.0,True,56.431916
RDL-n50-01,Basic-LNS,6,15000,0.1,0.4,0.997,100,712.655506,659.024573,48.769313,0.0,4.861621,6,0.12,1.0,0.0,True,54.010715
RDL-n50-01,Basic-LNS,7,15000,0.1,0.4,0.997,100,735.260687,696.685494,34.056144,0.0,4.51905,4,0.08,1.0,0.0,True,54.312335
RDL-n50-01,Basic-LNS,8,15000,0.1,0.4,0.997,100,713.291054,639.908823,62.974407,0.0,10.407824,9,0.18,1.0,0.0,True,57.170146
RDL-n50-01,Basic-LNS,9,15000,0.1,0.4,0.997,100,720.195653,645.948266,67.144687,0.0,7.1027,8,0.16,1.0,0.0,True,57.701132
RDL-n50-01,Basic-LNS,10,15000,0.1,0.4,0.997,100,722.342037,678.147161,39.745566,0.0,4.44931,5,0.1,1.0,0.0,True,55.172925
RDL-n50-02,Full-ALNS,1,15000,0.1,0.4,0.997,100,860.659773,800.211976,51.442241,2.308466,6.697089,6,0.12,0.98,0.004617,True,185.789584
RDL-n50-02,Full-ALNS,2,15000,0.1,0.4,0.997,100,862.852931,820.545114,36.354604,0.678141,5.275072,4,0.08,0.98,0.001356,True,192.725961
RDL-n50-02,Full-ALNS,3,15000,0.1,0.4,0.997,100,867.846636,778.785211,68.421881,12.368666,8.270878,7,0.14,0.96,0.024737,True,189.941211
RDL-n50-02,Full-ALNS,4,15000,0.1,0.4,0.997,100,887.543263,773.034929,101.737279,0.0,12.771055,11,0.22,1.0,0.0,True,185.873572
RDL-n50-02,Full-ALNS,5,15000,0.1,0.4,0.997,100,860.82188,780.651142,69.77092,1.982336,8.417482,8,0.16,0.96,0.003965,True,180.919843
RDL-n50-02,Full-ALNS,6,15000,0.1,0.4,0.997,100,881.473095,805.734876,68.534211,0.0,7.204009,8,0.16,1.0,0.0,True,183.778619
RDL-n50-02,Full-ALNS,7,15000,0.1,0.4,0.997,100,882.358795,842.675312,33.416316,2.148583,4.118583,4,0.08,0.98,0.004297,True,184.723159
RDL-n50-02,Full-ALNS,8,15000,0.1,0.4,0.997,100,853.049079,811.519843,33.416316,2.142219,5.970701,4,0.08,0.96,0.004284,True,178.817661
RDL-n50-02,Full-ALNS,9,15000,0.1,0.4,0.997,100,868.496199,784.353834,75.9657,1.11666,7.060005,8,0.16,0.98,0.002233,True,179.897528
RDL-n50-02,Full-ALNS,10,15000,0.1,0.4,0.997,100,862.003062,803.475604,51.543159,1.464078,5.520221,6,0.12,0.98,0.002928,True,181.028381
RDL-n50-02,Generic-ALNS,1,15000,0.1,0.4,0.997,100,3617.333741,862.068372,7.644737,2746.63392,0.986712,1,0.02,0.62,5.493268,True,196.963493
RDL-n50-02,Generic-ALNS,2,15000,0.1,0.4,0.997,100,3520.764778,809.043364,33.315398,2675.756665,2.64935,4,0.08,0.54,5.351513,True,193.402056
RDL-n50-02,Generic-ALNS,3,15000,0.1,0.4,0.997,100,3723.983365,779.964237,16.890133,2925.316087,1.812908,2,0.04,0.66,5.850632,True,189.27964
RDL-n50-02,Generic-ALNS,4,15000,0.1,0.4,0.997,100,3327.727785,813.908138,15.188555,2495.200227,3.430865,2,0.04,0.66,4.9904,True,201.318571
RDL-n50-02,Generic-ALNS,5,15000,0.1,0.4,0.997,100,3521.960497,761.098583,44.115709,2712.869645,3.876559,5,0.1,0.58,5.425739,True,178.148115
RDL-n50-02,Generic-ALNS,6,15000,0.1,0.4,0.997,100,3250.307536,742.623659,57.939775,2442.924183,6.819919,6,0.12,0.66,4.885848,True,189.490983
RDL-n50-02,Generic-ALNS,7,15000,0.1,0.4,0.997,100,2898.956078,767.493172,67.185172,2057.150105,7.127629,7,0.14,0.66,4.1143,True,181.659629
RDL-n50-02,Generic-ALNS,8,15000,0.1,0.4,0.997,100,4023.290678,762.98507,15.188555,3243.017147,2.099905,2,0.04,0.66,6.486034,True,194.579095
RDL-n50-02,Generic-ALNS,9,15000,0.1,0.4,0.997,100,4552.082806,746.530004,43.374085,3759.247166,2.931551,4,0.08,0.5,7.518494,True,194.036686
RDL-n50-02,Generic-ALNS,10,15000,0.1,0.4,0.997,100,2494.250736,817.908467,16.890133,1657.639228,1.812908,2,0.04,0.7,3.315278,True,198.628378
RDL-n50-02,No-Adaptive,1,15000,0.1,0.4,0.997,100,889.819538,848.72335,35.117894,0.678141,5.300152,4,0.08,0.98,0.001356,True,148.018461
RDL-n50-02,No-Adaptive,2,15000,0.1,0.4,0.997,100,876.564349,800.999271,68.522799,0.0,7.042279,7,0.14,0.98,0.037009,True,149.798431
RDL-n50-02,No-Adaptive,3,15000,0.1,0.4,0.997,100,874.890504,834.832257,36.354604,0.0,3.703644,4,0.08,1.0,0.0,True,147.957041
RDL-n50-02,No-Adaptive,4,15000,0.1,0.4,0.997,100,891.057018,840.633136,43.99934,0.0,6.424541,5,0.1,1.0,0.0,True,151.895321
RDL-n50-02,No-Adaptive,5,15000,0.1,0.4,0.997,100,885.89923,791.439818,85.412933,0.0,9.046479,9,0.18,1.0,0.0,True,149.032857
RDL-n50-02,No-Adaptive,6,15000,0.1,0.4,0.997,100,879.816099,831.568791,41.061053,0.0,7.186255,5,0.1,1.0,0.0,True,149.682245
RDL-n50-02,No-Adaptive,7,15000,0.1,0.4,0.997,100,866.915762,803.830709,51.543159,3.637593,7.9043,6,0.12,0.98,0.007275,True,149.518801
RDL-n50-02,No-Adaptive,8,15000,0.1,0.4,0.997,100,869.25926,837.15432,28.709867,0.678141,2.716932,3,0.06,0.98,0.001356,True,147.756581
RDL-n50-02,No-Adaptive,9,15000,0.1,0.4,0.997,100,893.863536,834.738249,53.562942,1.012999,4.549346,6,0.12,0.98,0.002026,True,151.240934
RDL-n50-02,No-Adaptive,10,15000,0.1,0.4,0.997,100,878.42683,845.550824,27.574076,1.018425,4.283504,3,0.06,0.98,0.002037,True,151.029116
RDL-n50-02,No-Restart,1,15000,0.1,0.4,0.997,100,857.860398,810.365729,41.061053,0.0,6.433616,5,0.1,1.0,0.0,True,163.913038
RDL-n50-02,No-Restart,2,15000,0.1,0.4,0.997,100,858.339852,801.220782,50.30645,0.0,6.812621,6,0.12,1.0,0.0,True,167.274025
RDL-n50-02,No-Restart,3,15000,0.1,0.4,0.997,100,845.69545,808.632499,33.416316,0.0,3.646635,4,0.08,1.0,0.0,True,151.906971
RDL-n50-02,No-Restart,4,15000,0.1,0.4,0.997,100,851.063022,797.845333,42.661713,5.758592,4.797384,5,0.1,0.98,0.011517,True,159.566844
RDL-n50-02,No-Restart,5,15000,0.1,0.4,0.997,100,876.203697,803.507656,67.084254,0.441275,5.170513,7,0.14,0.96,0.000883,True,186.913378
RDL-n50-02,No-Restart,6,15000,0.1,0.4,0.997,100,875.343511,756.968947,106.241893,0.0,12.132671,12,0.24,1.0,0.0,True,188.855474
RDL-n50-02,No-Restart,7,15000,0.1,0.4,0.997,100,861.51312,790.551977,64.145966,0.0,6.815177,7,0.14,1.0,0.0,True,178.436647
RDL-n50-02,No-Restart,8,15000,0.1,0.4,0.997,100,875.902801,789.455217,77.880525,0.0,8.567059,9,0.18,1.0,0.0,True,178.138675
RDL-n50-02,No-Restart,9,15000,0.1,0.4,0.997,100,863.31676,805.881888,50.30645,0.0,7.128422,6,0.12,1.0,0.0,True,189.787498
RDL-n50-02,No-Restart,10,15000,0.1,0.4,0.997,100,858.347664,819.285664,33.416316,0.19614,5.449543,4,0.08,0.98,0.000392,True,165.705377
RDL-n50-02,No-Penalty,1,15000,0.1,0.4,0.997,100,871.084682,822.65275,43.898422,0.0,4.533509,5,0.1,1.0,0.0,True,177.771674
RDL-n50-02,No-Penalty,2,15000,0.1,0.4,0.997,100,856.742432,808.539343,43.898422,0.0,4.304667,5,0.1,1.0,0.0,True,182.950291
RDL-n50-02,No-Penalty,3,15000,0.1,0.4,0.997,100,866.825671,805.929164,54.481447,0.678141,5.736919,6,0.12,0.98,0.001356,True,184.141099
RDL-n50-02,No-Penalty,4,15000,0.1,0.4,0.997,100,875.52306,815.654688,53.345655,0.0,6.522716,6,0.12,1.0,0.0,True,180.533968
RDL-n50-02,No-Penalty,5,15000,0.1,0.4,0.997,100,860.627721,809.798159,45.700918,0.19614,4.932503,5,0.1,0.98,0.000392,True,184.390547
RDL-n50-02,No-Penalty,6,15000,0.1,0.4,0.997,100,872.261116,787.904451,75.9657,0.0,8.390965,8,0.16,1.0,0.0,True,184.921387
RDL-n50-02,No-Penalty,7,15000,0.1,0.4,0.997,100,858.477768,818.933768,33.416316,0.678141,5.449543,4,0.08,0.98,0.001356,True,176.452298
RDL-n50-02,No-Penalty,8,15000,0.1,0.4,0.997,100,874.783978,768.475535,94.759248,0.0,11.549196,10,0.2,1.0,0.0,True,182.601947
RDL-n50-02,No-Penalty,9,15000,0.1,0.4,0.997,100,846.474759,788.601461,51.543159,0.0,6.330139,6,0.12,1.0,0.0,True,192.761438
RDL-n50-02,No-Penalty,10,15000,0.1,0.4,0.997,100,872.799428,830.592597,36.354604,2.148583,3.703644,4,0.08,0.98,0.004297,True,179.542486
RDL-n50-02,No-DelayAware,1,15000,0.1,0.4,0.997,100,1829.010005,781.681503,51.543159,988.91459,6.870753,6,0.12,0.76,1.977829,True,157.187092
RDL-n50-02,No-DelayAware,2,15000,0.1,0.4,0.997,100,2289.523337,858.912589,7.543819,1421.953736,1.113194,1,0.02,0.7,2.843907,True,139.587459
RDL-n50-02,No-DelayAware,3,15000,0.1,0.4,0.997,100,1669.806095,784.024867,76.409265,803.784173,5.587791,7,0.14,0.82,1.607568,True,160.3597
RDL-n50-02,No-DelayAware,4,15000,0.1,0.4,0.997,100,1319.126132,888.889067,45.700918,380.900254,3.635892,5,0.1,0.82,0.761801,True,147.071603
RDL-n50-02,No-DelayAware,5,15000,0.1,0.4,0.997,100,1646.740697,795.224457,71.790703,770.7017,9.023837,8,0.16,0.78,1.541403,True,156.519098
RDL-n50-02,No-DelayAware,6,15000,0.1,0.4,0.997,100,2223.424472,828.297823,0.0,1395.126649,0.0,0,0.0,0.8,2.790253,True,145.859998
RDL-n50-02,No-DelayAware,7,15000,0.1,0.4,0.997,100,1574.371043,832.963124,40.859217,693.79323,6.755472,5,0.1,0.78,1.387586,True,131.915611
RDL-n50-02,No-DelayAware,8,15000,0.1,0.4,0.997,100,1962.526372,842.988306,10.901229,1107.53611,1.100727,1,0.02,0.76,2.215072,True,150.096384
RDL-n50-02,No-DelayAware,9,15000,0.1,0.4,0.997,100,2294.217854,853.62109,9.346315,1430.550736,0.699714,1,0.02,0.72,2.861101,True,136.37246
RDL-n50-02,No-DelayAware,10,15000,0.1,0.4,0.997,100,1274.797238,798.884743,97.904929,369.177519,8.830047,10,0.2,0.84,0.738355,True,152.958173
RDL-n50-02,No-ModeSwitch,1,15000,0.1,0.4,0.997,100,878.55113,775.729036,89.262252,1.650303,11.909539,11,0.22,0.98,0.003301,True,192.178422
RDL-n50-02,No-ModeSwitch,2,15000,0.1,0.4,0.997,100,866.939048,789.509781,68.534211,0.0,8.895056,8,0.16,1.0,0.0,True,194.76075
RDL-n50-02,No-ModeSwitch,3,15000,0.1,0.4,0.997,100,869.103559,818.034393,45.700918,0.0,5.368248,5,0.1,1.0,0.0,True,189.226888
RDL-n50-02,No-ModeSwitch,4,15000,0.1,0.4,0.997,100,863.944461,822.936383,33.416316,2.142219,5.449543,4,0.08,0.96,0.004284,True,193.391538
RDL-n50-02,No-ModeSwitch,5,15000,0.1,0.4,0.997,100,872.227572,833.609318,33.315398,0.19614,5.106715,4,0.08,0.98,0.000392,True,189.651975
RDL-n50-02,No-ModeSwitch,6,15000,0.1,0.4,0.997,100,873.032088,813.131684,54.481447,1.012999,4.405959,6,0.12,0.98,0.002026,True,196.726847
RDL-n50-02,No-ModeSwitch,7,15000,0.1,0.4,0.997,100,866.33479,827.604155,35.218812,0.08093,3.430892,4,0.08,0.98,0.000162,True,196.620911
RDL-n50-02,No-ModeSwitch,8,15000,0.1,0.4,0.997,100,868.298975,808.888249,53.143819,0.713175,5.553731,6,0.12,0.98,0.001426,True,187.702162
RDL-n50-02,No-ModeSwitch,9,15000,0.1,0.4,0.997,100,875.846627,782.255013,83.610437,0.0,9.981178,9,0.18,1.0,0.0,True,182.093841
RDL-n50-02,No-ModeSwitch,10,15000,0.1,0.4,0.997,100,860.264044,809.979668,43.99934,0.412858,5.872178,5,0.1,0.98,0.000826,True,195.411241
RDL-n50-02,No-TWRemoval,1,15000,0.1,0.4,0.997,100,877.845589,770.893062,92.855833,4.091134,10.005559,10,0.2,0.96,0.008182,True,182.635463
RDL-n50-02,No-TWRemoval,2,15000,0.1,0.4,0.997,100,861.758646,800.294685,53.244737,0.19614,8.023084,6,0.12,0.98,0.000392,True,172.799922
RDL-n50-02,No-TWRemoval,3,15000,0.1,0.4,0.997,100,868.986256,816.712653,43.898422,2.826724,5.548456,5,0.1,0.96,0.005653,True,170.090961
RDL-n50-02,No-TWRemoval,4,15000,0.1,0.4,0.997,100,867.713214,799.170312,60.889474,0.0,7.653428,7,0.14,1.0,0.0,True,170.814213
RDL-n50-02,No-TWRemoval,5,15000,0.1,0.4,0.997,100,863.883949,811.675004,46.937628,0.0,5.271317,5,0.1,1.0,0.0,True,171.283409
RDL-n50-02,No-TWRemoval,6,15000,0.1,0.4,0.997,100,877.259929,830.629717,40.960135,0.0,5.670077,5,0.1,1.0,0.0,True,168.487181
RDL-n50-02,No-TWRemoval,7,15000,0.1,0.4,0.997,100,873.560862,777.660024,86.649642,0.0,9.251196,9,0.18,1.0,0.0,True,179.669041
RDL-n50-02,No-TWRemoval,8,15000,0.1,0.4,0.997,100,856.313449,781.358244,62.126183,5.954732,6.87429,7,0.14,0.96,0.011909,True,175.45707
RDL-n50-02,No-TWRemoval,9,15000,0.1,0.4,0.997,100,873.550016,789.914291,73.972779,0.19614,9.466805,9,0.18,0.98,0.000392,True,174.250618
RDL-n50-02,No-TWRemoval,10,15000,0.1,0.4,0.997,100,876.020552,794.65212,69.670002,2.864339,8.834091,8,0.16,0.96,0.005729,True,170.832559
RDL-n50-02,Basic-LNS,1,15000,0.1,0.4,0.997,100,868.936641,809.889713,51.442241,1.464078,6.140609,6,0.12,0.98,0.002928,True,54.005556
RDL-n50-02,Basic-LNS,2,15000,0.1,0.4,0.997,100,866.872422,811.157688,48.503954,0.0,7.21078,6,0.12,1.0,0.0,True,54.80106
RDL-n50-02,Basic-LNS,3,15000,0.1,0.4,0.997,100,857.355725,788.908704,62.737637,1.464078,4.245307,6,0.12,0.98,0.002928,True,53.954029
RDL-n50-02,Basic-LNS,4,15000,0.1,0.4,0.997,100,881.661926,835.238854,40.859217,0.19614,5.367716,5,0.1,0.98,0.000392,True,54.79103
RDL-n50-02,Basic-LNS,5,15000,0.1,0.4,0.997,100,865.386245,776.764519,80.717895,0.0,7.903832,9,0.18,1.0,0.0,True,55.833262
RDL-n50-02,Basic-LNS,6,15000,0.1,0.4,0.997,100,851.058509,780.948746,60.889474,0.19614,9.024149,7,0.14,0.98,0.000392,True,55.251099
RDL-n50-02,Basic-LNS,7,15000,0.1,0.4,0.997,100,861.920909,790.86587,63.928679,0.0,7.12636,7,0.14,1.0,0.0,True,53.918195
RDL-n50-02,Basic-LNS,8,15000,0.1,0.4,0.997,100,909.604814,816.468156,83.610437,0.0,9.526221,9,0.18,1.0,0.0,True,55.233156
RDL-n50-02,Basic-LNS,9,15000,0.1,0.4,0.997,100,885.075107,813.940393,62.34347,1.560144,7.2311,7,0.14,0.98,0.00312,True,54.632735
RDL-n50-02,Basic-LNS,10,15000,0.1,0.4,0.997,100,899.969561,839.888409,54.582365,0.0,5.498788,6,0.12,1.0,0.0,True,53.490832
RDL-n50-03,Full-ALNS,1,15000,0.1,0.4,0.997,100,1092.277741,1017.397872,67.968602,0.0,6.911267,6,0.12,1.0,0.0,True,186.476677
RDL-n50-03,Full-ALNS,2,15000,0.1,0.4,0.997,100,1082.039921,1014.83541,60.498978,1.188303,5.517229,5,0.1,0.98,0.002377,True,193.227222
RDL-n50-03,Full-ALNS,3,15000,0.1,0.4,0.997,100,1117.710844,1027.182431,71.693155,11.984509,6.850748,6,0.12,0.96,0.023969,True,189.271135
RDL-n50-03,Full-ALNS,4,15000,0.1,0.4,0.997,100,1097.265697,1029.717702,60.700159,0.568884,6.278953,5,0.1,0.96,0.001138,True,182.266111
RDL-n50-03,Full-ALNS,5,15000,0.1,0.4,0.997,100,1097.957296,968.437107,118.873253,0.0,10.646936,9,0.18,1.0,0.0,True,186.332847
RDL-n50-03,Full-ALNS,6,15000,0.1,0.4,0.997,100,1084.423634,1025.080198,53.42739,0.0,5.916046,4,0.08,1.0,0.0,True,186.036327
RDL-n50-03,Full-ALNS,7,15000,0.1,0.4,0.997,100,1098.873756,904.961858,139.887683,42.239429,11.784787,9,0.18,0.96,0.084479,True,189.222893
RDL-n50-03,Full-ALNS,8,15000,0.1,0.4,0.997,100,1096.904434,1053.922933,37.918096,0.516847,4.546558,3,0.06,0.98,0.001034,True,183.362401
RDL-n50-03,Full-ALNS,9,15000,0.1,0.4,0.997,100,1091.510816,1031.9545,53.400525,1.188303,4.967487,4,0.08,0.98,0.002377,True,183.492125
RDL-n50-03,Full-ALNS,10,15000,0.1,0.4,0.997,100,1079.077889,1024.69004,49.28868,0.827178,4.271991,4,0.08,0.98,0.001654,True,191.276386
RDL-n50-03,Generic-ALNS,1,15000,0.1,0.4,0.997,100,2335.793842,1022.529536,0.0,1313.264306,0.0,0,0.0,0.66,2.626529,True,199.174289
RDL-n50-03,Generic-ALNS,2,15000,0.1,0.4,0.997,100,6312.705119,997.804917,0.0,5314.900202,0.0,0,0.0,0.38,10.6298,True,217.783376
RDL-n50-03,Generic-ALNS,3,15000,0.1,0.4,0.997,100,3956.307592,1000.013694,0.0,2956.293898,0.0,0,0.0,0.6,6.07465,True,205.498361
RDL-n50-03,Generic-ALNS,4,15000,0.1,0.4,0.997,100,3827.934719,1004.810956,11.391032,2810.756821,0.97591,1,0.02,0.6,5.621514,True,202.220098
RDL-n50-03,Generic-ALNS,5,15000,0.1,0.4,0.997,100,3878.375762,991.837595,11.391032,2872.988432,2.158703,1,0.02,0.62,5.745977,True,208.269437
RDL-n50-03,Generic-ALNS,6,15000,0.1,0.4,0.997,100,4538.853639,963.071247,26.703471,3547.209255,1.869666,2,0.04,0.52,7.094419,True,203.708804
RDL-n50-03,Generic-ALNS,7,15000,0.1,0.4,0.997,100,5675.303973,1027.867103,30.826059,4613.731104,2.879707,2,0.04,0.54,9.227462,True,214.862941
RDL-n50-03,Generic-ALNS,8,15000,0.1,0.4,0.997,100,4618.391029,984.973743,26.703471,3604.844148,1.869666,2,0.04,0.56,7.209688,True,215.399257
RDL-n50-03,Generic-ALNS,9,15000,0.1,0.4,0.997,100,2170.107111,1024.865013,0.0,1145.242098,0.0,0,0.0,0.72,2.290484,True,205.221069
RDL-n50-03,Generic-ALNS,10,15000,0.1,0.4,0.997,100,3357.351871,984.573626,11.391032,2360.411304,0.97591,1,0.02,0.68,4.720823,True,209.085001
RDL-n50-03,No-Adaptive,1,15000,0.1,0.4,0.997,100,1103.935724,936.090392,155.575619,0.0,12.269713,10,0.2,1.0,0.0,True,155.574858
RDL-n50-03,No-Adaptive,2,15000,0.1,0.4,0.997,100,1059.841873,852.832609,190.345624,2.024148,14.639492,12,0.24,0.98,0.004048,True,158.68524
RDL-n50-03,No-Adaptive,3,15000,0.1,0.4,0.997,100,1074.331879,969.495645,76.203036,19.944061,8.689137,6,0.12,0.92,0.039888,True,156.137103
RDL-n50-03,No-Adaptive,4,15000,0.1,0.4,0.997,100,1051.131769,860.47681,175.223623,0.0,15.431336,11,0.22,1.0,0.0,True,157.164343
RDL-n50-03,No-Adaptive,5,15000,0.1,0.4,0.997,100,1073.65796,1026.626068,33.795507,9.762233,3.474151,3,0.06,0.98,0.019524,True,153.220822
RDL-n50-03,No-Adaptive,6,15000,0.1,0.4,0.997,100,1090.343763,985.659428,95.624033,1.188303,7.871999,7,0.14,0.98,0.002377,True,154.684442
RDL-n50-03,No-Adaptive,7,15000,0.1,0.4,0.997,100,1106.392303,992.305563,102.906507,0.0,11.180234,8,0.16,1.0,0.0,True,154.525207
RDL-n50-03,No-Adaptive,8,15000,0.1,0.4,0.997,100,1094.051762,956.490763,128.48053,0.827178,8.253291,8,0.16,0.98,0.001654,True,157.722017
RDL-n50-03,No-Adaptive,9,15000,0.1,0.4,0.997,100,1095.066654,999.540749,84.247032,1.603786,9.675087,6,0.12,0.96,0.003208,True,152.514325
RDL-n50-03,No-Adaptive,10,15000,0.1,0.4,0.997,100,1095.301564,964.262651,121.796233,0.0,9.24268,7,0.14,1.0,0.0,True,155.164963
RDL-n50-03,No-Restart,1,15000,0.1,0.4,0.997,100,1105.484221,1040.411419,62.279561,0.0,2.793241,4,0.08,1.0,0.0,True,171.045711
RDL-n50-03,No-Restart,2,15000,0.1,0.4,0.997,100,1088.514129,1008.523528,72.075069,1.188303,6.727229,6,0.12,0.98,0.002377,True,181.986975
RDL-n50-03,No-Restart,3,15000,0.1,0.4,0.997,100,1093.623812,1060.283742,31.238208,0.257621,1.844242,2,0.04,0.98,0.000515,True,161.009887
RDL-n50-03,No-Restart,4,15000,0.1,0.4,0.997,100,1116.380075,1034.983283,73.243293,0.0,8.153499,5,0.1,1.0,0.0,True,174.938932
RDL-n50-03,No-Restart,5,15000,0.1,0.4,0.997,100,1083.834823,995.299375,80.346155,0.827178,7.362115,6,0.12,0.98,0.001654,True,179.564561
RDL-n50-03,No-Restart,6,15000,0.1,0.4,0.997,100,1088.243311,1023.483248,48.927214,11.213394,4.619455,4,0.08,0.94,0.022427,True,184.431421
RDL-n50-03,No-Restart,7,15000,0.1,0.4,0.997,100,1062.387996,967.533575,84.242706,1.188303,9.423411,6,0.12,0.98,0.002377,True,181.034987
RDL-n50-03,No-Restart,8,15000,0.1,0.4,0.997,100,1074.040489,1006.455798,60.302124,1.188303,6.094263,5,0.1,0.98,0.002377,True,168.071205
RDL-n50-03,No-Restart,9,15000,0.1,0.4,0.997,100,1080.430573,987.023222,68.744155,16.359575,8.303621,5,0.1,0.94,0.032719,True,168.251521
RDL-n50-03,No-Restart,10,15000,0.1,0.4,0.997,100,1079.522585,1014.930583,57.52953,1.188303,5.874169,4,0.08,0.98,0.002377,True,163.595677
RDL-n50-03,No-Penalty,1,15000,0.1,0.4,0.997,100,1056.550951,989.217537,60.302124,1.509576,5.521714,5,0.1,0.98,0.003019,True,177.821262
RDL-n50-03,No-Penalty,2,15000,0.1,0.4,0.997,100,1090.894008,1010.538381,71.89001,2.470475,5.995141,6,0.12,0.98,0.004941,True,186.184136
RDL-n50-03,No-Penalty,3,15000,0.1,0.4,0.997,100,1076.372707,966.679602,84.659181,16.276957,8.756968,6,0.12,0.96,0.032554,True,190.355229
RDL-n50-03,No-Penalty,4,15000,0.1,0.4,0.997,100,1091.012148,1038.760354,37.91377,10.470294,3.86773,3,0.06,0.96,0.020941,True,179.116202
RDL-n50-03,No-Penalty,5,15000,0.1,0.4,0.997,100,1072.777497,894.679471,163.832591,0.082618,14.182817,10,0.2,0.98,0.000165,True,187.603472
RDL-n50-03,No-Penalty,6,15000,0.1,0.4,0.997,100,1087.167895,1012.242579,53.420973,15.088653,6.41569,4,0.08,0.98,0.030177,True,173.140093
RDL-n50-03,No-Penalty,7,15000,0.1,0.4,0.997,100,1086.437116,961.496752,108.624619,6.57601,9.739735,7,0.14,0.98,0.013152,True,181.633278
RDL-n50-03,No-Penalty,8,15000,0.1,0.4,0.997,100,1068.7047,963.466594,95.4433,1.13643,8.658376,7,0.14,0.96,0.002273,True,185.708382
RDL-n50-03,No-Penalty,9,15000,0.1,0.4,0.997,100,1105.748652,1050.807308,49.485534,1.188303,4.267507,4,0.08,0.98,0.002377,True,189.263761
RDL-n50-03,No-Penalty,10,15000,0.1,0.4,0.997,100,1067.569327,954.948951,87.594068,15.088653,9.937656,7,0.14,0.98,0.030177,True,192.705117
RDL-n50-03,No-DelayAware,1,15000,0.1,0.4,0.997,100,2446.267291,1006.919152,11.391032,1426.981198,0.97591,1,0.02,0.66,2.853962,True,177.083833
RDL-n50-03,No-DelayAware,2,15000,0.1,0.4,0.997,100,2443.818336,1007.30462,22.782063,1410.59704,3.134613,2,0.04,0.66,2.873733,True,167.115438
RDL-n50-03,No-DelayAware,3,15000,0.1,0.4,0.997,100,2578.846416,1015.172,11.391032,1551.307474,0.97591,1,0.02,0.74,3.102615,True,168.659005
RDL-n50-03,No-DelayAware,4,15000,0.1,0.4,0.997,100,2264.363637,1044.429952,0.0,1219.933685,0.0,0,0.0,0.7,2.439867,True,179.407037
RDL-n50-03,No-DelayAware,5,15000,0.1,0.4,0.997,100,2782.915311,1027.812196,0.0,1755.103115,0.0,0,0.0,0.62,3.510206,True,161.359738
RDL-n50-03,No-DelayAware,6,15000,0.1,0.4,0.997,100,2517.838812,1004.2194,11.391032,1501.25247,0.97591,1,0.02,0.78,3.002505,True,157.698305
RDL-n50-03,No-DelayAware,7,15000,0.1,0.4,0.997,100,2027.598293,990.228754,115.680086,909.918638,11.770815,8,0.16,0.72,1.819837,True,152.410912
RDL-n50-03,No-DelayAware,8,15000,0.1,0.4,0.997,100,2163.237983,1013.251839,11.391032,1137.619202,0.97591,1,0.02,0.74,2.275238,True,149.666568
RDL-n50-03,No-DelayAware,9,15000,0.1,0.4,0.997,100,1729.678436,1022.295557,0.0,707.382879,0.0,0,0.0,0.76,1.414766,True,178.714536
RDL-n50-03,No-DelayAware,10,15000,0.1,0.4,0.997,100,2095.874426,1019.123945,0.0,1076.750481,0.0,0,0.0,0.68,2.153501,True,169.884632
RDL-n50-03,No-ModeSwitch,1,15000,0.1,0.4,0.997,100,1073.308031,975.374774,91.30459,0.0,6.628667,7,0.14,1.0,0.0,True,186.234149
RDL-n50-03,No-ModeSwitch,2,15000,0.1,0.4,0.997,100,1080.403102,983.21181,83.285367,3.642715,10.263209,7,0.14,0.98,0.007285,True,189.015397
RDL-n50-03,No-ModeSwitch,3,15000,0.1,0.4,0.997,100,1048.324978,980.524093,60.695833,1.188303,5.916749,5,0.1,0.98,0.002377,True,182.736266
RDL-n50-03,No-ModeSwitch,4,15000,0.1,0.4,0.997,100,1068.858141,977.507744,84.464417,0.0,6.88598,6,0.12,1.0,0.0,True,198.579499
RDL-n50-03,No-ModeSwitch,5,15000,0.1,0.4,0.997,100,1071.181874,972.335977,88.566557,2.459919,7.819421,6,0.12,0.94,0.00492,True,190.897122
RDL-n50-03,No-ModeSwitch,6,15000,0.1,0.4,0.997,100,1081.691039,982.477118,92.487965,0.0,6.725956,6,0.12,1.0,0.0,True,190.215006
RDL-n50-03,No-ModeSwitch,7,15000,0.1,0.4,0.997,100,1082.364253,959.641818,91.71233,20.049028,10.961077,7,0.14,0.94,0.040098,True,197.939954
RDL-n50-03,No-ModeSwitch,8,15000,0.1,0.4,0.997,100,1102.395272,1018.092548,75.831866,0.827178,7.643681,6,0.12,0.98,0.001654,True,197.846559
RDL-n50-03,No-ModeSwitch,9,15000,0.1,0.4,0.997,100,1109.530536,1036.448133,64.631272,1.188303,7.262828,5,0.1,0.98,0.002377,True,190.035143
RDL-n50-03,No-ModeSwitch,10,15000,0.1,0.4,0.997,100,1089.05656,1023.216672,57.719968,2.015481,6.104438,4,0.08,0.96,0.004031,True,185.305936
RDL-n50-03,No-TWRemoval,1,15000,0.1,0.4,0.997,100,1078.592274,994.816529,76.008272,1.188303,6.579169,6,0.12,0.98,0.002377,True,175.328439
RDL-n50-03,No-TWRemoval,2,15000,0.1,0.4,0.997,100,1061.340883,872.465967,174.63515,1.1846,13.055166,11,0.22,0.98,0.002369,True,186.817378
RDL-n50-03,No-TWRemoval,3,15000,0.1,0.4,0.997,100,1092.31564,998.418422,84.856035,0.0,9.041183,6,0.12,1.0,0.0,True,178.065638
RDL-n50-03,No-TWRemoval,4,15000,0.1,0.4,0.997,100,1104.389294,1027.105754,60.503304,9.880234,6.900002,5,0.1,0.98,0.01976,True,184.603731
RDL-n50-03,No-TWRemoval,5,15000,0.1,0.4,0.997,100,1076.584159,1033.105547,38.295683,0.0,5.18293,3,0.06,1.0,0.0,True,173.662448
RDL-n50-03,No-TWRemoval,6,15000,0.1,0.4,0.997,100,1102.886032,1026.85939,68.924888,0.0,7.101754,5,0.1,1.0,0.0,True,180.542867
RDL-n50-03,No-TWRemoval,7,15000,0.1,0.4,0.997,100,1079.419077,1002.32343,60.302124,11.271809,5.521714,5,0.1,0.96,0.022544,True,183.11638
RDL-n50-03,No-TWRemoval,8,15000,0.1,0.4,0.997,100,1093.792861,1060.607262,22.782063,8.179107,2.224429,2,0.04,0.96,0.016358,True,176.140468
RDL-n50-03,No-TWRemoval,9,15000,0.1,0.4,0.997,100,1069.227988,1001.568753,60.302124,1.835398,5.521714,5,0.1,0.96,0.003671,True,175.462291
RDL-n50-03,No-TWRemoval,10,15000,0.1,0.4,0.997,100,1098.238525,1036.914116,53.79856,1.863488,5.66236,4,0.08,0.96,0.003727,True,187.723944
RDL-n50-03,Basic-LNS,1,15000,0.1,0.4,0.997,100,1118.615044,1030.231184,68.914145,12.691687,6.778028,5,0.1,0.96,0.025383,True,55.921701
RDL-n50-03,Basic-LNS,2,15000,0.1,0.4,0.997,100,1125.849283,1064.23516,53.445829,2.406464,5.76183,4,0.08,0.98,0.004813,True,55.202452
RDL-n50-03,Basic-LNS,3,15000,0.1,0.4,0.997,100,1056.174897,980.983385,68.522527,2.045322,4.623663,5,0.1,0.96,0.004091,True,54.979862
RDL-n50-03,Basic-LNS,4,15000,0.1,0.4,0.997,100,1090.04399,950.416713,111.362651,15.088653,13.175972,8,0.16,0.98,0.030177,True,56.275274
RDL-n50-03,Basic-LNS,5,15000,0.1,0.4,0.997,100,1092.628248,1019.785051,66.200969,2.608612,4.033617,4,0.08,0.98,0.005217,True,55.58684
RDL-n50-03,Basic-LNS,6,15000,0.1,0.4,0.997,100,1081.620717,1011.694702,53.626562,11.783506,4.515948,4,0.08,0.98,0.023567,True,56.182689
RDL-n50-03,Basic-LNS,7,15000,0.1,0.4,0.997,100,1139.83365,969.424479,115.50577,44.020292,10.88311,8,0.16,0.94,0.088041,True,55.493734
RDL-n50-03,Basic-LNS,8,15000,0.1,0.4,0.997,100,1091.92987,982.398985,98.788245,0.0,10.74264,8,0.16,1.0,0.0,True,57.050329
RDL-n50-03,Basic-LNS,9,15000,0.1,0.4,0.997,100,1092.079394,973.598802,107.029095,0.0,11.451496,8,0.16,1.0,0.0,True,55.975825
RDL-n50-03,Basic-LNS,10,15000,0.1,0.4,0.997,100,1096.028976,1018.5581,69.31218,0.0,8.158696,5,0.1,1.0,0.0,True,55.153536
RDL-n50-04,Full-ALNS,1,15000,0.1,0.4,0.997,100,753.207727,742.465621,8.775078,0.0,1.967028,1,0.02,1.0,0.0,True,167.807881
RDL-n50-04,Full-ALNS,2,15000,0.1,0.4,0.997,100,767.785707,760.228514,4.513491,1.287684,1.756018,1,0.02,0.98,0.002575,True,169.838379
RDL-n50-04,Full-ALNS,3,15000,0.1,0.4,0.997,100,758.720574,747.978467,8.775078,0.0,1.967028,1,0.02,1.0,0.0,True,175.93802
RDL-n50-04,Full-ALNS,4,15000,0.1,0.4,0.997,100,760.311089,754.53241,4.513491,0.263391,1.001798,1,0.02,0.98,0.000527,True,167.738061
RDL-n50-04,Full-ALNS,5,15000,0.1,0.4,0.997,100,773.268439,762.262942,8.775078,0.263391,1.967028,1,0.02,0.98,0.000527,True,172.423101
RDL-n50-04,Full-ALNS,6,15000,0.1,0.4,0.997,100,779.250228,748.833861,24.022575,0.0,6.393792,4,0.08,1.0,0.0,True,173.432771
RDL-n50-04,Full-ALNS,7,15000,0.1,0.4,0.997,100,757.044143,742.525055,10.734005,0.585639,3.199444,2,0.04,0.98,0.001171,True,165.56005
RDL-n50-04,Full-ALNS,8,15000,0.1,0.4,0.997,100,780.158214,773.473341,0.0,6.684872,0.0,0,0.0,0.98,0.01337,True,174.189855
RDL-n50-04,Full-ALNS,9,15000,0.1,0.4,0.997,100,774.945511,727.222779,45.998404,0.0,1.724328,3,0.06,1.0,0.0,True,173.534182
RDL-n50-04,Full-ALNS,10,15000,0.1,0.4,0.997,100,777.533645,777.533645,0.0,0.0,0.0,0,0.0,1.0,0.0,True,172.153309
RDL-n50-04,Generic-ALNS,1,15000,0.1,0.4,0.997,100,1884.422997,746.682578,0.0,1137.740419,0.0,0,0.0,0.68,2.275481,True,191.244007
RDL-n50-04,Generic-ALNS,2,15000,0.1,0.4,0.997,100,2976.225712,705.217519,8.239272,2261.260412,1.508509,1,0.02,0.64,4.522521,True,199.058061
RDL-n50-04,Generic-ALNS,3,15000,0.1,0.4,0.997,100,1108.012773,757.100407,0.0,350.912366,0.0,0,0.0,0.88,0.701825,True,199.316567
RDL-n50-04,Generic-ALNS,4,15000,0.1,0.4,0.997,100,1900.731788,683.961834,61.331206,1152.113379,3.325369,4,0.08,0.74,2.304227,True,185.258919
RDL-n50-04,Generic-ALNS,5,15000,0.1,0.4,0.997,100,1622.272696,725.697892,0.0,896.574805,0.0,0,0.0,0.76,1.883913,True,190.761306
RDL-n50-04,Generic-ALNS,6,15000,0.1,0.4,0.997,100,2628.797132,695.661423,15.332801,1917.381007,0.4219,1,0.02,0.68,3.834762,True,191.988165
RDL-n50-04,Generic-ALNS,7,15000,0.1,0.4,0.997,100,3203.368605,697.367232,16.716465,2487.152079,2.132829,2,0.04,0.56,4.974304,True,205.053513
RDL-n50-04,Generic-ALNS,8,15000,0.1,0.4,0.997,100,3093.494152,709.920352,0.0,2383.573799,0.0,0,0.0,0.66,4.767148,True,220.113056
RDL-n50-04,Generic-ALNS,9,15000,0.1,0.4,0.997,100,3453.836942,712.139123,15.332801,2725.943117,0.4219,1,0.02,0.62,5.451886,True,200.639915
RDL-n50-04,Generic-ALNS,10,15000,0.1,0.4,0.997,100,1914.984839,731.362003,16.716465,1164.773543,2.132829,2,0.04,0.7,2.329547,True,180.660121
RDL-n50-04,No-Adaptive,1,15000,0.1,0.4,0.997,100,785.039698,759.575749,19.846292,3.097948,2.519709,2,0.04,0.98,0.006196,True,152.152189
RDL-n50-04,No-Adaptive,2,15000,0.1,0.4,0.997,100,775.996047,756.772011,14.995593,0.0,4.228444,2,0.04,1.0,0.0,True,148.676105
RDL-n50-04,No-Adaptive,3,15000,0.1,0.4,0.997,100,779.625607,768.62011,8.775078,0.263391,1.967028,1,0.02,0.98,0.000527,True,148.459156
RDL-n50-04,No-Adaptive,4,15000,0.1,0.4,0.997,100,770.813007,700.641143,65.844697,0.0,4.327168,5,0.1,1.0,0.0,True,148.370261
RDL-n50-04,No-Adaptive,5,15000,0.1,0.4,0.997,100,790.427223,770.666922,13.288569,3.502906,2.968827,2,0.04,0.98,0.007006,True,147.945525
RDL-n50-04,No-Adaptive,6,15000,0.1,0.4,0.997,100,749.042871,748.779481,0.0,0.263391,0.0,0,0.0,0.98,0.000527,True,148.946545
RDL-n50-04,No-Adaptive,7,15000,0.1,0.4,0.997,100,751.520658,751.520658,0.0,0.0,0.0,0,0.0,1.0,0.0,True,149.021702
RDL-n50-04,No-Adaptive,8,15000,0.1,0.4,0.997,100,792.621998,719.655735,61.245901,2.566107,9.154255,6,0.12,0.98,0.005132,True,150.283388
RDL-n50-04,No-Adaptive,9,15000,0.1,0.4,0.997,100,768.025748,767.762357,0.0,0.263391,0.0,0,0.0,0.98,0.000527,True,148.221764
RDL-n50-04,No-Adaptive,10,15000,0.1,0.4,0.997,100,775.008409,743.968526,14.995593,11.815846,4.228444,2,0.04,0.98,0.023632,True,145.919219
RDL-n50-04,No-Restart,1,15000,0.1,0.4,0.997,100,767.453917,756.597716,8.775078,0.114095,1.967028,1,0.02,0.98,0.000228,True,140.237986
RDL-n50-04,No-Restart,2,15000,0.1,0.4,0.997,100,780.710203,757.566862,17.80206,0.263391,5.07789,3,0.06,0.98,0.000527,True,161.928648
RDL-n50-04,No-Restart,3,15000,0.1,0.4,0.997,100,762.3279,751.585794,8.775078,0.0,1.967028,1,0.02,1.0,0.0,True,158.262783
RDL-n50-04,No-Restart,4,15000,0.1,0.4,0.997,100,779.542256,760.318219,14.995593,0.0,4.228444,2,0.04,1.0,0.0,True,163.076706
RDL-n50-04,No-Restart,5,15000,0.1,0.4,0.997,100,762.615795,739.825499,17.80206,0.263391,4.724845,3,0.06,0.98,0.000527,True,145.707969
RDL-n50-04,No-Restart,6,15000,0.1,0.4,0.997,100,755.52955,678.835,69.233269,0.0,7.461281,6,0.12,1.0,0.0,True,159.696773
RDL-n50-04,No-Restart,7,15000,0.1,0.4,0.997,100,746.850036,671.073084,69.552151,0.0,6.224801,6,0.12,1.0,0.0,True,165.159186
RDL-n50-04,No-Restart,8,15000,0.1,0.4,0.997,100,779.800716,779.800716,0.0,0.0,0.0,0,0.0,1.0,0.0,True,179.310158
RDL-n50-04,No-Restart,9,15000,0.1,0.4,0.997,100,763.848088,749.096649,10.734005,0.0,4.017434,2,0.04,1.0,0.0,True,157.69706
RDL-n50-04,No-Restart,10,15000,0.1,0.4,0.997,100,759.339277,733.945164,17.80206,2.514164,5.07789,3,0.06,0.98,0.005028,True,171.201835
RDL-n50-04,No-Penalty,1,15000,0.1,0.4,0.997,100,753.626121,753.626121,0.0,0.0,0.0,0,0.0,1.0,0.0,True,177.106579
RDL-n50-04,No-Penalty,2,15000,0.1,0.4,0.997,100,773.416294,773.416294,0.0,0.0,0.0,0,0.0,1.0,0.0,True,169.76765
RDL-n50-04,No-Penalty,3,15000,0.1,0.4,0.997,100,768.978587,762.709078,4.513491,0.0,1.756018,1,0.02,1.0,0.0,True,170.373137
RDL-n50-04,No-Penalty,4,15000,0.1,0.4,0.997,100,775.428176,775.428176,0.0,0.0,0.0,0,0.0,1.0,0.0,True,175.394056
RDL-n50-04,No-Penalty,5,15000,0.1,0.4,0.997,100,761.011897,674.800909,76.578702,1.287684,8.344601,7,0.14,0.98,0.002575,True,175.368588
RDL-n50-04,No-Penalty,6,15000,0.1,0.4,0.997,100,788.952946,788.952946,0.0,0.0,0.0,0,0.0,1.0,0.0,True,175.45477
RDL-n50-04,No-Penalty,7,15000,0.1,0.4,0.997,100,780.843098,780.843098,0.0,0.0,0.0,0,0.0,1.0,0.0,True,170.815113
RDL-n50-04,No-Penalty,8,15000,0.1,0.4,0.997,100,781.134666,696.827605,71.787833,4.162542,8.356686,6,0.12,0.96,0.008325,True,175.731652
RDL-n50-04,No-Penalty,9,15000,0.1,0.4,0.997,100,761.256651,761.256651,0.0,0.0,0.0,0,0.0,1.0,0.0,True,176.34027
RDL-n50-04,No-Penalty,10,15000,0.1,0.4,0.997,100,781.26629,781.26629,0.0,0.0,0.0,0,0.0,1.0,0.0,True,176.182426
RDL-n50-04,No-DelayAware,1,15000,0.1,0.4,0.997,100,1752.010251,788.198424,10.734005,950.621343,2.456478,2,0.04,0.7,1.967703,True,139.791769
RDL-n50-04,No-DelayAware,2,15000,0.1,0.4,0.997,100,1410.364036,771.834129,0.0,638.529907,0.0,0,0.0,0.78,1.27706,True,160.770342
RDL-n50-04,No-DelayAware,3,15000,0.1,0.4,0.997,100,1196.195114,755.136884,0.0,441.05823,0.0,0,0.0,0.84,0.882116,True,160.404315
RDL-n50-04,No-DelayAware,4,15000,0.1,0.4,0.997,100,1422.421024,781.489165,0.0,640.931859,0.0,0,0.0,0.82,1.281864,True,181.839476
RDL-n50-04,No-DelayAware,5,15000,0.1,0.4,0.997,100,1531.902256,789.920974,0.0,741.981282,0.0,0,0.0,0.76,1.483963,True,171.855821
RDL-n50-04,No-DelayAware,6,15000,0.1,0.4,0.997,100,1541.068402,765.90044,6.220514,767.845813,1.101635,1,0.02,0.76,1.535692,True,157.7751
RDL-n50-04,No-DelayAware,7,15000,0.1,0.4,0.997,100,1510.693879,788.774455,8.558154,713.089241,0.272029,1,0.02,0.76,1.487355,True,148.442815
RDL-n50-04,No-DelayAware,8,15000,0.1,0.4,0.997,100,1371.721382,766.336547,8.239272,595.637054,1.508509,1,0.02,0.76,1.570519,True,163.529047
RDL-n50-04,No-DelayAware,9,15000,0.1,0.4,0.997,100,1829.775905,751.436853,16.716465,1059.489758,2.132829,2,0.04,0.66,2.11898,True,156.932223
RDL-n50-04,No-DelayAware,10,15000,0.1,0.4,0.997,100,1661.333067,751.153568,0.0,910.179499,0.0,0,0.0,0.8,1.820359,True,193.868586
RDL-n50-04,No-ModeSwitch,1,15000,0.1,0.4,0.997,100,781.668467,764.656851,13.288569,0.0,3.723046,2,0.04,0.98,0.031709,True,175.857753
RDL-n50-04,No-ModeSwitch,2,15000,0.1,0.4,0.997,100,747.940321,737.198214,8.775078,0.0,1.967028,1,0.02,1.0,0.0,True,171.051775
RDL-n50-04,No-ModeSwitch,3,15000,0.1,0.4,0.997,100,770.662783,744.827447,19.509084,0.0,6.326252,3,0.06,1.0,0.0,True,181.143299
RDL-n50-04,No-ModeSwitch,4,15000,0.1,0.4,0.997,100,746.043242,728.386531,13.288569,1.399316,2.968827,2,0.04,0.96,0.002799,True,178.992549
RDL-n50-04,No-ModeSwitch,5,15000,0.1,0.4,0.997,100,790.74421,790.74421,0.0,0.0,0.0,0,0.0,1.0,0.0,True,183.187059
RDL-n50-04,No-ModeSwitch,6,15000,0.1,0.4,0.997,100,769.75918,769.75918,0.0,0.0,0.0,0,0.0,1.0,0.0,True,180.911289
RDL-n50-04,No-ModeSwitch,7,15000,0.1,0.4,0.997,100,787.84258,763.07997,18.973277,0.263391,5.525943,3,0.06,0.98,0.000527,True,168.171408
RDL-n50-04,No-ModeSwitch,8,15000,0.1,0.4,0.997,100,763.324552,751.714881,4.513491,5.340162,1.756018,1,0.02,0.98,0.01068,True,176.779108
RDL-n50-04,No-ModeSwitch,9,15000,0.1,0.4,0.997,100,770.354529,753.480697,13.288569,0.263391,3.321871,2,0.04,0.98,0.000527,True,185.559886
RDL-n50-04,No-ModeSwitch,10,15000,0.1,0.4,0.997,100,764.668691,764.668691,0.0,0.0,0.0,0,0.0,1.0,0.0,True,178.047293
RDL-n50-04,No-TWRemoval,1,15000,0.1,0.4,0.997,100,770.683974,744.848638,19.509084,0.0,6.326252,3,0.06,1.0,0.0,True,160.778378
RDL-n50-04,No-TWRemoval,2,15000,0.1,0.4,0.997,100,755.978021,691.184216,59.286974,0.813677,4.693154,5,0.1,0.98,0.001627,True,169.621902
RDL-n50-04,No-TWRemoval,3,15000,0.1,0.4,0.997,100,749.409973,719.490332,25.891386,1.662706,2.365549,3,0.06,0.94,0.003325,True,170.743316
RDL-n50-04,No-TWRemoval,4,15000,0.1,0.4,0.997,100,779.895436,779.874117,0.0,0.021319,0.0,0,0.0,0.98,4.3e-05,True,169.467251
RDL-n50-04,No-TWRemoval,5,15000,0.1,0.4,0.997,100,768.662696,731.669366,32.882958,0.0,4.110371,3,0.06,1.0,0.0,True,149.711039
RDL-n50-04,No-TWRemoval,6,15000,0.1,0.4,0.997,100,769.948616,752.499668,12.752763,1.795265,2.90092,2,0.04,0.96,0.003591,True,164.141887
RDL-n50-04,No-TWRemoval,7,15000,0.1,0.4,0.997,100,766.062605,698.032211,56.73241,5.541371,5.756613,5,0.1,0.98,0.011083,True,173.583292
RDL-n50-04,No-TWRemoval,8,15000,0.1,0.4,0.997,100,777.019645,768.537715,6.220514,0.0,2.261415,1,0.02,1.0,0.0,True,165.112997
RDL-n50-04,No-TWRemoval,9,15000,0.1,0.4,0.997,100,796.393883,722.659541,69.335227,0.0,4.399115,6,0.12,1.0,0.0,True,177.747598
RDL-n50-04,No-TWRemoval,10,15000,0.1,0.4,0.997,100,762.976125,698.241777,59.286974,0.0,5.447374,5,0.1,1.0,0.0,True,163.746203
RDL-n50-04,Basic-LNS,1,15000,0.1,0.4,0.997,100,745.993684,734.4379,8.775078,0.813677,1.967028,1,0.02,0.98,0.001627,True,53.23927
RDL-n50-04,Basic-LNS,2,15000,0.1,0.4,0.997,100,767.474177,739.078938,22.315551,0.0,6.079688,4,0.08,1.0,0.0,True,53.531407
RDL-n50-04,Basic-LNS,3,15000,0.1,0.4,0.997,100,747.692404,747.692404,0.0,0.0,0.0,0,0.0,1.0,0.0,True,53.811324
RDL-n50-04,Basic-LNS,4,15000,0.1,0.4,0.997,100,746.663756,735.107972,8.775078,0.813677,1.967028,1,0.02,0.98,0.001627,True,53.832759
RDL-n50-04,Basic-LNS,5,15000,0.1,0.4,0.997,100,763.749101,737.610459,19.509084,1.399316,5.230242,3,0.06,0.96,0.002799,True,51.899025
RDL-n50-04,Basic-LNS,6,15000,0.1,0.4,0.997,100,749.536347,730.076354,15.247496,0.0,4.212497,3,0.06,1.0,0.0,True,54.06485
RDL-n50-04,Basic-LNS,7,15000,0.1,0.4,0.997,100,776.254733,774.594289,0.0,1.660444,0.0,0,0.0,0.98,0.003321,True,53.230312
RDL-n50-04,Basic-LNS,8,15000,0.1,0.4,0.997,100,749.934877,732.863804,13.288569,0.813677,2.968827,2,0.04,0.98,0.001627,True,52.121679
RDL-n50-04,Basic-LNS,9,15000,0.1,0.4,0.997,100,758.655509,721.77834,28.536065,0.0,8.341103,5,0.1,1.0,0.0,True,54.519049
RDL-n50-04,Basic-LNS,10,15000,0.1,0.4,0.997,100,789.321391,772.309776,13.288569,0.0,3.723046,2,0.04,1.0,0.0,True,53.855603
RDL-n50-05,Full-ALNS,1,15000,0.1,0.4,0.997,100,723.633223,671.855553,45.740299,0.0,6.037371,5,0.1,1.0,0.0,True,193.957471
RDL-n50-05,Full-ALNS,2,15000,0.1,0.4,0.997,100,719.94468,660.361714,53.165069,0.0,6.417897,6,0.12,1.0,0.0,True,191.943287
RDL-n50-05,Full-ALNS,3,15000,0.1,0.4,0.997,100,708.186748,698.972007,7.424769,0.0,1.789972,1,0.02,1.0,0.0,True,189.836789
RDL-n50-05,Full-ALNS,4,15000,0.1,0.4,0.997,100,713.901625,704.58839,7.424769,0.098493,1.789972,1,0.02,0.98,0.000197,True,197.874236
RDL-n50-05,Full-ALNS,5,15000,0.1,0.4,0.997,100,715.307067,655.724101,53.165069,0.0,6.417897,6,0.12,1.0,0.0,True,199.605778
RDL-n50-05,Full-ALNS,6,15000,0.1,0.4,0.997,100,724.412721,724.412721,0.0,0.0,0.0,0,0.0,1.0,0.0,True,195.794793
RDL-n50-05,Full-ALNS,7,15000,0.1,0.4,0.997,100,720.036812,668.259142,45.740299,0.0,6.037371,5,0.1,1.0,0.0,True,198.00967
RDL-n50-05,Full-ALNS,8,15000,0.1,0.4,0.997,100,710.941386,701.726644,7.424769,0.0,1.789972,1,0.02,1.0,0.0,True,197.132347
RDL-n50-05,Full-ALNS,9,15000,0.1,0.4,0.997,100,722.106716,670.329046,45.740299,0.0,6.037371,5,0.1,1.0,0.0,True,194.790112
RDL-n50-05,Full-ALNS,10,15000,0.1,0.4,0.997,100,724.655325,667.773095,50.946666,0.0,5.935564,6,0.12,1.0,0.0,True,195.624925
RDL-n50-05,Generic-ALNS,1,15000,0.1,0.4,0.997,100,1336.628339,624.815687,61.82217,642.154195,7.836287,7,0.14,0.76,1.284308,True,204.212398
RDL-n50-05,Generic-ALNS,2,15000,0.1,0.4,0.997,100,1783.469098,631.131842,49.229047,1097.154082,5.954128,5,0.1,0.7,2.194308,True,209.145399
RDL-n50-05,Generic-ALNS,3,15000,0.1,0.4,0.997,100,1445.297408,639.613821,61.82217,736.02513,7.836287,7,0.14,0.74,1.47205,True,202.618405
RDL-n50-05,Generic-ALNS,4,15000,0.1,0.4,0.997,100,920.868173,682.96503,38.31553,195.340215,4.247399,4,0.08,0.86,0.39068,True,191.352386
RDL-n50-05,Generic-ALNS,5,15000,0.1,0.4,0.997,100,1242.407476,663.650019,45.740299,526.979787,6.037371,5,0.1,0.86,1.05396,True,204.641579
RDL-n50-05,Generic-ALNS,6,15000,0.1,0.4,0.997,100,2309.351311,678.747258,26.582534,1600.757448,3.264069,3,0.06,0.7,3.201515,True,216.805851
RDL-n50-05,Generic-ALNS,7,15000,0.1,0.4,0.997,100,1909.064698,674.353673,34.007304,1194.894068,5.809654,4,0.08,0.62,2.389788,True,212.367343
RDL-n50-05,Generic-ALNS,8,15000,0.1,0.4,0.997,100,962.204209,631.021789,45.740299,279.404749,6.037371,5,0.1,0.86,0.558809,True,212.651047
RDL-n50-05,Generic-ALNS,9,15000,0.1,0.4,0.997,100,940.439577,630.090942,45.740299,258.570965,6.037371,5,0.1,0.88,0.517142,True,208.038858
RDL-n50-05,Generic-ALNS,10,15000,0.1,0.4,0.997,100,2519.213081,656.641113,26.582534,1832.725364,3.264069,3,0.06,0.6,3.665451,True,218.323606
RDL-n50-05,No-Adaptive,1,15000,0.1,0.4,0.997,100,699.48426,647.70659,45.740299,0.0,6.037371,5,0.1,1.0,0.0,True,158.231785
RDL-n50-05,No-Adaptive,2,15000,0.1,0.4,0.997,100,736.104272,676.457718,52.391645,0.0,7.254909,6,0.12,1.0,0.0,True,160.642157
RDL-n50-05,No-Adaptive,3,15000,0.1,0.4,0.997,100,721.726886,682.112681,35.536351,0.0,4.077854,4,0.08,1.0,0.0,True,156.360634
RDL-n50-05,No-Adaptive,4,15000,0.1,0.4,0.997,100,698.905025,656.342097,38.31553,0.0,4.247399,4,0.08,1.0,0.0,True,156.27676
RDL-n50-05,No-Adaptive,5,15000,0.1,0.4,0.997,100,727.622517,658.147093,61.515015,0.0,7.96041,7,0.14,1.0,0.0,True,157.254844
RDL-n50-05,No-Adaptive,6,15000,0.1,0.4,0.997,100,727.619273,685.056345,38.31553,0.0,4.247399,4,0.08,1.0,0.0,True,158.255829
RDL-n50-05,No-Adaptive,7,15000,0.1,0.4,0.997,100,723.168896,721.271295,0.0,1.897602,0.0,0,0.0,0.98,0.003795,True,157.755444
RDL-n50-05,No-Adaptive,8,15000,0.1,0.4,0.997,100,702.822975,643.903661,52.055867,0.0,6.863446,6,0.12,1.0,0.0,True,159.377455
RDL-n50-05,No-Adaptive,9,15000,0.1,0.4,0.997,100,719.865552,668.087882,45.740299,0.0,6.037371,5,0.1,1.0,0.0,True,158.472554
RDL-n50-05,No-Adaptive,10,15000,0.1,0.4,0.997,100,710.80422,659.02655,45.740299,0.0,6.037371,5,0.1,1.0,0.0,True,158.811305
RDL-n50-05,No-Restart,1,15000,0.1,0.4,0.997,100,704.904673,693.98502,7.424769,1.704911,1.789972,1,0.02,0.98,0.00341,True,169.82389
RDL-n50-05,No-Restart,2,15000,0.1,0.4,0.997,100,697.691269,645.913599,45.740299,0.0,6.037371,5,0.1,1.0,0.0,True,186.168354
RDL-n50-05,No-Restart,3,15000,0.1,0.4,0.997,100,697.691269,645.913599,45.740299,0.0,6.037371,5,0.1,1.0,0.0,True,176.806529
RDL-n50-05,No-Restart,4,15000,0.1,0.4,0.997,100,723.629726,637.894105,75.543489,0.0,10.192132,8,0.16,1.0,0.0,True,196.161437
RDL-n50-05,No-Restart,5,15000,0.1,0.4,0.997,100,702.530708,693.315967,7.424769,0.0,1.789972,1,0.02,1.0,0.0,True,181.258055
RDL-n50-05,No-Restart,6,15000,0.1,0.4,0.997,100,707.966818,684.432775,20.055905,0.0,3.478138,3,0.06,1.0,0.0,True,159.857926
RDL-n50-05,No-Restart,7,15000,0.1,0.4,0.997,100,713.375387,660.558505,45.740299,1.039212,6.037371,5,0.1,0.98,0.002078,True,175.571946
RDL-n50-05,No-Restart,8,15000,0.1,0.4,0.997,100,710.670134,658.892464,45.740299,0.0,6.037371,5,0.1,0.96,0.013439,True,180.882214
RDL-n50-05,No-Restart,9,15000,0.1,0.4,0.997,100,695.576221,637.20014,52.055867,0.0,6.320213,6,0.12,1.0,0.0,True,194.62299
RDL-n50-05,No-Restart,10,15000,0.1,0.4,0.997,100,715.693619,665.261806,44.966876,0.0,5.464937,5,0.1,1.0,0.0,True,183.877076
RDL-n50-05,No-Penalty,1,15000,0.1,0.4,0.997,100,718.704478,676.14155,38.31553,0.0,4.247399,4,0.08,1.0,0.0,True,190.266416
RDL-n50-05,No-Penalty,2,15000,0.1,0.4,0.997,100,717.042174,665.264504,45.740299,0.0,6.037371,5,0.1,1.0,0.0,True,190.082959
RDL-n50-05,No-Penalty,3,15000,0.1,0.4,0.997,100,721.488357,678.925428,38.31553,0.0,4.247399,4,0.08,1.0,0.0,True,192.188944
RDL-n50-05,No-Penalty,4,15000,0.1,0.4,0.997,100,718.439599,666.661929,45.740299,0.0,6.037371,5,0.1,1.0,0.0,True,195.519776
RDL-n50-05,No-Penalty,5,15000,0.1,0.4,0.997,100,727.486491,696.083563,26.707251,0.0,4.695676,4,0.08,1.0,0.0,True,187.671919
RDL-n50-05,No-Penalty,6,15000,0.1,0.4,0.997,100,711.598017,659.820347,45.740299,0.0,6.037371,5,0.1,1.0,0.0,True,193.700138
RDL-n50-05,No-Penalty,7,15000,0.1,0.4,0.997,100,705.549911,653.772241,45.740299,0.0,6.037371,5,0.1,1.0,0.0,True,196.619933
RDL-n50-05,No-Penalty,8,15000,0.1,0.4,0.997,100,702.530708,693.315967,7.424769,0.0,1.789972,1,0.02,1.0,0.0,True,195.904189
RDL-n50-05,No-Penalty,9,15000,0.1,0.4,0.997,100,726.878699,704.852924,16.855294,2.799131,2.37135,2,0.04,0.98,0.005598,True,197.005263
RDL-n50-05,No-Penalty,10,15000,0.1,0.4,0.997,100,716.197283,664.419613,45.740299,0.0,6.037371,5,0.1,1.0,0.0,True,195.742857
RDL-n50-05,No-DelayAware,1,15000,0.1,0.4,0.997,100,958.592741,691.465398,36.309774,226.167281,4.650287,4,0.08,0.94,0.452335,True,148.591562
RDL-n50-05,No-DelayAware,2,15000,0.1,0.4,0.997,100,919.590717,683.92724,47.82313,182.212699,5.627647,5,0.1,0.86,0.364425,True,159.40289
RDL-n50-05,No-DelayAware,3,15000,0.1,0.4,0.997,100,954.202525,725.63697,16.855294,209.195858,2.514403,2,0.04,0.84,0.418392,True,141.901012
RDL-n50-05,No-DelayAware,4,15000,0.1,0.4,0.997,100,1070.368949,694.058489,38.31553,333.747531,4.247399,4,0.08,0.8,0.667495,True,142.486224
RDL-n50-05,No-DelayAware,5,15000,0.1,0.4,0.997,100,851.927785,681.24259,47.746055,118.110363,4.828776,5,0.1,0.88,0.256233,True,164.040759
RDL-n50-05,No-DelayAware,6,15000,0.1,0.4,0.997,100,810.650833,648.23006,45.740299,110.643103,6.037371,5,0.1,0.88,0.221286,True,179.769619
RDL-n50-05,No-DelayAware,7,15000,0.1,0.4,0.997,100,842.355087,644.714303,45.740299,145.863114,6.037371,5,0.1,0.94,0.291726,True,182.9071
RDL-n50-05,No-DelayAware,8,15000,0.1,0.4,0.997,100,933.362124,723.338939,0.0,210.023185,0.0,0,0.0,0.9,0.420046,True,155.163455
RDL-n50-05,No-DelayAware,9,15000,0.1,0.4,0.997,100,859.808263,724.17723,0.0,135.631032,0.0,0,0.0,0.9,0.271262,True,181.646741
RDL-n50-05,No-DelayAware,10,15000,0.1,0.4,0.997,100,944.832954,679.786395,38.31553,222.483631,4.247399,4,0.08,0.9,0.444967,True,162.833413
RDL-n50-05,No-ModeSwitch,1,15000,0.1,0.4,0.997,100,718.193934,675.631006,38.31553,0.0,4.247399,4,0.08,1.0,0.0,True,207.188956
RDL-n50-05,No-ModeSwitch,2,15000,0.1,0.4,0.997,100,713.073243,660.695961,45.740299,0.599612,6.037371,5,0.1,0.96,0.001199,True,200.918345
RDL-n50-05,No-ModeSwitch,3,15000,0.1,0.4,0.997,100,722.955262,693.108658,26.582534,0.0,3.264069,3,0.06,1.0,0.0,True,200.348809
RDL-n50-05,No-ModeSwitch,4,15000,0.1,0.4,0.997,100,699.093212,647.315542,45.740299,0.0,6.037371,5,0.1,1.0,0.0,True,202.365728
RDL-n50-05,No-ModeSwitch,5,15000,0.1,0.4,0.997,100,722.96651,671.18884,45.740299,0.0,6.037371,5,0.1,1.0,0.0,True,200.152198
RDL-n50-05,No-ModeSwitch,6,15000,0.1,0.4,0.997,100,715.399877,653.651853,53.165069,0.0,8.582955,6,0.12,1.0,0.0,True,200.462932
RDL-n50-05,No-ModeSwitch,7,15000,0.1,0.4,0.997,100,699.69612,647.91845,45.740299,0.0,6.037371,5,0.1,1.0,0.0,True,197.37848
RDL-n50-05,No-ModeSwitch,8,15000,0.1,0.4,0.997,100,713.798836,662.021166,45.740299,0.0,6.037371,5,0.1,1.0,0.0,True,198.389949
RDL-n50-05,No-ModeSwitch,9,15000,0.1,0.4,0.997,100,722.593891,656.496919,58.371436,0.0,7.725536,7,0.14,1.0,0.0,True,202.311367
RDL-n50-05,No-ModeSwitch,10,15000,0.1,0.4,0.997,100,718.932259,668.500446,44.966876,0.0,5.464937,5,0.1,1.0,0.0,True,203.846506
RDL-n50-05,No-TWRemoval,1,15000,0.1,0.4,0.997,100,700.318546,648.540876,45.740299,0.0,6.037371,5,0.1,1.0,0.0,True,176.574093
RDL-n50-05,No-TWRemoval,2,15000,0.1,0.4,0.997,100,719.915211,658.631815,45.740299,9.505726,6.037371,5,0.1,0.96,0.019011,True,182.106967
RDL-n50-05,No-TWRemoval,3,15000,0.1,0.4,0.997,100,720.335018,677.77209,38.31553,0.0,4.247399,4,0.08,1.0,0.0,True,182.175628
RDL-n50-05,No-TWRemoval,4,15000,0.1,0.4,0.997,100,723.977029,681.414101,38.31553,0.0,4.247399,4,0.08,1.0,0.0,True,180.795669
RDL-n50-05,No-TWRemoval,5,15000,0.1,0.4,0.997,100,724.539728,693.136801,26.707251,0.0,4.695676,4,0.08,1.0,0.0,True,177.909284
RDL-n50-05,No-TWRemoval,6,15000,0.1,0.4,0.997,100,716.411366,679.116827,32.898102,0.306292,4.090145,4,0.08,0.98,0.000613,True,180.977231
RDL-n50-05,No-TWRemoval,7,15000,0.1,0.4,0.997,100,718.55901,666.78134,45.740299,0.0,6.037371,5,0.1,1.0,0.0,True,182.376874
RDL-n50-05,No-TWRemoval,8,15000,0.1,0.4,0.997,100,713.563917,661.786247,45.740299,0.0,6.037371,5,0.1,1.0,0.0,True,171.51987
RDL-n50-05,No-TWRemoval,9,15000,0.1,0.4,0.997,100,711.999132,645.90216,58.371436,0.0,7.725536,7,0.14,1.0,0.0,True,181.621683
RDL-n50-05,No-TWRemoval,10,15000,0.1,0.4,0.997,100,696.815407,644.26661,45.740299,0.771128,6.037371,5,0.1,0.98,0.001542,True,174.676373
RDL-n50-05,Basic-LNS,1,15000,0.1,0.4,0.997,100,726.363651,690.236413,30.624254,0.0,5.502983,4,0.08,1.0,0.0,True,54.179235
RDL-n50-05,Basic-LNS,2,15000,0.1,0.4,0.997,100,703.686252,651.60229,45.740299,0.306292,6.037371,5,0.1,0.98,0.000613,True,54.098975
RDL-n50-05,Basic-LNS,3,15000,0.1,0.4,0.997,100,721.032493,669.254823,45.740299,0.0,6.037371,5,0.1,1.0,0.0,True,54.764747
RDL-n50-05,Basic-LNS,4,15000,0.1,0.4,0.997,100,706.570184,697.355443,7.424769,0.0,1.789972,1,0.02,1.0,0.0,True,53.382065
RDL-n50-05,Basic-LNS,5,15000,0.1,0.4,0.997,100,723.499699,674.33836,44.631098,0.0,4.530241,5,0.1,1.0,0.0,True,56.175249
RDL-n50-05,Basic-LNS,6,15000,0.1,0.4,0.997,100,710.056504,653.948658,51.759152,0.0,4.348694,6,0.12,1.0,0.0,True,56.446184
RDL-n50-05,Basic-LNS,7,15000,0.1,0.4,0.997,100,703.271987,651.494317,45.740299,0.0,6.037371,5,0.1,1.0,0.0,True,55.339477
RDL-n50-05,Basic-LNS,8,15000,0.1,0.4,0.997,100,703.271987,651.494317,45.740299,0.0,6.037371,5,0.1,1.0,0.0,True,55.325094
RDL-n50-05,Basic-LNS,9,15000,0.1,0.4,0.997,100,701.741313,692.526572,7.424769,0.0,1.789972,1,0.02,1.0,0.0,True,55.275425
RDL-n50-05,Basic-LNS,10,15000,0.1,0.4,0.997,100,697.86601,646.08834,45.740299,0.0,6.037371,5,0.1,1.0,0.0,True,55.663131
RDL-n50-06,Full-ALNS,1,15000,0.1,0.4,0.997,100,546.067873,493.025356,45.177758,0.0,7.864759,8,0.16,1.0,0.0,True,212.318373
RDL-n50-06,Full-ALNS,2,15000,0.1,0.4,0.997,100,549.891214,502.228346,41.286036,0.182418,6.194414,6,0.12,0.98,0.000365,True,213.062466
RDL-n50-06,Full-ALNS,3,15000,0.1,0.4,0.997,100,521.931555,481.398455,35.630008,0.0,4.903092,6,0.12,1.0,0.0,True,220.389659
RDL-n50-06,Full-ALNS,4,15000,0.1,0.4,0.997,100,534.944482,499.827642,30.904228,0.0,4.212612,4,0.08,1.0,0.0,True,207.197637
RDL-n50-06,Full-ALNS,5,15000,0.1,0.4,0.997,100,523.587187,471.240661,46.530843,0.182418,5.633265,7,0.14,0.98,0.000365,True,209.277659
RDL-n50-06,Full-ALNS,6,15000,0.1,0.4,0.997,100,538.637991,502.03141,31.772257,0.182418,4.651906,5,0.1,0.98,0.000365,True,208.209109
RDL-n50-06,Full-ALNS,7,15000,0.1,0.4,0.997,100,537.665496,500.022372,31.772257,0.182418,5.688449,5,0.1,0.98,0.000365,True,209.798761
RDL-n50-06,Full-ALNS,8,15000,0.1,0.4,0.997,100,548.353689,527.461067,17.121476,0.0,3.771145,3,0.06,1.0,0.0,True,208.918926
RDL-n50-06,Full-ALNS,9,15000,0.1,0.4,0.997,100,535.830135,492.124411,38.957117,0.182418,4.566189,6,0.12,0.98,0.000365,True,212.154836
RDL-n50-06,Full-ALNS,10,15000,0.1,0.4,0.997,100,535.703206,490.844203,39.932951,0.0,4.926052,7,0.14,1.0,0.0,True,213.263117
RDL-n50-06,Generic-ALNS,1,15000,0.1,0.4,0.997,100,1221.517959,448.293354,46.427185,720.178071,6.619349,8,0.16,0.74,1.440356,True,243.284911
RDL-n50-06,Generic-ALNS,2,15000,0.1,0.4,0.997,100,1844.750158,439.512519,58.612291,1340.819887,5.805462,8,0.16,0.6,2.68164,True,228.421155
RDL-n50-06,Generic-ALNS,3,15000,0.1,0.4,0.997,100,1338.859004,504.031,19.757959,811.992425,3.07762,3,0.06,0.8,1.623985,True,241.09217
RDL-n50-06,Generic-ALNS,4,15000,0.1,0.4,0.997,100,2067.132012,432.108227,54.000911,1572.574302,8.448572,9,0.18,0.64,3.145149,True,264.972377
RDL-n50-06,Generic-ALNS,5,15000,0.1,0.4,0.997,100,1441.691982,501.018287,38.266491,897.48877,4.918434,6,0.12,0.78,1.794978,True,224.560607
RDL-n50-06,Generic-ALNS,6,15000,0.1,0.4,0.997,100,1261.192995,469.089005,61.185771,723.591908,7.326311,10,0.2,0.68,1.447184,True,231.981838
RDL-n50-06,Generic-ALNS,7,15000,0.1,0.4,0.997,100,1155.245528,496.302655,42.055428,611.731009,5.156436,7,0.14,0.76,1.223462,True,215.689407
RDL-n50-06,Generic-ALNS,8,15000,0.1,0.4,0.997,100,1393.106214,469.952205,29.271738,890.298686,3.583585,4,0.08,0.66,1.780597,True,229.860213
RDL-n50-06,Generic-ALNS,9,15000,0.1,0.4,0.997,100,2635.379169,466.706565,44.971315,2116.008391,7.692897,8,0.16,0.6,4.232017,True,244.300698
RDL-n50-06,Generic-ALNS,10,15000,0.1,0.4,0.997,100,1413.229331,467.392704,51.706836,887.873956,6.255836,8,0.16,0.72,1.775748,True,224.10663
RDL-n50-06,No-Adaptive,1,15000,0.1,0.4,0.997,100,558.249,531.764514,21.424419,0.182418,4.877648,4,0.08,0.98,0.000365,True,179.413355
RDL-n50-06,No-Adaptive,2,15000,0.1,0.4,0.997,100,545.39954,469.814673,66.288802,0.0,9.296065,10,0.2,1.0,0.0,True,178.553885
RDL-n50-06,No-Adaptive,3,15000,0.1,0.4,0.997,100,552.178648,502.16144,42.261871,0.325951,7.429386,7,0.14,0.98,0.000652,True,175.819587
RDL-n50-06,No-Adaptive,4,15000,0.1,0.4,0.997,100,547.524112,512.683997,32.187626,0.0,2.652489,5,0.1,1.0,0.0,True,174.362749
RDL-n50-06,No-Adaptive,5,15000,0.1,0.4,0.997,100,560.609446,503.393188,50.593373,0.0,6.622885,7,0.14,1.0,0.0,True,179.285226
RDL-n50-06,No-Adaptive,6,15000,0.1,0.4,0.997,100,531.151039,452.440624,69.450124,0.182418,9.077872,11,0.22,0.98,0.000365,True,175.321787
RDL-n50-06,No-Adaptive,7,15000,0.1,0.4,0.997,100,538.500896,500.857771,31.772257,0.182418,5.688449,5,0.1,0.98,0.000365,True,179.088575
RDL-n50-06,No-Adaptive,8,15000,0.1,0.4,0.997,100,542.093034,505.557709,29.443337,3.031763,4.060224,5,0.1,0.96,0.006064,True,177.026086
RDL-n50-06,No-Adaptive,9,15000,0.1,0.4,0.997,100,524.782873,485.651088,34.688144,0.182418,4.261222,6,0.12,0.98,0.000365,True,175.972985
RDL-n50-06,No-Adaptive,10,15000,0.1,0.4,0.997,100,542.158097,485.41766,50.799816,0.182418,5.758203,7,0.14,0.98,0.000365,True,175.233564
RDL-n50-06,No-Restart,1,15000,0.1,0.4,0.997,100,527.782703,480.730259,41.251192,0.182418,5.618833,7,0.14,0.98,0.000365,True,195.060534
RDL-n50-06,No-Restart,2,15000,0.1,0.4,0.997,100,528.03613,501.245366,20.037364,0.884565,5.868834,4,0.08,0.98,0.001769,True,175.96387
RDL-n50-06,No-Restart,3,15000,0.1,0.4,0.997,100,528.848163,490.076145,32.359225,0.182418,6.230374,6,0.12,0.98,0.000365,True,199.72173
RDL-n50-06,No-Restart,4,15000,0.1,0.4,0.997,100,516.215894,446.208362,61.28943,0.182418,8.535684,9,0.18,0.98,0.000365,True,233.340693
RDL-n50-06,No-Restart,5,15000,0.1,0.4,0.997,100,530.636124,508.705977,19.061529,0.884565,1.984053,3,0.06,0.98,0.001769,True,183.102472
RDL-n50-06,No-Restart,6,15000,0.1,0.4,0.997,100,534.355788,506.666598,25.659421,0.0,2.029769,3,0.06,1.0,0.0,True,184.450402
RDL-n50-06,No-Restart,7,15000,0.1,0.4,0.997,100,523.275285,465.10646,47.506678,3.031763,7.630384,8,0.16,0.96,0.006064,True,211.047154
RDL-n50-06,No-Restart,8,15000,0.1,0.4,0.997,100,530.798882,516.268189,13.194911,0.0,1.335782,2,0.04,1.0,0.0,True,172.236448
RDL-n50-06,No-Restart,9,15000,0.1,0.4,0.997,100,533.09176,481.358843,43.790703,0.182418,7.759795,8,0.16,0.98,0.000365,True,215.376359
RDL-n50-06,No-Restart,10,15000,0.1,0.4,0.997,100,533.385126,470.240003,54.412133,0.384428,8.348562,8,0.16,0.96,0.000769,True,211.282757
RDL-n50-06,No-Penalty,1,15000,0.1,0.4,0.997,100,519.882724,475.386618,38.957117,1.066983,4.472006,6,0.12,0.96,0.002134,True,202.210124
RDL-n50-06,No-Penalty,2,15000,0.1,0.4,0.997,100,547.253552,509.141865,30.526978,0.0,7.58471,6,0.12,1.0,0.0,True,204.451559
RDL-n50-06,No-Penalty,3,15000,0.1,0.4,0.997,100,542.96711,489.977344,46.672239,0.0,6.317527,8,0.16,1.0,0.0,True,205.607201
RDL-n50-06,No-Penalty,4,15000,0.1,0.4,0.997,100,535.058986,517.389539,16.145642,0.0,1.523805,2,0.04,1.0,0.0,True,207.385316
RDL-n50-06,No-Penalty,5,15000,0.1,0.4,0.997,100,547.868023,507.632803,36.041229,0.182418,4.011572,5,0.1,0.98,0.000365,True,206.027015
RDL-n50-06,No-Penalty,6,15000,0.1,0.4,0.997,100,527.563357,484.197817,35.492379,0.991005,6.882156,6,0.12,0.98,0.001982,True,204.885192
RDL-n50-06,No-Penalty,7,15000,0.1,0.4,0.997,100,560.198267,508.202251,45.555009,1.829102,4.611905,6,0.12,0.94,0.003658,True,212.38069
RDL-n50-06,No-Penalty,8,15000,0.1,0.4,0.997,100,533.800666,452.964585,69.450124,0.206996,11.178961,11,0.22,0.96,0.000414,True,206.849929
RDL-n50-06,No-Penalty,9,15000,0.1,0.4,0.997,100,525.685042,464.422207,54.691538,0.182418,6.388879,9,0.18,0.98,0.000365,True,201.381286
RDL-n50-06,No-Penalty,10,15000,0.1,0.4,0.997,100,538.301962,502.176849,31.772257,0.182418,4.170438,5,0.1,0.98,0.000365,True,202.109206
RDL-n50-06,No-DelayAware,1,15000,0.1,0.4,0.997,100,638.219586,489.819935,89.246694,45.253584,13.899372,14,0.28,0.94,0.090507,True,179.355996
RDL-n50-06,No-DelayAware,2,15000,0.1,0.4,0.997,100,912.129775,512.786459,38.374296,356.022382,4.946637,6,0.12,0.9,0.712045,True,166.616
RDL-n50-06,No-DelayAware,3,15000,0.1,0.4,0.997,100,955.541414,455.641426,78.273277,411.40701,10.2197,12,0.24,0.84,0.822814,True,194.642237
RDL-n50-06,No-DelayAware,4,15000,0.1,0.4,0.997,100,927.122892,616.838287,6.631862,302.729271,0.923472,1,0.02,0.84,0.659946,True,152.172146
RDL-n50-06,No-DelayAware,5,15000,0.1,0.4,0.997,100,872.787779,486.138122,61.082987,318.077957,7.488714,9,0.18,0.86,0.636156,True,183.497627
RDL-n50-06,No-DelayAware,6,15000,0.1,0.4,0.997,100,853.502109,526.926532,21.497874,303.735132,1.342572,3,0.06,0.84,0.60747,True,152.899816
RDL-n50-06,No-DelayAware,7,15000,0.1,0.4,0.997,100,734.858602,575.919794,31.810868,124.205956,2.921984,5,0.1,0.84,0.248412,True,164.204569
RDL-n50-06,No-DelayAware,8,15000,0.1,0.4,0.997,100,662.441902,491.653041,45.627971,119.212972,5.947917,7,0.14,0.92,0.238426,True,189.90737
RDL-n50-06,No-DelayAware,9,15000,0.1,0.4,0.997,100,886.026275,535.289256,11.876669,335.754036,3.106314,2,0.04,0.84,0.671508,True,166.234515
RDL-n50-06,No-DelayAware,10,15000,0.1,0.4,0.997,100,702.5021,489.232316,66.396608,136.162492,10.710685,10,0.2,0.84,0.272325,True,179.905231
RDL-n50-06,No-ModeSwitch,1,15000,0.1,0.4,0.997,100,541.336981,501.717633,33.198304,0.0,6.421044,5,0.1,1.0,0.0,True,216.512807
RDL-n50-06,No-ModeSwitch,2,15000,0.1,0.4,0.997,100,526.261926,483.931161,36.006386,0.182418,6.141961,6,0.12,0.98,0.000365,True,213.311051
RDL-n50-06,No-ModeSwitch,3,15000,0.1,0.4,0.997,100,521.502547,468.277611,45.177758,0.182418,7.864759,8,0.16,0.98,0.000365,True,214.840253
RDL-n50-06,No-ModeSwitch,4,15000,0.1,0.4,0.997,100,552.354338,512.775219,36.148655,0.0,3.430465,5,0.1,1.0,0.0,True,212.268785
RDL-n50-06,No-ModeSwitch,5,15000,0.1,0.4,0.997,100,523.335849,464.658953,51.77565,1.066983,5.834262,8,0.16,0.96,0.002134,True,212.797923
RDL-n50-06,No-ModeSwitch,6,15000,0.1,0.4,0.997,100,548.553685,490.950184,50.833786,0.182418,6.587296,8,0.16,0.98,0.000365,True,213.021876
RDL-n50-06,No-ModeSwitch,7,15000,0.1,0.4,0.997,100,552.71289,506.757469,41.286036,0.182418,4.486966,6,0.12,0.98,0.000365,True,203.733946
RDL-n50-06,No-ModeSwitch,8,15000,0.1,0.4,0.997,100,545.874073,487.769297,49.167326,2.77173,6.16572,7,0.14,0.96,0.005543,True,205.454918
RDL-n50-06,No-ModeSwitch,9,15000,0.1,0.4,0.997,100,540.771311,505.654471,30.904228,0.0,4.212612,4,0.08,1.0,0.0,True,212.478483
RDL-n50-06,No-ModeSwitch,10,15000,0.1,0.4,0.997,100,552.404614,489.338392,55.456781,0.182418,7.427023,9,0.18,0.96,0.030113,True,206.137436
RDL-n50-06,No-TWRemoval,1,15000,0.1,0.4,0.997,100,523.731454,446.101799,67.817634,1.268993,8.543028,11,0.22,0.94,0.002538,True,207.218383
RDL-n50-06,No-TWRemoval,2,15000,0.1,0.4,0.997,100,547.651183,520.460535,22.673846,0.884565,3.632237,4,0.08,0.98,0.001769,True,203.516185
RDL-n50-06,No-TWRemoval,3,15000,0.1,0.4,0.997,100,535.831543,500.826363,31.879682,0.0,3.125498,5,0.1,1.0,0.0,True,201.524914
RDL-n50-06,No-TWRemoval,4,15000,0.1,0.4,0.997,100,544.965316,512.853774,27.953497,0.133456,4.024589,4,0.08,0.98,0.000267,True,206.239045
RDL-n50-06,No-TWRemoval,5,15000,0.1,0.4,0.997,100,530.900313,497.214333,29.443337,0.182418,4.060224,5,0.1,0.98,0.000365,True,206.159254
RDL-n50-06,No-TWRemoval,6,15000,0.1,0.4,0.997,100,529.477071,504.832266,22.70869,0.0,1.936116,3,0.06,1.0,0.0,True,197.496614
RDL-n50-06,No-TWRemoval,7,15000,0.1,0.4,0.997,100,549.109979,505.404255,38.957117,0.182418,4.566189,6,0.12,0.98,0.000365,True,205.450896
RDL-n50-06,No-TWRemoval,8,15000,0.1,0.4,0.997,100,533.338916,482.989583,45.555009,0.182418,4.611905,6,0.12,0.98,0.000365,True,201.747943
RDL-n50-06,No-TWRemoval,9,15000,0.1,0.4,0.997,100,521.771204,481.535985,36.041229,0.182418,4.011572,5,0.1,0.98,0.000365,True,201.93188
RDL-n50-06,No-TWRemoval,10,15000,0.1,0.4,0.997,100,525.891171,461.279667,58.338698,0.182418,6.090387,9,0.18,0.98,0.000365,True,198.885886
RDL-n50-06,Basic-LNS,1,15000,0.1,0.4,0.997,100,526.170212,481.579923,38.957117,1.066983,4.566189,6,0.12,0.96,0.002134,True,60.021959
RDL-n50-06,Basic-LNS,2,15000,0.1,0.4,0.997,100,527.893983,471.225647,48.543858,0.182418,7.94206,8,0.16,0.98,0.000365,True,61.552323
RDL-n50-06,Basic-LNS,3,15000,0.1,0.4,0.997,100,528.047271,474.01752,49.167326,0.182418,4.680007,7,0.14,0.98,0.000365,True,61.841079
RDL-n50-06,Basic-LNS,4,15000,0.1,0.4,0.997,100,538.533024,493.037304,39.653546,0.182418,5.659756,6,0.12,0.98,0.000365,True,62.142578
RDL-n50-06,Basic-LNS,5,15000,0.1,0.4,0.997,100,528.297216,520.741881,6.631862,0.0,0.923472,1,0.02,1.0,0.0,True,59.663097
RDL-n50-06,Basic-LNS,6,15000,0.1,0.4,0.997,100,525.445,482.951221,35.492379,0.0,7.001399,6,0.12,1.0,0.0,True,59.7515
RDL-n50-06,Basic-LNS,7,15000,0.1,0.4,0.997,100,557.526477,531.018384,22.673846,0.20201,3.632237,4,0.08,0.98,0.000404,True,60.886816
RDL-n50-06,Basic-LNS,8,15000,0.1,0.4,0.997,100,539.229825,488.880492,45.555009,0.182418,4.611905,6,0.12,0.96,0.016651,True,62.021634
RDL-n50-06,Basic-LNS,9,15000,0.1,0.4,0.997,100,538.084931,505.096152,29.271738,0.133456,3.583585,4,0.08,0.98,0.000267,True,62.458774
RDL-n50-06,Basic-LNS,10,15000,0.1,0.4,0.997,100,515.440662,470.850373,38.957117,1.066983,4.566189,6,0.12,0.96,0.002134,True,61.645105
RDL-n50-07,Full-ALNS,1,15000,0.1,0.4,0.997,100,753.51061,720.556766,29.818463,0.0,3.13538,4,0.08,1.0,0.0,True,207.565714
RDL-n50-07,Full-ALNS,2,15000,0.1,0.4,0.997,100,734.168349,691.142763,37.84994,0.0,5.175646,5,0.1,1.0,0.0,True,210.112164
RDL-n50-07,Full-ALNS,3,15000,0.1,0.4,0.997,100,745.847609,701.010723,38.613321,0.0,6.223565,5,0.1,1.0,0.0,True,206.05819
RDL-n50-07,Full-ALNS,4,15000,0.1,0.4,0.997,100,746.447239,722.319176,21.697303,0.0,2.430761,3,0.06,1.0,0.0,True,217.342689
RDL-n50-07,Full-ALNS,5,15000,0.1,0.4,0.997,100,759.164214,684.179475,64.801635,0.0,10.183103,8,0.16,1.0,0.0,True,209.386358
RDL-n50-07,Full-ALNS,6,15000,0.1,0.4,0.997,100,745.261433,702.235847,37.84994,0.0,5.175646,5,0.1,1.0,0.0,True,216.567934
RDL-n50-07,Full-ALNS,7,15000,0.1,0.4,0.997,100,733.085836,692.124245,35.37892,1.207497,4.375174,5,0.1,0.98,0.002415,True,218.899781
RDL-n50-07,Full-ALNS,8,15000,0.1,0.4,0.997,100,732.378013,678.501885,48.199584,0.0,5.676544,6,0.12,1.0,0.0,True,213.539856
RDL-n50-07,Full-ALNS,9,15000,0.1,0.4,0.997,100,750.827446,723.194173,24.15253,1.057543,2.4232,3,0.06,0.98,0.002115,True,203.295005
RDL-n50-07,Full-ALNS,10,15000,0.1,0.4,0.997,100,726.47449,685.440235,35.880053,0.0,5.154201,4,0.08,1.0,0.0,True,220.519909
RDL-n50-07,Generic-ALNS,1,15000,0.1,0.4,0.997,100,2126.544794,687.587411,37.392413,1396.824915,4.740054,4,0.08,0.68,2.79365,True,230.568665
RDL-n50-07,Generic-ALNS,2,15000,0.1,0.4,0.997,100,3035.097864,686.859742,48.053037,2294.103238,6.081847,6,0.12,0.58,4.588206,True,250.49765
RDL-n50-07,Generic-ALNS,3,15000,0.1,0.4,0.997,100,3154.663567,667.667651,27.864369,2455.277347,3.854201,3,0.06,0.66,4.910555,True,232.834915
RDL-n50-07,Generic-ALNS,4,15000,0.1,0.4,0.997,100,1835.364959,697.744088,40.037353,1092.423626,5.159893,5,0.1,0.76,2.184847,True,236.328744
RDL-n50-07,Generic-ALNS,5,15000,0.1,0.4,0.997,100,1535.064753,670.213037,34.188207,825.824199,4.83931,4,0.08,0.7,1.651648,True,227.316412
RDL-n50-07,Generic-ALNS,6,15000,0.1,0.4,0.997,100,2684.516043,640.549777,70.248728,1962.378314,11.339224,8,0.16,0.68,3.924757,True,237.262959
RDL-n50-07,Generic-ALNS,7,15000,0.1,0.4,0.997,100,2315.780348,694.222258,49.119936,1564.967099,7.471056,5,0.1,0.64,3.308495,True,241.971956
RDL-n50-07,Generic-ALNS,8,15000,0.1,0.4,0.997,100,2055.029858,657.171043,32.168215,1361.967401,3.7232,4,0.08,0.68,2.723935,True,235.468261
RDL-n50-07,Generic-ALNS,9,15000,0.1,0.4,0.997,100,2204.813696,694.466064,40.037353,1465.150387,5.159893,5,0.1,0.72,2.930301,True,229.777285
RDL-n50-07,Generic-ALNS,10,15000,0.1,0.4,0.997,100,1593.436419,644.899407,55.623261,885.017156,7.896595,6,0.12,0.74,1.770034,True,213.420553
RDL-n50-07,No-Adaptive,1,15000,0.1,0.4,0.997,100,739.349343,689.909965,43.895738,0.0,5.54364,5,0.1,1.0,0.0,True,169.895588
RDL-n50-07,No-Adaptive,2,15000,0.1,0.4,0.997,100,746.35619,710.464776,32.168215,0.0,3.7232,4,0.08,1.0,0.0,True,177.518091
RDL-n50-07,No-Adaptive,3,15000,0.1,0.4,0.997,100,742.013122,673.904027,55.957804,4.860367,7.290924,8,0.16,0.98,0.009721,True,174.19308
RDL-n50-07,No-Adaptive,4,15000,0.1,0.4,0.997,100,744.651759,690.516875,48.053037,0.0,6.081847,6,0.12,1.0,0.0,True,171.772187
RDL-n50-07,No-Adaptive,5,15000,0.1,0.4,0.997,100,730.569783,666.087971,56.430197,0.0,8.051615,7,0.14,1.0,0.0,True,173.694615
RDL-n50-07,No-Adaptive,6,15000,0.1,0.4,0.997,100,730.627329,692.690745,34.355628,0.049779,3.531177,4,0.08,0.98,0.0001,True,171.125206
RDL-n50-07,No-Adaptive,7,15000,0.1,0.4,0.997,100,760.890068,727.180166,29.834255,0.0,3.875646,4,0.08,1.0,0.0,True,168.789999
RDL-n50-07,No-Adaptive,8,15000,0.1,0.4,0.997,100,722.922215,657.391644,57.593148,0.0,7.937424,7,0.14,1.0,0.0,True,168.475975
RDL-n50-07,No-Adaptive,9,15000,0.1,0.4,0.997,100,773.852809,738.119713,29.834255,2.31409,3.584751,4,0.08,0.98,0.004628,True,170.90192
RDL-n50-07,No-Adaptive,10,15000,0.1,0.4,0.997,100,764.322134,719.055602,39.591892,0.0,5.674641,4,0.08,1.0,0.0,True,171.286828
RDL-n50-07,No-Restart,1,15000,0.1,0.4,0.997,100,714.841795,661.06727,46.629006,0.0,7.145519,6,0.12,1.0,0.0,True,196.006679
RDL-n50-07,No-Restart,2,15000,0.1,0.4,0.997,100,723.941512,674.502135,43.895738,0.0,5.54364,5,0.1,1.0,0.0,True,182.453099
RDL-n50-07,No-Restart,3,15000,0.1,0.4,0.997,100,762.533271,733.794885,25.409141,0.0,3.329246,3,0.06,1.0,0.0,True,190.892589
RDL-n50-07,No-Restart,4,15000,0.1,0.4,0.997,100,774.254252,767.4396,5.665933,0.939912,0.208806,1,0.02,0.98,0.00188,True,178.743284
RDL-n50-07,No-Restart,5,15000,0.1,0.4,0.997,100,722.966875,648.938048,64.785844,0.0,9.242984,8,0.16,1.0,0.0,True,193.544418
RDL-n50-07,No-Restart,6,15000,0.1,0.4,0.997,100,743.523987,702.489733,35.880053,0.0,5.154201,4,0.08,1.0,0.0,True,199.281651
RDL-n50-07,No-Restart,7,15000,0.1,0.4,0.997,100,716.816663,664.834054,45.865624,0.0,6.116985,6,0.12,1.0,0.0,True,198.363219
RDL-n50-07,No-Restart,8,15000,0.1,0.4,0.997,100,741.988582,712.717679,25.409141,0.0,3.861762,3,0.06,1.0,0.0,True,185.074583
RDL-n50-07,No-Restart,9,15000,0.1,0.4,0.997,100,713.693498,686.739723,24.15253,0.0,2.801246,3,0.06,1.0,0.0,True,184.975767
RDL-n50-07,No-Restart,10,15000,0.1,0.4,0.997,100,726.248389,677.135585,43.515873,0.0,5.596931,6,0.12,1.0,0.0,True,194.794905
RDL-n50-07,No-Penalty,1,15000,0.1,0.4,0.997,100,744.023042,714.752139,25.409141,0.0,3.861762,3,0.06,1.0,0.0,True,207.611763
RDL-n50-07,No-Penalty,2,15000,0.1,0.4,0.997,100,757.264082,699.629938,50.340844,0.0,7.2933,6,0.12,1.0,0.0,True,208.668061
RDL-n50-07,No-Penalty,3,15000,0.1,0.4,0.997,100,734.168349,691.142763,37.84994,0.0,5.175646,5,0.1,1.0,0.0,True,202.500055
RDL-n50-07,No-Penalty,4,15000,0.1,0.4,0.997,100,739.807536,698.131038,35.880053,0.642243,5.154201,4,0.08,0.98,0.001284,True,206.219184
RDL-n50-07,No-Penalty,5,15000,0.1,0.4,0.997,100,764.011716,682.343882,70.960798,0.0,10.707036,9,0.18,1.0,0.0,True,194.957846
RDL-n50-07,No-Penalty,6,15000,0.1,0.4,0.997,100,726.248389,677.135585,43.515873,0.0,5.596931,6,0.12,1.0,0.0,True,203.960149
RDL-n50-07,No-Penalty,7,15000,0.1,0.4,0.997,100,736.396672,679.823123,49.577463,0.0,6.996086,6,0.12,1.0,0.0,True,211.102781
RDL-n50-07,No-Penalty,8,15000,0.1,0.4,0.997,100,748.949837,719.678934,25.409141,0.0,3.861762,3,0.06,1.0,0.0,True,202.246596
RDL-n50-07,No-Penalty,9,15000,0.1,0.4,0.997,100,747.235646,706.579437,35.880053,0.0,4.776156,4,0.08,1.0,0.0,True,206.29319
RDL-n50-07,No-Penalty,10,15000,0.1,0.4,0.997,100,743.987098,707.785404,32.168215,0.0,4.033479,4,0.08,1.0,0.0,True,203.996277
RDL-n50-07,No-DelayAware,1,15000,0.1,0.4,0.997,100,1332.425998,759.991962,5.665933,566.559296,0.208806,1,0.02,0.72,1.133119,True,164.980559
RDL-n50-07,No-DelayAware,2,15000,0.1,0.4,0.997,100,1041.782671,737.747093,32.931596,266.332863,4.771119,4,0.08,0.86,0.532666,True,166.681713
RDL-n50-07,No-DelayAware,3,15000,0.1,0.4,0.997,100,887.369074,684.110672,24.15253,176.304626,2.801246,3,0.06,0.84,0.352609,True,173.38352
RDL-n50-07,No-DelayAware,4,15000,0.1,0.4,0.997,100,872.12346,691.071615,35.880053,140.01759,5.154201,4,0.08,0.88,0.280035,True,166.512035
RDL-n50-07,No-DelayAware,5,15000,0.1,0.4,0.997,100,1480.798149,685.662649,29.818463,761.803611,3.513425,4,0.08,0.72,1.595608,True,170.526139
RDL-n50-07,No-DelayAware,6,15000,0.1,0.4,0.997,100,867.512317,697.99411,32.168215,133.626792,3.7232,4,0.08,0.88,0.272716,True,151.83764
RDL-n50-07,No-DelayAware,7,15000,0.1,0.4,0.997,100,1147.690085,680.702881,39.106551,421.644491,6.236162,5,0.1,0.86,0.843289,True,167.006382
RDL-n50-07,No-DelayAware,8,15000,0.1,0.4,0.997,100,1184.875098,701.264936,24.15253,456.656387,2.801246,3,0.06,0.84,0.913313,True,156.706762
RDL-n50-07,No-DelayAware,9,15000,0.1,0.4,0.997,100,1284.560907,684.55465,50.982958,541.847331,7.175969,6,0.12,0.82,1.083695,True,164.03821
RDL-n50-07,No-DelayAware,10,15000,0.1,0.4,0.997,100,1186.439034,761.993531,18.486597,403.366466,2.59244,2,0.04,0.78,0.806733,True,161.663527
RDL-n50-07,No-ModeSwitch,1,15000,0.1,0.4,0.997,100,760.086385,733.132609,24.15253,0.0,2.801246,3,0.06,1.0,0.0,True,219.406162
RDL-n50-07,No-ModeSwitch,2,15000,0.1,0.4,0.997,100,750.39646,679.742433,61.304986,0.0,9.349041,7,0.14,1.0,0.0,True,222.302161
RDL-n50-07,No-ModeSwitch,3,15000,0.1,0.4,0.997,100,736.842249,678.337688,49.577463,1.379113,7.547986,6,0.12,0.96,0.002758,True,221.674098
RDL-n50-07,No-ModeSwitch,4,15000,0.1,0.4,0.997,100,754.033621,690.385169,55.626913,0.0,8.02154,8,0.16,1.0,0.0,True,217.75153
RDL-n50-07,No-ModeSwitch,5,15000,0.1,0.4,0.997,100,739.750173,665.017717,65.256781,0.0,9.475675,7,0.14,1.0,0.0,True,222.263571
RDL-n50-07,No-ModeSwitch,6,15000,0.1,0.4,0.997,100,723.251165,677.697622,40.183899,0.414211,4.955434,5,0.1,0.98,0.000828,True,220.498201
RDL-n50-07,No-ModeSwitch,7,15000,0.1,0.4,0.997,100,743.974944,708.08353,32.168215,0.0,3.7232,4,0.08,1.0,0.0,True,216.807278
RDL-n50-07,No-ModeSwitch,8,15000,0.1,0.4,0.997,100,762.210265,708.006093,47.607576,0.0,6.596595,5,0.1,1.0,0.0,True,212.157791
RDL-n50-07,No-ModeSwitch,9,15000,0.1,0.4,0.997,100,757.887952,722.269056,32.373503,0.0,3.245392,4,0.08,1.0,0.0,True,213.176392
RDL-n50-07,No-ModeSwitch,10,15000,0.1,0.4,0.997,100,741.652341,668.151707,64.658075,0.0,8.842558,7,0.14,1.0,0.0,True,217.289834
RDL-n50-07,No-TWRemoval,1,15000,0.1,0.4,0.997,100,735.164169,671.970886,55.243396,0.0,7.949886,7,0.14,1.0,0.0,True,203.831507
RDL-n50-07,No-TWRemoval,2,15000,0.1,0.4,0.997,100,745.61559,709.724175,32.168215,0.0,3.7232,4,0.08,1.0,0.0,True,201.472856
RDL-n50-07,No-TWRemoval,3,15000,0.1,0.4,0.997,100,741.951743,671.588611,61.304986,0.0,9.058146,7,0.14,0.98,0.009043,True,210.366413
RDL-n50-07,No-TWRemoval,4,15000,0.1,0.4,0.997,100,747.294812,646.921629,78.863118,9.76877,11.741295,9,0.18,0.98,0.019538,True,203.505021
RDL-n50-07,No-TWRemoval,5,15000,0.1,0.4,0.997,100,765.396996,707.338721,49.960979,0.0,8.097295,7,0.14,1.0,0.0,True,207.596203
RDL-n50-07,No-TWRemoval,6,15000,0.1,0.4,0.997,100,741.252157,688.715826,46.832055,0.0,5.704277,7,0.14,1.0,0.0,True,206.590756
RDL-n50-07,No-TWRemoval,7,15000,0.1,0.4,0.997,100,741.913721,683.855446,49.960979,0.0,8.097295,7,0.14,1.0,0.0,True,197.049366
RDL-n50-07,No-TWRemoval,8,15000,0.1,0.4,0.997,100,713.09346,665.933845,41.060646,0.562244,5.536725,6,0.12,0.98,0.001124,True,201.736374
RDL-n50-07,No-TWRemoval,9,15000,0.1,0.4,0.997,100,766.986467,680.997303,74.986604,0.0,11.002559,9,0.18,1.0,0.0,True,199.36521
RDL-n50-07,No-TWRemoval,10,15000,0.1,0.4,0.997,100,721.134872,659.350622,54.84774,0.0,6.936511,8,0.16,1.0,0.0,True,200.78931
RDL-n50-07,Basic-LNS,1,15000,0.1,0.4,0.997,100,722.142531,669.606199,46.832055,0.0,5.704277,7,0.14,1.0,0.0,True,58.423028
RDL-n50-07,Basic-LNS,2,15000,0.1,0.4,0.997,100,718.781793,691.828017,24.15253,0.0,2.801246,3,0.06,1.0,0.0,True,58.922356
RDL-n50-07,Basic-LNS,3,15000,0.1,0.4,0.997,100,724.251191,661.590425,55.243396,0.0,7.41737,7,0.14,1.0,0.0,True,58.921468
RDL-n50-07,Basic-LNS,4,15000,0.1,0.4,0.997,100,773.300993,736.356867,31.470731,0.0,5.473395,3,0.06,1.0,0.0,True,59.585854
RDL-n50-07,Basic-LNS,5,15000,0.1,0.4,0.997,100,716.20003,689.246255,24.15253,0.0,2.801246,3,0.06,1.0,0.0,True,59.404742
RDL-n50-07,Basic-LNS,6,15000,0.1,0.4,0.997,100,738.50887,681.413101,48.962965,1.207497,6.925307,6,0.12,0.98,0.002415,True,59.5464
RDL-n50-07,Basic-LNS,7,15000,0.1,0.4,0.997,100,725.165926,671.391401,46.629006,0.0,7.145519,6,0.12,1.0,0.0,True,58.416524
RDL-n50-07,Basic-LNS,8,15000,0.1,0.4,0.997,100,732.675781,683.562977,43.515873,0.0,5.596931,6,0.12,1.0,0.0,True,60.538824
RDL-n50-07,Basic-LNS,9,15000,0.1,0.4,0.997,100,731.858238,675.575585,49.577463,0.0,6.70519,6,0.12,1.0,0.0,True,58.068479
RDL-n50-07,Basic-LNS,10,15000,0.1,0.4,0.997,100,747.089786,717.377954,26.172522,0.0,3.53931,3,0.06,1.0,0.0,True,58.213023
RDL-n50-08,Full-ALNS,1,15000,0.1,0.4,0.997,100,868.35959,794.183843,52.127645,13.776038,8.272064,8,0.16,0.96,0.027552,True,160.652923
RDL-n50-08,Full-ALNS,2,15000,0.1,0.4,0.997,100,844.876603,802.307102,35.636001,0.732203,6.201296,6,0.12,0.98,0.001464,True,164.281873
RDL-n50-08,Full-ALNS,3,15000,0.1,0.4,0.997,100,890.587071,857.320569,24.94498,0.0,8.321522,5,0.1,1.0,0.0,True,147.380951
RDL-n50-08,Full-ALNS,4,15000,0.1,0.4,0.997,100,877.923734,802.753447,66.30762,0.0,8.862667,8,0.16,1.0,0.0,True,160.708838
RDL-n50-08,Full-ALNS,5,15000,0.1,0.4,0.997,100,848.315108,821.702436,22.998628,0.610271,3.003773,3,0.06,0.98,0.001221,True,156.480387
RDL-n50-08,Full-ALNS,6,15000,0.1,0.4,0.997,100,843.539593,807.816727,28.668145,2.317898,4.736823,5,0.1,0.92,0.004636,True,151.653633
RDL-n50-08,Full-ALNS,7,15000,0.1,0.4,0.997,100,868.40917,802.371078,55.879231,0.0,10.15886,9,0.18,1.0,0.0,True,157.288584
RDL-n50-08,Full-ALNS,8,15000,0.1,0.4,0.997,100,878.227567,839.272507,25.405852,4.686188,8.86302,5,0.1,0.98,0.009372,True,158.045897
RDL-n50-08,Full-ALNS,9,15000,0.1,0.4,0.997,100,896.056893,855.012027,30.962672,2.220259,7.861935,5,0.1,0.96,0.004441,True,152.396577
RDL-n50-08,Full-ALNS,10,15000,0.1,0.4,0.997,100,812.886014,781.871447,24.353004,0.0,6.661563,6,0.12,1.0,0.0,True,144.275861
RDL-n50-08,Generic-ALNS,1,15000,0.1,0.4,0.997,100,2388.181128,752.014377,27.211086,1604.013774,4.941891,4,0.08,0.66,3.208028,True,178.481952
RDL-n50-08,Generic-ALNS,2,15000,0.1,0.4,0.997,100,1539.114187,810.336952,44.163601,680.646631,3.967003,6,0.12,0.82,1.361293,True,165.736394
RDL-n50-08,Generic-ALNS,3,15000,0.1,0.4,0.997,100,2340.284547,779.370564,20.601417,1533.487327,6.825239,5,0.1,0.7,3.066975,True,175.820773
RDL-n50-08,Generic-ALNS,4,15000,0.1,0.4,0.997,100,3589.326184,793.184641,20.24323,2771.190449,4.707864,3,0.06,0.68,5.542381,True,170.288037
RDL-n50-08,Generic-ALNS,5,15000,0.1,0.4,0.997,100,2870.73413,744.129802,31.423544,2089.383963,5.796821,5,0.1,0.6,4.178768,True,168.552355
RDL-n50-08,Generic-ALNS,6,15000,0.1,0.4,0.997,100,2828.551642,827.868903,36.096873,1959.760893,4.824973,6,0.12,0.7,3.919522,True,179.741028
RDL-n50-08,Generic-ALNS,7,15000,0.1,0.4,0.997,100,2594.68922,800.632019,35.636001,1753.45035,4.97085,6,0.12,0.76,3.506901,True,181.974189
RDL-n50-08,Generic-ALNS,8,15000,0.1,0.4,0.997,100,3803.093165,752.93025,36.096873,3010.274316,3.791726,6,0.12,0.6,6.020549,True,187.390536
RDL-n50-08,Generic-ALNS,9,15000,0.1,0.4,0.997,100,6148.132763,714.616508,39.387588,5386.040575,8.088092,7,0.14,0.58,10.772081,True,201.983492
RDL-n50-08,Generic-ALNS,10,15000,0.1,0.4,0.997,100,2822.344533,787.969222,31.884415,1999.406843,3.084054,5,0.1,0.74,3.998814,True,177.251968
RDL-n50-08,No-Adaptive,1,15000,0.1,0.4,0.997,100,838.186155,806.230376,27.211086,0.0,4.744692,4,0.08,1.0,0.0,True,135.092749
RDL-n50-08,No-Adaptive,2,15000,0.1,0.4,0.997,100,841.321766,810.399234,27.211086,0.0,3.711445,4,0.08,1.0,0.0,True,129.01861
RDL-n50-08,No-Adaptive,3,15000,0.1,0.4,0.997,100,834.279725,792.625675,36.096873,0.732203,4.824973,6,0.12,0.98,0.001464,True,131.725725
RDL-n50-08,No-Adaptive,4,15000,0.1,0.4,0.997,100,892.128138,853.303531,30.962672,0.0,7.861935,5,0.1,1.0,0.0,True,130.263822
RDL-n50-08,No-Adaptive,5,15000,0.1,0.4,0.997,100,840.476199,812.544854,22.998628,1.928943,3.003773,3,0.06,0.94,0.003858,True,130.60555
RDL-n50-08,No-Adaptive,6,15000,0.1,0.4,0.997,100,868.641817,839.293075,21.193394,0.0,8.155348,4,0.08,1.0,0.0,True,129.499398
RDL-n50-08,No-Adaptive,7,15000,0.1,0.4,0.997,100,846.886344,775.476795,59.630817,0.0,11.778732,10,0.2,1.0,0.0,True,131.399938
RDL-n50-08,No-Adaptive,8,15000,0.1,0.4,0.997,100,887.841138,856.470294,26.356477,0.0,5.014367,3,0.06,1.0,0.0,True,128.174401
RDL-n50-08,No-Adaptive,9,15000,0.1,0.4,0.997,100,856.040853,831.604513,15.928088,1.35882,7.149433,4,0.08,0.98,0.002718,True,127.705551
RDL-n50-08,No-Adaptive,10,15000,0.1,0.4,0.997,100,892.7219,840.917835,24.813875,20.687725,6.302465,6,0.12,0.92,0.041375,True,127.822041
RDL-n50-08,No-Restart,1,15000,0.1,0.4,0.997,100,839.790692,805.436052,26.750214,1.483409,6.121015,4,0.08,0.98,0.002967,True,140.864731
RDL-n50-08,No-Restart,2,15000,0.1,0.4,0.997,100,830.546588,795.57812,31.884415,0.0,3.084054,5,0.1,1.0,0.0,True,140.002013
RDL-n50-08,No-Restart,3,15000,0.1,0.4,0.997,100,883.702055,851.457042,24.353004,0.0,7.892009,6,0.12,1.0,0.0,True,132.464412
RDL-n50-08,No-Restart,4,15000,0.1,0.4,0.997,100,811.195364,782.588025,20.140546,1.495677,6.971116,5,0.1,0.96,0.002991,True,137.742925
RDL-n50-08,No-Restart,5,15000,0.1,0.4,0.997,100,841.273453,798.644765,35.17513,0.007174,7.446384,6,0.12,0.98,1.4e-05,True,139.322985
RDL-n50-08,No-Restart,6,15000,0.1,0.4,0.997,100,889.712059,856.525834,27.211086,0.0,5.975139,4,0.08,1.0,0.0,True,142.16445
RDL-n50-08,No-Restart,7,15000,0.1,0.4,0.997,100,884.473454,854.217235,21.484909,1.35882,7.412491,4,0.08,0.98,0.002718,True,121.861125
RDL-n50-08,No-Restart,8,15000,0.1,0.4,0.997,100,909.943355,842.155423,55.879231,1.19674,10.711961,9,0.18,0.96,0.002393,True,127.663722
RDL-n50-08,No-Restart,9,15000,0.1,0.4,0.997,100,886.942186,860.624791,23.4595,0.0,2.857896,3,0.06,1.0,0.0,True,123.254012
RDL-n50-08,No-Restart,10,15000,0.1,0.4,0.997,100,894.813166,855.932272,29.909824,0.732203,8.238866,6,0.12,0.98,0.001464,True,142.384317
RDL-n50-08,No-Penalty,1,15000,0.1,0.4,0.997,100,911.587223,886.662549,16.388959,3.362823,5.172892,4,0.08,0.94,0.006726,True,148.128006
RDL-n50-08,No-Penalty,2,15000,0.1,0.4,0.997,100,872.201311,806.176992,57.780021,0.0,8.244297,8,0.16,1.0,0.0,True,144.784949
RDL-n50-08,No-Penalty,3,15000,0.1,0.4,0.997,100,848.41436,810.855155,28.207274,1.902341,7.44959,5,0.1,0.98,0.003805,True,140.617203
RDL-n50-08,No-Penalty,4,15000,0.1,0.4,0.997,100,829.364358,803.643281,16.388959,2.911355,6.420764,4,0.08,0.98,0.005823,True,148.548505
RDL-n50-08,No-Penalty,5,15000,0.1,0.4,0.997,100,872.15461,847.613171,17.902679,4.626713,2.012046,3,0.06,0.98,0.009253,True,140.071387
RDL-n50-08,No-Penalty,6,15000,0.1,0.4,0.997,100,867.774981,809.527567,47.351632,0.0,10.895783,9,0.18,1.0,0.0,True,154.020459
RDL-n50-08,No-Penalty,7,15000,0.1,0.4,0.997,100,890.415163,858.262185,27.211086,0.0,4.941891,4,0.08,1.0,0.0,True,144.538731
RDL-n50-08,No-Penalty,8,15000,0.1,0.4,0.997,100,811.080106,777.282864,24.353004,0.732203,8.712035,6,0.12,0.98,0.001464,True,139.06136
RDL-n50-08,No-Penalty,9,15000,0.1,0.4,0.997,100,850.164302,808.221006,35.636001,0.0,6.307294,6,0.12,1.0,0.0,True,146.627242
RDL-n50-08,No-Penalty,10,15000,0.1,0.4,0.997,100,843.704078,824.700251,11.71563,0.543239,6.744958,3,0.06,0.98,0.001086,True,141.906696
RDL-n50-08,No-DelayAware,1,15000,0.1,0.4,0.997,100,2018.092485,827.784422,0.0,1190.308064,0.0,0,0.0,0.7,2.380616,True,142.360049
RDL-n50-08,No-DelayAware,2,15000,0.1,0.4,0.997,100,1802.987719,853.472993,3.751586,942.645898,3.117242,1,0.02,0.8,1.885292,True,119.214302
RDL-n50-08,No-DelayAware,3,15000,0.1,0.4,0.997,100,1580.399639,792.106562,12.637373,773.688627,1.967077,3,0.06,0.76,1.547377,True,123.914474
RDL-n50-08,No-DelayAware,4,15000,0.1,0.4,0.997,100,1618.372106,868.604492,3.751586,742.898785,3.117242,1,0.02,0.78,1.485798,True,109.084754
RDL-n50-08,No-DelayAware,5,15000,0.1,0.4,0.997,100,1374.193517,814.414259,39.387588,513.063254,7.328416,7,0.14,0.82,1.026127,True,115.176821
RDL-n50-08,No-DelayAware,6,15000,0.1,0.4,0.997,100,2041.077816,783.726843,31.884415,1222.079306,3.387251,5,0.1,0.72,2.444159,True,120.99615
RDL-n50-08,No-DelayAware,7,15000,0.1,0.4,0.997,100,1423.125495,853.226569,0.0,569.898926,0.0,0,0.0,0.8,1.139798,True,136.49487
RDL-n50-08,No-DelayAware,8,15000,0.1,0.4,0.997,100,1597.37168,818.93894,40.779828,735.23794,2.414973,3,0.06,0.78,1.470476,True,125.891015
RDL-n50-08,No-DelayAware,9,15000,0.1,0.4,0.997,100,1857.401199,826.991545,41.391061,984.628169,4.390424,4,0.08,0.76,1.969256,True,119.103744
RDL-n50-08,No-DelayAware,10,15000,0.1,0.4,0.997,100,1740.043809,818.495867,0.0,921.547943,0.0,0,0.0,0.78,1.843096,True,121.714972
RDL-n50-08,No-ModeSwitch,1,15000,0.1,0.4,0.997,100,867.410303,836.172778,27.671957,0.0,3.565568,4,0.08,1.0,0.0,True,148.884747
RDL-n50-08,No-ModeSwitch,2,15000,0.1,0.4,0.997,100,840.943254,819.613007,15.928088,0.0,5.402159,4,0.08,0.96,0.002393,True,141.185179
RDL-n50-08,No-ModeSwitch,3,15000,0.1,0.4,0.997,100,864.542155,810.773168,47.915187,0.0,5.8538,7,0.14,1.0,0.0,True,148.514503
RDL-n50-08,No-ModeSwitch,4,15000,0.1,0.4,0.997,100,846.081787,791.87719,43.600045,0.77554,9.829012,8,0.16,0.98,0.001551,True,147.404475
RDL-n50-08,No-ModeSwitch,5,15000,0.1,0.4,0.997,100,834.019658,819.104,12.637373,0.311208,1.967077,3,0.06,0.98,0.000622,True,140.363343
RDL-n50-08,No-ModeSwitch,6,15000,0.1,0.4,0.997,100,811.316866,778.251828,24.353004,0.0,8.712035,6,0.12,1.0,0.0,True,140.241695
RDL-n50-08,No-ModeSwitch,7,15000,0.1,0.4,0.997,100,852.724029,806.1638,39.848459,0.0,6.711769,7,0.14,1.0,0.0,True,160.448018
RDL-n50-08,No-ModeSwitch,8,15000,0.1,0.4,0.997,100,854.165163,820.274914,24.353004,0.82521,8.712035,6,0.12,0.98,0.00165,True,158.054655
RDL-n50-08,No-ModeSwitch,9,15000,0.1,0.4,0.997,100,900.916939,868.666879,21.484909,3.352661,7.412491,4,0.08,0.98,0.006705,True,170.301583
RDL-n50-08,No-ModeSwitch,10,15000,0.1,0.4,0.997,100,848.777,800.986326,39.848459,0.0,7.942216,7,0.14,1.0,0.0,True,173.665426
RDL-n50-08,No-TWRemoval,1,15000,0.1,0.4,0.997,100,875.751041,853.601846,17.441807,0.0,4.707388,3,0.06,1.0,0.0,True,159.438605
RDL-n50-08,No-TWRemoval,2,15000,0.1,0.4,0.997,100,847.093479,808.901456,27.211086,6.236245,4.744692,4,0.08,0.98,0.012472,True,157.863055
RDL-n50-08,No-TWRemoval,3,15000,0.1,0.4,0.997,100,874.77863,848.58242,20.601417,0.0,5.594792,5,0.1,1.0,0.0,True,158.551213
RDL-n50-08,No-TWRemoval,4,15000,0.1,0.4,0.997,100,835.069301,806.809876,19.679674,0.0,8.57975,5,0.1,1.0,0.0,True,153.01146
RDL-n50-08,No-TWRemoval,5,15000,0.1,0.4,0.997,100,852.203738,825.376127,22.998628,0.82521,3.003773,3,0.06,0.98,0.00165,True,151.352068
RDL-n50-08,No-TWRemoval,6,15000,0.1,0.4,0.997,100,887.040114,836.868752,42.387249,0.0,7.784112,5,0.1,1.0,0.0,True,156.15277
RDL-n50-08,No-TWRemoval,7,15000,0.1,0.4,0.997,100,859.690067,833.372671,23.4595,0.0,2.857896,3,0.06,1.0,0.0,True,159.328416
RDL-n50-08,No-TWRemoval,8,15000,0.1,0.4,0.997,100,887.34281,843.699846,34.714259,0.0,8.928706,6,0.12,1.0,0.0,True,155.173961
RDL-n50-08,No-TWRemoval,9,15000,0.1,0.4,0.997,100,911.778221,878.591997,27.211086,0.0,5.975139,4,0.08,1.0,0.0,True,155.144211
RDL-n50-08,No-TWRemoval,10,15000,0.1,0.4,0.997,100,818.563332,796.984055,16.388959,0.0,5.190318,4,0.08,1.0,0.0,True,157.072923
RDL-n50-08,Basic-LNS,1,15000,0.1,0.4,0.997,100,888.10901,854.71171,24.353004,1.152287,7.892009,6,0.12,0.98,0.002305,True,51.776554
RDL-n50-08,Basic-LNS,2,15000,0.1,0.4,0.997,100,887.364782,874.874734,7.964044,0.898289,3.627716,2,0.04,0.98,0.001797,True,51.190528
RDL-n50-08,Basic-LNS,3,15000,0.1,0.4,0.997,100,887.388517,851.2651,30.079181,0.0,6.044237,6,0.12,1.0,0.0,True,51.275224
RDL-n50-08,Basic-LNS,4,15000,0.1,0.4,0.997,100,815.382123,789.064727,23.4595,0.0,2.857896,3,0.06,1.0,0.0,True,51.213273
RDL-n50-08,Basic-LNS,5,15000,0.1,0.4,0.997,100,908.857754,865.416215,35.17513,0.0,8.26641,6,0.12,1.0,0.0,True,50.812331
RDL-n50-08,Basic-LNS,6,15000,0.1,0.4,0.997,100,888.411135,850.053248,29.618309,0.0,8.739579,6,0.12,1.0,0.0,True,51.060646
RDL-n50-08,Basic-LNS,7,15000,0.1,0.4,0.997,100,860.302157,754.934079,95.078449,0.0,10.289629,11,0.22,1.0,0.0,True,51.734413
RDL-n50-08,Basic-LNS,8,15000,0.1,0.4,0.997,100,901.158433,858.884439,34.291638,0.0,7.982355,7,0.14,1.0,0.0,True,52.437276
RDL-n50-08,Basic-LNS,9,15000,0.1,0.4,0.997,100,893.252869,849.974851,33.830767,0.0,9.447251,7,0.14,1.0,0.0,True,51.247672
RDL-n50-08,Basic-LNS,10,15000,0.1,0.4,0.997,100,820.575938,769.095579,44.060917,0.0,7.419442,8,0.16,1.0,0.0,True,51.56386
