instance_name,parameter_name,parameter_value,seed,n_iterations,xi_min,xi_max,cooling_rate,segment_size,total_cost,rider_cost,drone_cost,delay_cost,self_pickup_cost,drone_served_orders,drone_mode_ratio,on_time_rate,average_delay,max_delay,average_walking_distance,drone_utilization,feasible,cpu_time,incumbent_inherited,initial_incumbent_cost
RDL-n25-01,number_of_drones,0,1,10000,0.1,0.4,0.997,100,262.376124,262.376124,0.0,0.0,0.0,0,0.0,1.0,0.0,0.0,0.0,0.0,True,17.495297,False,
RDL-n25-01,number_of_drones,2,1,10000,0.1,0.4,0.997,100,253.869879,242.098465,9.221111,0.0,2.550303,2,0.08,1.0,0.0,0.0,0.637576,1.0,True,19.969893,True,262.3761236924752
RDL-n25-01,number_of_drones,4,1,10000,0.1,0.4,0.997,100,253.869879,242.098465,9.221111,0.0,2.550303,2,0.08,1.0,0.0,0.0,0.637576,0.5,True,22.822449,True,253.86987906109167
RDL-n25-01,number_of_drones,6,1,10000,0.1,0.4,0.997,100,253.869879,242.098465,9.221111,0.0,2.550303,2,0.08,1.0,0.0,0.0,0.637576,0.333333,True,24.052943,True,253.86987906109167
RDL-n25-01,number_of_drones,8,1,10000,0.1,0.4,0.997,100,253.869879,242.098465,9.221111,0.0,2.550303,2,0.08,1.0,0.0,0.0,0.637576,0.25,True,24.420923,True,253.86987906109167
RDL-n25-01,number_of_drones,10,1,10000,0.1,0.4,0.997,100,253.869879,242.098465,9.221111,0.0,2.550303,2,0.08,1.0,0.0,0.0,0.637576,0.2,True,25.10497,True,253.86987906109167
RDL-n25-01,number_of_drones,12,1,10000,0.1,0.4,0.997,100,253.869879,242.098465,9.221111,0.0,2.550303,2,0.08,1.0,0.0,0.0,0.637576,0.166667,True,24.92261,True,253.86987906109167
RDL-n25-01,number_of_drones,0,2,10000,0.1,0.4,0.997,100,262.213712,262.213712,0.0,0.0,0.0,0,0.0,1.0,0.0,0.0,0.0,0.0,True,17.639105,False,
RDL-n25-01,number_of_drones,2,2,10000,0.1,0.4,0.997,100,253.869879,242.098465,9.221111,0.0,2.550303,2,0.08,1.0,0.0,0.0,0.637576,1.0,True,19.916818,True,262.21371228480723
RDL-n25-01,number_of_drones,4,2,10000,0.1,0.4,0.997,100,253.869879,242.098465,9.221111,0.0,2.550303,2,0.08,1.0,0.0,0.0,0.637576,0.5,True,23.42328,True,253.86987906109178
RDL-n25-01,number_of_drones,6,2,10000,0.1,0.4,0.997,100,253.869879,242.098465,9.221111,0.0,2.550303,2,0.08,1.0,0.0,0.0,0.637576,0.333333,True,24.384266,True,253.86987906109178
RDL-n25-01,number_of_drones,8,2,10000,0.1,0.4,0.997,100,253.869879,242.098465,9.221111,0.0,2.550303,2,0.08,1.0,0.0,0.0,0.637576,0.25,True,25.020809,True,253.86987906109178
RDL-n25-01,number_of_drones,10,2,10000,0.1,0.4,0.997,100,253.869879,242.098465,9.221111,0.0,2.550303,2,0.08,1.0,0.0,0.0,0.637576,0.2,True,25.045397,True,253.86987906109178
RDL-n25-01,number_of_drones,12,2,10000,0.1,0.4,0.997,100,253.869879,242.098465,9.221111,0.0,2.550303,2,0.08,1.0,0.0,0.0,0.637576,0.166667,True,24.909917,True,253.86987906109178
RDL-n25-01,number_of_drones,0,3,10000,0.1,0.4,0.997,100,262.213712,262.213712,0.0,0.0,0.0,0,0.0,1.0,0.0,0.0,0.0,0.0,True,17.630218,False,
RDL-n25-01,number_of_drones,2,3,10000,0.1,0.4,0.997,100,257.101034,236.732499,17.40501,0.0,2.963525,2,0.08,1.0,0.0,0.0,0.740881,1.0,True,20.062454,True,262.21371228480723
RDL-n25-01,number_of_drones,4,3,10000,0.1,0.4,0.997,100,253.081001,228.26198,21.203031,0.0,3.61599,4,0.16,1.0,0.0,0.0,0.451999,1.0,True,22.623614,True,257.101034177212
RDL-n25-01,number_of_drones,6,3,10000,0.1,0.4,0.997,100,253.081001,228.26198,21.203031,0.0,3.61599,4,0.16,1.0,0.0,0.0,0.451999,0.666667,True,24.833638,True,253.08100090996967
RDL-n25-01,number_of_drones,8,3,10000,0.1,0.4,0.997,100,252.242704,227.423683,21.203031,0.0,3.61599,4,0.16,1.0,0.0,0.0,0.451999,0.5,True,24.617573,True,253.08100090996967
RDL-n25-01,number_of_drones,10,3,10000,0.1,0.4,0.997,100,252.242704,227.423683,21.203031,0.0,3.61599,4,0.16,1.0,0.0,0.0,0.451999,0.4,True,25.102943,True,252.24270426212394
RDL-n25-01,number_of_drones,12,3,10000,0.1,0.4,0.997,100,252.242704,227.423683,21.203031,0.0,3.61599,4,0.16,1.0,0.0,0.0,0.451999,0.333333,True,25.190938,True,252.24270426212394
RDL-n25-01,number_of_drones,0,4,10000,0.1,0.4,0.997,100,262.239841,262.239841,0.0,0.0,0.0,0,0.0,1.0,0.0,0.0,0.0,0.0,True,17.472095,False,
RDL-n25-01,number_of_drones,2,4,10000,0.1,0.4,0.997,100,256.667319,250.252008,5.464943,0.0,0.950368,1,0.04,1.0,0.0,0.0,0.475184,0.5,True,20.292429,True,262.23984096423044
RDL-n25-01,number_of_drones,4,4,10000,0.1,0.4,0.997,100,256.667319,250.252008,5.464943,0.0,0.950368,1,0.04,1.0,0.0,0.0,0.475184,0.25,True,22.906755,True,256.6673193578413
RDL-n25-01,number_of_drones,6,4,10000,0.1,0.4,0.997,100,256.667319,250.252008,5.464943,0.0,0.950368,1,0.04,1.0,0.0,0.0,0.475184,0.166667,True,24.292763,True,256.6673193578413
RDL-n25-01,number_of_drones,8,4,10000,0.1,0.4,0.997,100,254.635795,229.20875,21.203031,0.0,4.224014,4,0.16,1.0,0.0,0.0,0.528002,0.5,True,25.627405,True,256.6673193578413
RDL-n25-01,number_of_drones,10,4,10000,0.1,0.4,0.997,100,254.609666,229.182622,21.203031,0.0,4.224014,4,0.16,1.0,0.0,0.0,0.528002,0.4,True,25.385698,True,254.6357951775099
RDL-n25-01,number_of_drones,12,4,10000,0.1,0.4,0.997,100,254.338496,228.911452,21.203031,0.0,4.224014,4,0.16,1.0,0.0,0.0,0.528002,0.333333,True,25.178259,True,254.60966649808674
RDL-n25-01,number_of_drones,0,5,10000,0.1,0.4,0.997,100,262.213712,262.213712,0.0,0.0,0.0,0,0.0,1.0,0.0,0.0,0.0,0.0,True,17.333602,False,
RDL-n25-01,number_of_drones,2,5,10000,0.1,0.4,0.997,100,253.896008,242.124593,9.221111,0.0,2.550303,2,0.08,1.0,0.0,0.0,0.637576,1.0,True,19.511222,True,262.21371228480723
RDL-n25-01,number_of_drones,4,5,10000,0.1,0.4,0.997,100,253.869879,242.098465,9.221111,0.0,2.550303,2,0.08,1.0,0.0,0.0,0.637576,0.5,True,23.170027,True,253.89600774051485
RDL-n25-01,number_of_drones,6,5,10000,0.1,0.4,0.997,100,253.869879,242.098465,9.221111,0.0,2.550303,2,0.08,1.0,0.0,0.0,0.637576,0.333333,True,24.30339,True,253.86987906109175
RDL-n25-01,number_of_drones,8,5,10000,0.1,0.4,0.997,100,252.51998,226.650465,21.203031,0.0,4.666484,4,0.16,1.0,0.0,0.0,0.583311,0.5,True,25.103862,True,253.86987906109175
RDL-n25-01,number_of_drones,10,5,10000,0.1,0.4,0.997,100,252.51998,226.650465,21.203031,0.0,4.666484,4,0.16,1.0,0.0,0.0,0.583311,0.4,True,24.705461,True,252.51998036274637
RDL-n25-01,number_of_drones,12,5,10000,0.1,0.4,0.997,100,251.988272,226.118757,21.203031,0.0,4.666484,4,0.16,1.0,0.0,0.0,0.583311,0.333333,True,24.968037,True,252.51998036274637
RDL-n25-01,number_of_drones,0,6,10000,0.1,0.4,0.997,100,262.213712,262.213712,0.0,0.0,0.0,0,0.0,1.0,0.0,0.0,0.0,0.0,True,17.114223,False,
RDL-n25-01,number_of_drones,2,6,10000,0.1,0.4,0.997,100,256.693448,250.278137,5.464943,0.0,0.950368,1,0.04,1.0,0.0,0.0,0.475184,0.5,True,20.070578,True,262.21371228480723
RDL-n25-01,number_of_drones,4,6,10000,0.1,0.4,0.997,100,256.667319,250.252008,5.464943,0.0,0.950368,1,0.04,1.0,0.0,0.0,0.475184,0.25,True,22.395135,True,256.6934480372644
RDL-n25-01,number_of_drones,6,6,10000,0.1,0.4,0.997,100,253.869879,242.098465,9.221111,0.0,2.550303,2,0.08,1.0,0.0,0.0,0.637576,0.333333,True,23.805682,True,256.6673193578412
RDL-n25-01,number_of_drones,8,6,10000,0.1,0.4,0.997,100,253.869879,242.098465,9.221111,0.0,2.550303,2,0.08,1.0,0.0,0.0,0.637576,0.25,True,24.813088,True,253.8698790610917
RDL-n25-01,number_of_drones,10,6,10000,0.1,0.4,0.997,100,253.869879,242.098465,9.221111,0.0,2.550303,2,0.08,1.0,0.0,0.0,0.637576,0.2,True,24.517223,True,253.8698790610917
RDL-n25-01,number_of_drones,12,6,10000,0.1,0.4,0.997,100,253.869879,242.098465,9.221111,0.0,2.550303,2,0.08,1.0,0.0,0.0,0.637576,0.166667,True,24.219126,True,253.8698790610917
RDL-n25-01,number_of_drones,0,7,10000,0.1,0.4,0.997,100,262.376124,262.376124,0.0,0.0,0.0,0,0.0,1.0,0.0,0.0,0.0,0.0,True,17.315792,False,
RDL-n25-01,number_of_drones,2,7,10000,0.1,0.4,0.997,100,256.693448,250.278137,5.464943,0.0,0.950368,1,0.04,1.0,0.0,0.0,0.475184,0.5,True,19.990946,True,262.3761236924752
RDL-n25-01,number_of_drones,4,7,10000,0.1,0.4,0.997,100,256.667319,250.252008,5.464943,0.0,0.950368,1,0.04,1.0,0.0,0.0,0.475184,0.25,True,22.415515,True,256.6934480372645
RDL-n25-01,number_of_drones,6,7,10000,0.1,0.4,0.997,100,254.312368,228.885323,21.203031,0.0,4.224014,4,0.16,1.0,0.0,0.0,0.528002,0.666667,True,24.662544,True,256.66731935784134
RDL-n25-01,number_of_drones,8,7,10000,0.1,0.4,0.997,100,254.312368,228.885323,21.203031,0.0,4.224014,4,0.16,1.0,0.0,0.0,0.528002,0.5,True,25.289773,True,254.3123675913816
RDL-n25-01,number_of_drones,10,7,10000,0.1,0.4,0.997,100,254.312368,228.885323,21.203031,0.0,4.224014,4,0.16,1.0,0.0,0.0,0.528002,0.4,True,25.297101,True,254.3123675913816
RDL-n25-01,number_of_drones,12,7,10000,0.1,0.4,0.997,100,254.312368,228.885323,21.203031,0.0,4.224014,4,0.16,1.0,0.0,0.0,0.528002,0.333333,True,24.554885,True,254.3123675913816
RDL-n25-01,number_of_drones,0,8,10000,0.1,0.4,0.997,100,262.402252,262.402252,0.0,0.0,0.0,0,0.0,1.0,0.0,0.0,0.0,0.0,True,17.117647,False,
RDL-n25-01,number_of_drones,2,8,10000,0.1,0.4,0.997,100,256.924805,250.509494,5.464943,0.0,0.950368,1,0.04,1.0,0.0,0.0,0.475184,0.5,True,20.167877,True,262.4022523718983
RDL-n25-01,number_of_drones,4,8,10000,0.1,0.4,0.997,100,254.609666,229.182622,21.203031,0.0,4.224014,4,0.16,1.0,0.0,0.0,0.528002,1.0,True,22.843964,True,256.9248051845044
RDL-n25-01,number_of_drones,6,8,10000,0.1,0.4,0.997,100,254.609666,229.182622,21.203031,0.0,4.224014,4,0.16,1.0,0.0,0.0,0.528002,0.666667,True,24.379035,True,254.6096664980868
RDL-n25-01,number_of_drones,8,8,10000,0.1,0.4,0.997,100,254.609666,229.182622,21.203031,0.0,4.224014,4,0.16,1.0,0.0,0.0,0.528002,0.5,True,24.355777,True,254.6096664980868
RDL-n25-01,number_of_drones,10,8,10000,0.1,0.4,0.997,100,254.609666,229.182622,21.203031,0.0,4.224014,4,0.16,1.0,0.0,0.0,0.528002,0.4,True,24.616693,True,254.6096664980868
RDL-n25-01,number_of_drones,12,8,10000,0.1,0.4,0.997,100,254.609666,229.182622,21.203031,0.0,4.224014,4,0.16,1.0,0.0,0.0,0.528002,0.333333,True,24.872986,True,254.6096664980868
RDL-n25-01,number_of_drones,0,9,10000,0.1,0.4,0.997,100,263.516014,263.516014,0.0,0.0,0.0,0,0.0,1.0,0.0,0.0,0.0,0.0,True,17.103238,False,
RDL-n25-01,number_of_drones,2,9,10000,0.1,0.4,0.997,100,256.667319,250.252008,5.464943,0.0,0.950368,1,0.04,1.0,0.0,0.0,0.475184,0.5,True,19.719616,True,263.51601366757666
RDL-n25-01,number_of_drones,4,9,10000,0.1,0.4,0.997,100,256.667319,250.252008,5.464943,0.0,0.950368,1,0.04,1.0,0.0,0.0,0.475184,0.25,True,22.554856,True,256.6673193578412
RDL-n25-01,number_of_drones,6,9,10000,0.1,0.4,0.997,100,255.183032,229.628835,21.161178,0.0,4.393019,3,0.12,1.0,0.0,0.0,0.73217,0.5,True,24.071521,True,256.6673193578412
RDL-n25-01,number_of_drones,8,9,10000,0.1,0.4,0.997,100,255.183032,229.628835,21.161178,0.0,4.393019,3,0.12,1.0,0.0,0.0,0.73217,0.375,True,23.742255,True,255.18303210378443
RDL-n25-01,number_of_drones,10,9,10000,0.1,0.4,0.997,100,252.590388,226.720873,21.203031,0.0,4.666484,4,0.16,1.0,0.0,0.0,0.583311,0.4,True,25.008714,True,255.18303210378443
RDL-n25-01,number_of_drones,12,9,10000,0.1,0.4,0.997,100,252.187782,226.318267,21.203031,0.0,4.666484,4,0.16,1.0,0.0,0.0,0.583311,0.333333,True,24.750923,True,252.59038786300675
RDL-n25-01,number_of_drones,0,10,10000,0.1,0.4,0.997,100,262.213712,262.213712,0.0,0.0,0.0,0,0.0,1.0,0.0,0.0,0.0,0.0,True,17.121776,False,
RDL-n25-01,number_of_drones,2,10,10000,0.1,0.4,0.997,100,253.896008,242.124593,9.221111,0.0,2.550303,2,0.08,1.0,0.0,0.0,0.637576,1.0,True,19.604116,True,262.21371228480723
RDL-n25-01,number_of_drones,4,10,10000,0.1,0.4,0.997,100,253.869879,242.098465,9.221111,0.0,2.550303,2,0.08,1.0,0.0,0.0,0.637576,0.5,True,22.639412,True,253.89600774051485
RDL-n25-01,number_of_drones,6,10,10000,0.1,0.4,0.997,100,253.869879,242.098465,9.221111,0.0,2.550303,2,0.08,1.0,0.0,0.0,0.637576,0.333333,True,24.124893,True,253.8698790610917
RDL-n25-01,number_of_drones,8,10,10000,0.1,0.4,0.997,100,253.869879,242.098465,9.221111,0.0,2.550303,2,0.08,1.0,0.0,0.0,0.637576,0.25,True,24.592796,True,253.8698790610917
RDL-n25-01,number_of_drones,10,10,10000,0.1,0.4,0.997,100,253.869879,242.098465,9.221111,0.0,2.550303,2,0.08,1.0,0.0,0.0,0.637576,0.2,True,24.862729,True,253.8698790610917
RDL-n25-01,number_of_drones,12,10,10000,0.1,0.4,0.997,100,253.869879,242.098465,9.221111,0.0,2.550303,2,0.08,1.0,0.0,0.0,0.637576,0.166667,True,24.585935,True,253.8698790610917
RDL-n25-01,drone_range,8,1,10000,0.1,0.4,0.997,100,254.609666,229.182622,21.203031,0.0,4.224014,4,0.16,1.0,0.0,0.0,0.528002,0.5,True,23.946029,False,
RDL-n25-01,drone_range,12,1,10000,0.1,0.4,0.997,100,253.869879,242.098465,9.221111,0.0,2.550303,2,0.08,1.0,0.0,0.0,0.637576,0.25,True,25.004731,True,254.60966649808674
RDL-n25-01,drone_range,16,1,10000,0.1,0.4,0.997,100,253.869879,242.098465,9.221111,0.0,2.550303,2,0.08,1.0,0.0,0.0,0.637576,0.25,True,24.516,True,253.86987906109172
RDL-n25-01,drone_range,20,1,10000,0.1,0.4,0.997,100,253.869879,242.098465,9.221111,0.0,2.550303,2,0.08,1.0,0.0,0.0,0.637576,0.25,True,24.383752,True,253.86987906109172
RDL-n25-01,drone_range,24,1,10000,0.1,0.4,0.997,100,253.869879,242.098465,9.221111,0.0,2.550303,2,0.08,1.0,0.0,0.0,0.637576,0.25,True,24.296571,True,253.86987906109172
RDL-n25-01,drone_range,30,1,10000,0.1,0.4,0.997,100,253.869879,242.098465,9.221111,0.0,2.550303,2,0.08,1.0,0.0,0.0,0.637576,0.25,True,24.475138,True,253.86987906109172
RDL-n25-01,drone_range,8,2,10000,0.1,0.4,0.997,100,254.312368,228.885323,21.203031,0.0,4.224014,4,0.16,1.0,0.0,0.0,0.528002,0.5,True,24.364302,False,
RDL-n25-01,drone_range,12,2,10000,0.1,0.4,0.997,100,253.461612,228.642591,21.203031,0.0,3.61599,4,0.16,1.0,0.0,0.0,0.451999,0.5,True,24.588104,True,254.3123675913816
RDL-n25-01,drone_range,16,2,10000,0.1,0.4,0.997,100,252.242704,227.423683,21.203031,0.0,3.61599,4,0.16,0.96,0.006029,0.150729,0.451999,0.5,True,24.790415,True,253.46161241064746
RDL-n25-01,drone_range,20,2,10000,0.1,0.4,0.997,100,252.242704,227.423683,21.203031,0.0,3.61599,4,0.16,0.96,0.006029,0.150729,0.451999,0.5,True,24.801892,True,252.24270426212402
RDL-n25-01,drone_range,24,2,10000,0.1,0.4,0.997,100,252.242704,227.423683,21.203031,0.0,3.61599,4,0.16,0.96,0.006029,0.150729,0.451999,0.5,True,24.731699,True,252.24270426212402
RDL-n25-01,drone_range,30,2,10000,0.1,0.4,0.997,100,252.242704,227.423683,21.203031,0.0,3.61599,4,0.16,0.96,0.006029,0.150729,0.451999,0.5,True,24.782352,True,252.24270426212402
RDL-n25-01,drone_range,8,3,10000,0.1,0.4,0.997,100,253.214412,227.44886,21.203031,0.0,4.562521,4,0.16,1.0,0.0,0.0,0.570315,0.5,True,23.688244,False,
RDL-n25-01,drone_range,12,3,10000,0.1,0.4,0.997,100,252.402244,226.636692,21.203031,0.0,4.562521,4,0.16,1.0,0.0,0.0,0.570315,0.5,True,24.778953,True,253.21441165756767
RDL-n25-01,drone_range,16,3,10000,0.1,0.4,0.997,100,252.402244,226.636692,21.203031,0.0,4.562521,4,0.16,1.0,0.0,0.0,0.570315,0.5,True,24.783332,True,252.4022436891451
RDL-n25-01,drone_range,20,3,10000,0.1,0.4,0.997,100,252.402244,226.636692,21.203031,0.0,4.562521,4,0.16,1.0,0.0,0.0,0.570315,0.5,True,24.840432,True,252.4022436891451
RDL-n25-01,drone_range,24,3,10000,0.1,0.4,0.997,100,252.402244,226.636692,21.203031,0.0,4.562521,4,0.16,1.0,0.0,0.0,0.570315,0.5,True,25.022836,True,252.4022436891451
RDL-n25-01,drone_range,30,3,10000,0.1,0.4,0.997,100,252.402244,226.636692,21.203031,0.0,4.562521,4,0.16,1.0,0.0,0.0,0.570315,0.5,True,24.641798,True,252.4022436891451
RDL-n25-01,drone_range,8,4,10000,0.1,0.4,0.997,100,252.90816,227.142608,21.203031,0.0,4.562521,4,0.16,0.96,0.006029,0.150729,0.570315,0.5,True,24.493368,False,
RDL-n25-01,drone_range,12,4,10000,0.1,0.4,0.997,100,252.402244,226.636692,21.203031,0.0,4.562521,4,0.16,1.0,0.0,0.0,0.570315,0.5,True,25.033451,True,252.9081598995369
RDL-n25-01,drone_range,16,4,10000,0.1,0.4,0.997,100,252.402244,226.636692,21.203031,0.0,4.562521,4,0.16,1.0,0.0,0.0,0.570315,0.5,True,25.188802,True,252.40224368914502
RDL-n25-01,drone_range,20,4,10000,0.1,0.4,0.997,100,252.402244,226.636692,21.203031,0.0,4.562521,4,0.16,1.0,0.0,0.0,0.570315,0.5,True,25.086146,True,252.40224368914502
RDL-n25-01,drone_range,24,4,10000,0.1,0.4,0.997,100,252.402244,226.636692,21.203031,0.0,4.562521,4,0.16,1.0,0.0,0.0,0.570315,0.5,True,25.219954,True,252.40224368914502
RDL-n25-01,drone_range,30,4,10000,0.1,0.4,0.997,100,252.402244,226.636692,21.203031,0.0,4.562521,4,0.16,1.0,0.0,0.0,0.570315,0.5,True,25.19714,True,252.40224368914502
RDL-n25-01,drone_range,8,5,10000,0.1,0.4,0.997,100,252.602095,226.73258,21.203031,0.0,4.666484,4,0.16,1.0,0.0,0.0,0.583311,0.5,True,23.737477,False,
RDL-n25-01,drone_range,12,5,10000,0.1,0.4,0.997,100,251.988272,226.118757,21.203031,0.0,4.666484,4,0.16,1.0,0.0,0.0,0.583311,0.5,True,25.151667,True,252.6020953370235
RDL-n25-01,drone_range,16,5,10000,0.1,0.4,0.997,100,251.988272,226.118757,21.203031,0.0,4.666484,4,0.16,1.0,0.0,0.0,0.583311,0.5,True,24.913346,True,251.98827191469877
RDL-n25-01,drone_range,20,5,10000,0.1,0.4,0.997,100,251.988272,226.118757,21.203031,0.0,4.666484,4,0.16,1.0,0.0,0.0,0.583311,0.5,True,24.847792,True,251.98827191469877
RDL-n25-01,drone_range,24,5,10000,0.1,0.4,0.997,100,251.988272,226.118757,21.203031,0.0,4.666484,4,0.16,1.0,0.0,0.0,0.583311,0.5,True,24.917569,True,251.98827191469877
RDL-n25-01,drone_range,30,5,10000,0.1,0.4,0.997,100,251.988272,226.118757,21.203031,0.0,4.666484,4,0.16,1.0,0.0,0.0,0.583311,0.5,True,24.861571,True,251.98827191469877
RDL-n25-01,drone_range,8,6,10000,0.1,0.4,0.997,100,254.450442,243.625558,9.221111,0.0,1.603773,2,0.08,1.0,0.0,0.0,0.400943,0.25,True,23.073464,False,
RDL-n25-01,drone_range,12,6,10000,0.1,0.4,0.997,100,254.424313,243.599429,9.221111,0.0,1.603773,2,0.08,1.0,0.0,0.0,0.400943,0.25,True,24.927258,True,254.450441595252
RDL-n25-01,drone_range,16,6,10000,0.1,0.4,0.997,100,254.424313,243.599429,9.221111,0.0,1.603773,2,0.08,1.0,0.0,0.0,0.400943,0.25,True,24.551475,True,254.42431291582884
RDL-n25-01,drone_range,20,6,10000,0.1,0.4,0.997,100,254.424313,243.599429,9.221111,0.0,1.603773,2,0.08,1.0,0.0,0.0,0.400943,0.25,True,24.572051,True,254.42431291582884
RDL-n25-01,drone_range,24,6,10000,0.1,0.4,0.997,100,254.424313,243.599429,9.221111,0.0,1.603773,2,0.08,1.0,0.0,0.0,0.400943,0.25,True,24.55927,True,254.42431291582884
RDL-n25-01,drone_range,30,6,10000,0.1,0.4,0.997,100,254.424313,243.599429,9.221111,0.0,1.603773,2,0.08,1.0,0.0,0.0,0.400943,0.25,True,24.429729,True,254.42431291582884
RDL-n25-01,drone_range,8,7,10000,0.1,0.4,0.997,100,252.014401,226.144885,21.203031,0.0,4.666484,4,0.16,1.0,0.0,0.0,0.583311,0.5,True,24.012317,False,
RDL-n25-01,drone_range,12,7,10000,0.1,0.4,0.997,100,251.988272,226.118757,21.203031,0.0,4.666484,4,0.16,1.0,0.0,0.0,0.583311,0.5,True,24.810568,True,252.01440059412187
RDL-n25-01,drone_range,16,7,10000,0.1,0.4,0.997,100,251.988272,226.118757,21.203031,0.0,4.666484,4,0.16,1.0,0.0,0.0,0.583311,0.5,True,24.158846,True,251.98827191469871
RDL-n25-01,drone_range,20,7,10000,0.1,0.4,0.997,100,251.988272,226.118757,21.203031,0.0,4.666484,4,0.16,1.0,0.0,0.0,0.583311,0.5,True,24.208375,True,251.98827191469871
RDL-n25-01,drone_range,24,7,10000,0.1,0.4,0.997,100,251.988272,226.118757,21.203031,0.0,4.666484,4,0.16,1.0,0.0,0.0,0.583311,0.5,True,24.319328,True,251.98827191469871
RDL-n25-01,drone_range,30,7,10000,0.1,0.4,0.997,100,251.988272,226.118757,21.203031,0.0,4.666484,4,0.16,1.0,0.0,0.0,0.583311,0.5,True,24.198923,True,251.98827191469871
RDL-n25-01,drone_range,8,8,10000,0.1,0.4,0.997,100,252.268833,227.449812,21.203031,0.0,3.61599,4,0.16,1.0,0.0,0.0,0.451999,0.5,True,23.950844,False,
RDL-n25-01,drone_range,12,8,10000,0.1,0.4,0.997,100,252.242704,227.423683,21.203031,0.0,3.61599,4,0.16,1.0,0.0,0.0,0.451999,0.5,True,24.567145,True,252.26883294154712
RDL-n25-01,drone_range,16,8,10000,0.1,0.4,0.997,100,252.242704,227.423683,21.203031,0.0,3.61599,4,0.16,1.0,0.0,0.0,0.451999,0.5,True,25.11656,True,252.24270426212397
RDL-n25-01,drone_range,20,8,10000,0.1,0.4,0.997,100,252.242704,227.423683,21.203031,0.0,3.61599,4,0.16,1.0,0.0,0.0,0.451999,0.5,True,24.885419,True,252.24270426212397
RDL-n25-01,drone_range,24,8,10000,0.1,0.4,0.997,100,252.242704,227.423683,21.203031,0.0,3.61599,4,0.16,1.0,0.0,0.0,0.451999,0.5,True,25.117958,True,252.24270426212397
RDL-n25-01,drone_range,30,8,10000,0.1,0.4,0.997,100,252.242704,227.423683,21.203031,0.0,3.61599,4,0.16,1.0,0.0,0.0,0.451999,0.5,True,25.074238,True,252.24270426212397
RDL-n25-01,drone_range,8,9,10000,0.1,0.4,0.997,100,252.014401,226.144885,21.203031,0.0,4.666484,4,0.16,1.0,0.0,0.0,0.583311,0.5,True,23.718723,False,
RDL-n25-01,drone_range,12,9,10000,0.1,0.4,0.997,100,251.988272,226.118757,21.203031,0.0,4.666484,4,0.16,1.0,0.0,0.0,0.583311,0.5,True,24.080374,True,252.01440059412195
RDL-n25-01,drone_range,16,9,10000,0.1,0.4,0.997,100,251.988272,226.118757,21.203031,0.0,4.666484,4,0.16,1.0,0.0,0.0,0.583311,0.5,True,24.170194,True,251.9882719146988
RDL-n25-01,drone_range,20,9,10000,0.1,0.4,0.997,100,251.988272,226.118757,21.203031,0.0,4.666484,4,0.16,1.0,0.0,0.0,0.583311,0.5,True,24.26243,True,251.9882719146988
RDL-n25-01,drone_range,24,9,10000,0.1,0.4,0.997,100,251.988272,226.118757,21.203031,0.0,4.666484,4,0.16,1.0,0.0,0.0,0.583311,0.5,True,24.198937,True,251.9882719146988
RDL-n25-01,drone_range,30,9,10000,0.1,0.4,0.997,100,251.988272,226.118757,21.203031,0.0,4.666484,4,0.16,1.0,0.0,0.0,0.583311,0.5,True,24.144991,True,251.9882719146988
RDL-n25-01,drone_range,8,10,10000,0.1,0.4,0.997,100,253.896008,242.124593,9.221111,0.0,2.550303,2,0.08,1.0,0.0,0.0,0.637576,0.25,True,24.082529,False,
RDL-n25-01,drone_range,12,10,10000,0.1,0.4,0.997,100,253.896008,242.124593,9.221111,0.0,2.550303,2,0.08,1.0,0.0,0.0,0.637576,0.25,True,24.567605,True,253.89600774051493
RDL-n25-01,drone_range,16,10,10000,0.1,0.4,0.997,100,253.896008,242.124593,9.221111,0.0,2.550303,2,0.08,1.0,0.0,0.0,0.637576,0.25,True,24.416333,True,253.89600774051493
RDL-n25-01,drone_range,20,10,10000,0.1,0.4,0.997,100,253.896008,242.124593,9.221111,0.0,2.550303,2,0.08,1.0,0.0,0.0,0.637576,0.25,True,24.524009,True,253.89600774051493
RDL-n25-01,drone_range,24,10,10000,0.1,0.4,0.997,100,253.896008,242.124593,9.221111,0.0,2.550303,2,0.08,1.0,0.0,0.0,0.637576,0.25,True,24.526386,True,253.89600774051493
RDL-n25-01,drone_range,30,10,10000,0.1,0.4,0.997,100,253.896008,242.124593,9.221111,0.0,2.550303,2,0.08,1.0,0.0,0.0,0.637576,0.25,True,24.62351,True,253.89600774051493
RDL-n25-01,number_of_lockers,2,1,10000,0.1,0.4,0.997,100,256.364949,237.353215,15.738088,0.0,3.273646,3,0.12,1.0,0.0,0.0,0.545608,0.375,True,17.326602,False,
RDL-n25-01,number_of_lockers,3,1,10000,0.1,0.4,0.997,100,256.364949,237.353215,15.738088,0.0,3.273646,3,0.12,1.0,0.0,0.0,0.545608,0.375,True,21.993456,True,256.36494875366
RDL-n25-01,number_of_lockers,4,1,10000,0.1,0.4,0.997,100,254.424313,243.599429,9.221111,0.0,1.603773,2,0.08,1.0,0.0,0.0,0.400943,0.25,True,24.76408,True,256.36494875366
RDL-n25-01,number_of_lockers,5,1,10000,0.1,0.4,0.997,100,253.869879,242.098465,9.221111,0.0,2.550303,2,0.08,1.0,0.0,0.0,0.637576,0.25,True,25.222889,True,254.4243129158289
RDL-n25-01,number_of_lockers,6,1,10000,0.1,0.4,0.997,100,253.869879,242.098465,9.221111,0.0,2.550303,2,0.08,1.0,0.0,0.0,0.637576,0.25,True,25.035538,True,253.86987906109175
RDL-n25-01,number_of_lockers,8,1,10000,0.1,0.4,0.997,100,253.869879,242.098465,9.221111,0.0,2.550303,2,0.08,1.0,0.0,0.0,0.637576,0.25,True,24.98846,True,253.86987906109175
RDL-n25-01,number_of_lockers,10,1,10000,0.1,0.4,0.997,100,253.869879,242.098465,9.221111,0.0,2.550303,2,0.08,1.0,0.0,0.0,0.637576,0.25,True,24.396908,True,253.86987906109175
RDL-n25-01,number_of_lockers,2,2,10000,0.1,0.4,0.997,100,256.52736,237.515627,15.738088,0.0,3.273646,3,0.12,1.0,0.0,0.0,0.545608,0.375,True,17.461138,False,
RDL-n25-01,number_of_lockers,3,2,10000,0.1,0.4,0.997,100,256.364949,237.353215,15.738088,0.0,3.273646,3,0.12,1.0,0.0,0.0,0.545608,0.375,True,21.7628,True,256.52736016132786
RDL-n25-01,number_of_lockers,4,2,10000,0.1,0.4,0.997,100,254.835305,229.40826,21.203031,0.0,4.224014,4,0.16,1.0,0.0,0.0,0.528002,0.5,True,24.326016,True,256.3649487536599
RDL-n25-01,number_of_lockers,5,2,10000,0.1,0.4,0.997,100,252.268833,227.449812,21.203031,0.0,3.61599,4,0.16,1.0,0.0,0.0,0.451999,0.5,True,24.201195,True,254.8353050705951
RDL-n25-01,number_of_lockers,6,2,10000,0.1,0.4,0.997,100,251.988272,226.118757,21.203031,0.0,4.666484,4,0.16,1.0,0.0,0.0,0.583311,0.5,True,25.149262,True,252.26883294154712
RDL-n25-01,number_of_lockers,8,2,10000,0.1,0.4,0.997,100,251.988272,226.118757,21.203031,0.0,4.666484,4,0.16,1.0,0.0,0.0,0.583311,0.5,True,25.399727,True,251.98827191469877
RDL-n25-01,number_of_lockers,10,2,10000,0.1,0.4,0.997,100,251.988272,226.118757,21.203031,0.0,4.666484,4,0.16,1.0,0.0,0.0,0.583311,0.5,True,24.58355,True,251.98827191469877
RDL-n25-01,number_of_lockers,2,3,10000,0.1,0.4,0.997,100,256.52736,237.515627,15.738088,0.0,3.273646,3,0.12,1.0,0.0,0.0,0.545608,0.375,True,17.158001,False,
RDL-n25-01,number_of_lockers,3,3,10000,0.1,0.4,0.997,100,256.52736,237.515627,15.738088,0.0,3.273646,3,0.12,1.0,0.0,0.0,0.545608,0.375,True,21.819019,True,256.52736016132786
RDL-n25-01,number_of_lockers,4,3,10000,0.1,0.4,0.997,100,253.896008,242.124593,9.221111,0.0,2.550303,2,0.08,1.0,0.0,0.0,0.637576,0.25,True,24.93569,True,256.52736016132786
RDL-n25-01,number_of_lockers,5,3,10000,0.1,0.4,0.997,100,253.869879,242.098465,9.221111,0.0,2.550303,2,0.08,1.0,0.0,0.0,0.637576,0.25,True,24.48178,True,253.896007740515
RDL-n25-01,number_of_lockers,6,3,10000,0.1,0.4,0.997,100,253.869879,242.098465,9.221111,0.0,2.550303,2,0.08,1.0,0.0,0.0,0.637576,0.25,True,23.996856,True,253.86987906109184
RDL-n25-01,number_of_lockers,8,3,10000,0.1,0.4,0.997,100,253.869879,242.098465,9.221111,0.0,2.550303,2,0.08,1.0,0.0,0.0,0.637576,0.25,True,24.137922,True,253.86987906109184
RDL-n25-01,number_of_lockers,10,3,10000,0.1,0.4,0.997,100,253.869879,242.098465,9.221111,0.0,2.550303,2,0.08,1.0,0.0,0.0,0.637576,0.25,True,25.059638,True,253.86987906109184
RDL-n25-01,number_of_lockers,2,4,10000,0.1,0.4,0.997,100,256.364949,237.353215,15.738088,0.0,3.273646,3,0.12,1.0,0.0,0.0,0.545608,0.375,True,17.48734,False,
RDL-n25-01,number_of_lockers,3,4,10000,0.1,0.4,0.997,100,256.364949,237.353215,15.738088,0.0,3.273646,3,0.12,1.0,0.0,0.0,0.545608,0.375,True,21.927592,True,256.36494875366
RDL-n25-01,number_of_lockers,4,4,10000,0.1,0.4,0.997,100,254.312368,228.885323,21.203031,0.0,4.224014,4,0.16,1.0,0.0,0.0,0.528002,0.5,True,24.167041,True,256.36494875366
RDL-n25-01,number_of_lockers,5,4,10000,0.1,0.4,0.997,100,254.312368,228.885323,21.203031,0.0,4.224014,4,0.16,1.0,0.0,0.0,0.528002,0.5,True,25.887204,True,254.3123675913816
RDL-n25-01,number_of_lockers,6,4,10000,0.1,0.4,0.997,100,252.714613,215.115414,33.373788,0.0,4.225411,5,0.2,1.0,0.0,0.0,0.422541,0.625,True,24.939719,True,254.3123675913816
RDL-n25-01,number_of_lockers,8,4,10000,0.1,0.4,0.997,100,252.714613,215.115414,33.373788,0.0,4.225411,5,0.2,1.0,0.0,0.0,0.422541,0.625,True,24.553557,True,252.71461333147155
RDL-n25-01,number_of_lockers,10,4,10000,0.1,0.4,0.997,100,252.714613,215.115414,33.373788,0.0,4.225411,5,0.2,1.0,0.0,0.0,0.422541,0.625,True,24.928218,True,252.71461333147155
RDL-n25-01,number_of_lockers,2,5,10000,0.1,0.4,0.997,100,256.364949,237.353215,15.738088,0.0,3.273646,3,0.12,1.0,0.0,0.0,0.545608,0.375,True,17.041394,False,
RDL-n25-01,number_of_lockers,3,5,10000,0.1,0.4,0.997,100,256.364949,237.353215,15.738088,0.0,3.273646,3,0.12,1.0,0.0,0.0,0.545608,0.375,True,21.387813,True,256.36494875366
RDL-n25-01,number_of_lockers,4,5,10000,0.1,0.4,0.997,100,254.450442,243.625558,9.221111,0.0,1.603773,2,0.08,1.0,0.0,0.0,0.400943,0.25,True,24.183766,True,256.36494875366
RDL-n25-01,number_of_lockers,5,5,10000,0.1,0.4,0.997,100,254.424313,243.599429,9.221111,0.0,1.603773,2,0.08,1.0,0.0,0.0,0.400943,0.25,True,23.461974,True,254.4504415952521
RDL-n25-01,number_of_lockers,6,5,10000,0.1,0.4,0.997,100,254.424313,243.599429,9.221111,0.0,1.603773,2,0.08,1.0,0.0,0.0,0.400943,0.25,True,24.525945,True,254.42431291582895
RDL-n25-01,number_of_lockers,8,5,10000,0.1,0.4,0.997,100,254.424313,243.599429,9.221111,0.0,1.603773,2,0.08,1.0,0.0,0.0,0.400943,0.25,True,24.464521,True,254.42431291582895
RDL-n25-01,number_of_lockers,10,5,10000,0.1,0.4,0.997,100,254.424313,243.599429,9.221111,0.0,1.603773,2,0.08,1.0,0.0,0.0,0.400943,0.25,True,24.0893,True,254.42431291582895
RDL-n25-01,number_of_lockers,2,6,10000,0.1,0.4,0.997,100,256.364949,237.353215,15.738088,0.0,3.273646,3,0.12,1.0,0.0,0.0,0.545608,0.375,True,16.6579,False,
RDL-n25-01,number_of_lockers,3,6,10000,0.1,0.4,0.997,100,256.364949,237.353215,15.738088,0.0,3.273646,3,0.12,1.0,0.0,0.0,0.545608,0.375,True,20.595653,True,256.36494875366
RDL-n25-01,number_of_lockers,4,6,10000,0.1,0.4,0.997,100,253.869879,242.098465,9.221111,0.0,2.550303,2,0.08,1.0,0.0,0.0,0.637576,0.25,True,24.096217,True,256.36494875366
RDL-n25-01,number_of_lockers,5,6,10000,0.1,0.4,0.997,100,253.869879,242.098465,9.221111,0.0,2.550303,2,0.08,1.0,0.0,0.0,0.637576,0.25,True,23.607205,True,253.86987906109167
RDL-n25-01,number_of_lockers,6,6,10000,0.1,0.4,0.997,100,253.869879,242.098465,9.221111,0.0,2.550303,2,0.08,1.0,0.0,0.0,0.637576,0.25,True,23.833972,True,253.86987906109167
RDL-n25-01,number_of_lockers,8,6,10000,0.1,0.4,0.997,100,253.869879,242.098465,9.221111,0.0,2.550303,2,0.08,1.0,0.0,0.0,0.637576,0.25,True,24.087109,True,253.86987906109167
RDL-n25-01,number_of_lockers,10,6,10000,0.1,0.4,0.997,100,253.869879,242.098465,9.221111,0.0,2.550303,2,0.08,1.0,0.0,0.0,0.637576,0.25,True,24.119426,True,253.86987906109167
RDL-n25-01,number_of_lockers,2,7,10000,0.1,0.4,0.997,100,256.72687,237.715136,15.738088,0.0,3.273646,3,0.12,1.0,0.0,0.0,0.545608,0.375,True,16.734966,False,
RDL-n25-01,number_of_lockers,3,7,10000,0.1,0.4,0.997,100,256.608598,237.596864,15.738088,0.0,3.273646,3,0.12,1.0,0.0,0.0,0.545608,0.375,True,21.22616,True,256.726870054413
RDL-n25-01,number_of_lockers,4,7,10000,0.1,0.4,0.997,100,254.312368,228.885323,21.203031,0.0,4.224014,4,0.16,1.0,0.0,0.0,0.528002,0.5,True,23.341375,True,256.6085975472553
RDL-n25-01,number_of_lockers,5,7,10000,0.1,0.4,0.997,100,254.312368,228.885323,21.203031,0.0,4.224014,4,0.16,1.0,0.0,0.0,0.528002,0.5,True,23.595119,True,254.31236759138156
RDL-n25-01,number_of_lockers,6,7,10000,0.1,0.4,0.997,100,254.312368,228.885323,21.203031,0.0,4.224014,4,0.16,1.0,0.0,0.0,0.528002,0.5,True,23.75876,True,254.31236759138156
RDL-n25-01,number_of_lockers,8,7,10000,0.1,0.4,0.997,100,254.312368,228.885323,21.203031,0.0,4.224014,4,0.16,1.0,0.0,0.0,0.528002,0.5,True,23.649707,True,254.31236759138156
RDL-n25-01,number_of_lockers,10,7,10000,0.1,0.4,0.997,100,254.312368,228.885323,21.203031,0.0,4.224014,4,0.16,1.0,0.0,0.0,0.528002,0.5,True,23.720109,True,254.31236759138156
RDL-n25-01,number_of_lockers,2,8,10000,0.1,0.4,0.997,100,256.364949,237.353215,15.738088,0.0,3.273646,3,0.12,1.0,0.0,0.0,0.545608,0.375,True,16.453876,False,
RDL-n25-01,number_of_lockers,3,8,10000,0.1,0.4,0.997,100,256.364949,237.353215,15.738088,0.0,3.273646,3,0.12,1.0,0.0,0.0,0.545608,0.375,True,21.052182,True,256.36494875366
RDL-n25-01,number_of_lockers,4,8,10000,0.1,0.4,0.997,100,254.623823,243.798939,9.221111,0.0,1.603773,2,0.08,1.0,0.0,0.0,0.400943,0.25,True,23.793457,True,256.36494875366
RDL-n25-01,number_of_lockers,5,8,10000,0.1,0.4,0.997,100,254.069389,242.297975,9.221111,0.0,2.550303,2,0.08,1.0,0.0,0.0,0.637576,0.25,True,23.459197,True,254.623822808914
RDL-n25-01,number_of_lockers,6,8,10000,0.1,0.4,0.997,100,254.069389,242.297975,9.221111,0.0,2.550303,2,0.08,1.0,0.0,0.0,0.637576,0.25,True,23.450237,True,254.0693889541769
RDL-n25-01,number_of_lockers,8,8,10000,0.1,0.4,0.997,100,254.069389,242.297975,9.221111,0.0,2.550303,2,0.08,1.0,0.0,0.0,0.637576,0.25,True,23.594412,True,254.0693889541769
RDL-n25-01,number_of_lockers,10,8,10000,0.1,0.4,0.997,100,253.896008,242.124593,9.221111,0.0,2.550303,2,0.08,1.0,0.0,0.0,0.637576,0.25,True,23.823292,True,254.0693889541769
RDL-n25-01,number_of_lockers,2,9,10000,0.1,0.4,0.997,100,256.52736,237.515627,15.738088,0.0,3.273646,3,0.12,1.0,0.0,0.0,0.545608,0.375,True,16.723741,False,
RDL-n25-01,number_of_lockers,3,9,10000,0.1,0.4,0.997,100,256.52736,237.515627,15.738088,0.0,3.273646,3,0.12,1.0,0.0,0.0,0.545608,0.375,True,20.168197,True,256.5273601613278
RDL-n25-01,number_of_lockers,4,9,10000,0.1,0.4,0.997,100,252.268833,227.449812,21.203031,0.0,3.61599,4,0.16,1.0,0.0,0.0,0.451999,0.5,True,23.471992,True,256.5273601613278
RDL-n25-01,number_of_lockers,5,9,10000,0.1,0.4,0.997,100,252.242704,227.423683,21.203031,0.0,3.61599,4,0.16,1.0,0.0,0.0,0.451999,0.5,True,23.636501,True,252.2688329415471
RDL-n25-01,number_of_lockers,6,9,10000,0.1,0.4,0.997,100,252.242704,227.423683,21.203031,0.0,3.61599,4,0.16,1.0,0.0,0.0,0.451999,0.5,True,24.304122,True,252.24270426212394
RDL-n25-01,number_of_lockers,8,9,10000,0.1,0.4,0.997,100,252.242704,227.423683,21.203031,0.0,3.61599,4,0.16,1.0,0.0,0.0,0.451999,0.5,True,22.96717,True,252.24270426212394
RDL-n25-01,number_of_lockers,10,9,10000,0.1,0.4,0.997,100,252.242704,227.423683,21.203031,0.0,3.61599,4,0.16,1.0,0.0,0.0,0.451999,0.5,True,24.48159,True,252.24270426212394
RDL-n25-01,number_of_lockers,2,10,10000,0.1,0.4,0.997,100,256.391077,237.379344,15.738088,0.0,3.273646,3,0.12,1.0,0.0,0.0,0.545608,0.375,True,17.276211,False,
RDL-n25-01,number_of_lockers,3,10,10000,0.1,0.4,0.997,100,256.364949,237.353215,15.738088,0.0,3.273646,3,0.12,1.0,0.0,0.0,0.545608,0.375,True,22.029432,True,256.3910774330831
RDL-n25-01,number_of_lockers,4,10,10000,0.1,0.4,0.997,100,254.24204,226.969195,21.203031,1.507293,4.562521,4,0.16,0.96,0.006029,0.150729,0.570315,0.5,True,25.357982,True,256.36494875366
RDL-n25-01,number_of_lockers,5,10,10000,0.1,0.4,0.997,100,252.242704,227.423683,21.203031,0.0,3.61599,4,0.16,1.0,0.0,0.0,0.451999,0.5,True,24.597005,True,254.24204010427587
RDL-n25-01,number_of_lockers,6,10,10000,0.1,0.4,0.997,100,252.242704,227.423683,21.203031,0.0,3.61599,4,0.16,1.0,0.0,0.0,0.451999,0.5,True,24.442935,True,252.24270426212394
RDL-n25-01,number_of_lockers,8,10,10000,0.1,0.4,0.997,100,252.242704,227.423683,21.203031,0.0,3.61599,4,0.16,1.0,0.0,0.0,0.451999,0.5,True,24.660657,True,252.24270426212394
RDL-n25-01,number_of_lockers,10,10,10000,0.1,0.4,0.997,100,252.242704,227.423683,21.203031,0.0,3.61599,4,0.16,1.0,0.0,0.0,0.451999,0.5,True,25.321976,True,252.24270426212394
RDL-n25-01,self_pickup_compensation_cW,0,1,10000,0.1,0.4,0.997,100,255.231796,234.070617,21.161178,0.0,0.0,3,0.12,1.0,0.0,0.0,0.574415,0.375,True,25.206232,False,
RDL-n25-01,self_pickup_compensation_cW,1,1,10000,0.1,0.4,0.997,100,256.466313,232.843829,21.446099,0.0,2.176385,3,0.12,1.0,0.0,0.0,0.725462,0.375,True,25.910054,False,
RDL-n25-01,self_pickup_compensation_cW,2,1,10000,0.1,0.4,0.997,100,251.988272,226.118757,21.203031,0.0,4.666484,4,0.16,1.0,0.0,0.0,0.583311,0.5,True,24.808204,False,
RDL-n25-01,self_pickup_compensation_cW,4,1,10000,0.1,0.4,0.997,100,256.446311,242.124593,9.221111,0.0,5.100606,2,0.08,1.0,0.0,0.0,0.637576,0.25,True,24.069817,False,
RDL-n25-01,self_pickup_compensation_cW,6,1,10000,0.1,0.4,0.997,100,257.831368,243.798939,9.221111,0.0,4.811318,2,0.08,1.0,0.0,0.0,0.400943,0.25,True,24.165772,False,
RDL-n25-01,self_pickup_compensation_cW,8,1,10000,0.1,0.4,0.997,100,259.518424,250.252008,5.464943,0.0,3.801473,1,0.04,1.0,0.0,0.0,0.475184,0.125,True,24.479578,False,
RDL-n25-01,self_pickup_compensation_cW,0,2,10000,0.1,0.4,0.997,100,253.372341,218.707867,34.664474,0.0,0.0,6,0.24,1.0,0.0,0.0,0.786305,0.75,True,26.552313,False,
RDL-n25-01,self_pickup_compensation_cW,1,2,10000,0.1,0.4,0.997,100,254.665216,224.76839,27.152138,0.0,2.744688,4,0.16,1.0,0.0,0.0,0.686172,0.5,True,25.324456,False,
RDL-n25-01,self_pickup_compensation_cW,2,2,10000,0.1,0.4,0.997,100,256.667319,250.252008,5.464943,0.0,0.950368,1,0.04,1.0,0.0,0.0,0.475184,0.125,True,25.077976,False,
RDL-n25-01,self_pickup_compensation_cW,4,2,10000,0.1,0.4,0.997,100,257.991678,250.625999,5.464943,0.0,1.900737,1,0.04,1.0,0.0,0.0,0.475184,0.125,True,24.568223,False,
RDL-n25-01,self_pickup_compensation_cW,6,2,10000,0.1,0.4,0.997,100,257.862343,251.370366,5.464943,0.0,1.027035,1,0.04,1.0,0.0,0.0,0.171172,0.125,True,24.452346,False,
RDL-n25-01,self_pickup_compensation_cW,8,2,10000,0.1,0.4,0.997,100,258.998983,252.164661,5.464943,0.0,1.369379,1,0.04,1.0,0.0,0.0,0.171172,0.125,True,24.413355,False,
RDL-n25-01,self_pickup_compensation_cW,0,3,10000,0.1,0.4,0.997,100,253.372341,218.707867,34.664474,0.0,0.0,6,0.24,1.0,0.0,0.0,0.786305,0.75,True,25.666927,False,
RDL-n25-01,self_pickup_compensation_cW,1,3,10000,0.1,0.4,0.997,100,255.587066,245.090803,9.221111,0.0,1.275152,2,0.08,1.0,0.0,0.0,0.637576,0.25,True,25.577637,False,
RDL-n25-01,self_pickup_compensation_cW,2,3,10000,0.1,0.4,0.997,100,255.281276,244.456392,9.221111,0.0,1.603773,2,0.08,1.0,0.0,0.0,0.400943,0.25,True,25.231388,False,
RDL-n25-01,self_pickup_compensation_cW,4,3,10000,0.1,0.4,0.997,100,258.028389,251.878756,5.464943,0.0,0.68469,1,0.04,1.0,0.0,0.0,0.171172,0.125,True,25.049381,False,
RDL-n25-01,self_pickup_compensation_cW,6,3,10000,0.1,0.4,0.997,100,257.862343,251.370366,5.464943,0.0,1.027035,1,0.04,1.0,0.0,0.0,0.171172,0.125,True,24.875002,False,
RDL-n25-01,self_pickup_compensation_cW,8,3,10000,0.1,0.4,0.997,100,259.518424,250.252008,5.464943,0.0,3.801473,1,0.04,1.0,0.0,0.0,0.475184,0.125,True,24.10497,False,
RDL-n25-01,self_pickup_compensation_cW,0,4,10000,0.1,0.4,0.997,100,251.780632,242.559521,9.221111,0.0,0.0,2,0.08,1.0,0.0,0.0,0.637576,0.25,True,25.737089,False,
RDL-n25-01,self_pickup_compensation_cW,1,4,10000,0.1,0.4,0.997,100,250.987865,215.115414,33.143098,0.0,2.729353,5,0.2,1.0,0.0,0.0,0.545871,0.625,True,25.243145,False,
RDL-n25-01,self_pickup_compensation_cW,2,4,10000,0.1,0.4,0.997,100,253.734304,227.864789,21.203031,0.0,4.666484,4,0.16,1.0,0.0,0.0,0.583311,0.5,True,24.919871,False,
RDL-n25-01,self_pickup_compensation_cW,4,4,10000,0.1,0.4,0.997,100,257.519998,251.370366,5.464943,0.0,0.68469,1,0.04,1.0,0.0,0.0,0.171172,0.125,True,24.546136,False,
RDL-n25-01,self_pickup_compensation_cW,6,4,10000,0.1,0.4,0.997,100,258.568056,250.252008,5.464943,0.0,2.851105,1,0.04,1.0,0.0,0.0,0.475184,0.125,True,23.836991,False,
RDL-n25-01,self_pickup_compensation_cW,8,4,10000,0.1,0.4,0.997,100,258.204688,251.370366,5.464943,0.0,1.369379,1,0.04,1.0,0.0,0.0,0.171172,0.125,True,23.795014,False,
RDL-n25-01,self_pickup_compensation_cW,0,5,10000,0.1,0.4,0.997,100,252.547977,231.386799,21.161178,0.0,0.0,3,0.12,1.0,0.0,0.0,0.903867,0.375,True,25.94465,False,
RDL-n25-01,self_pickup_compensation_cW,1,5,10000,0.1,0.4,0.997,100,255.827859,232.036122,21.446099,0.0,2.345638,3,0.12,1.0,0.0,0.0,0.781879,0.375,True,25.162257,False,
RDL-n25-01,self_pickup_compensation_cW,2,5,10000,0.1,0.4,0.997,100,252.242704,227.423683,21.203031,0.0,3.61599,4,0.16,1.0,0.0,0.0,0.451999,0.5,True,24.955834,False,
RDL-n25-01,self_pickup_compensation_cW,4,5,10000,0.1,0.4,0.997,100,256.058954,235.807617,15.212071,0.0,5.039266,3,0.12,1.0,0.0,0.0,0.419939,0.375,True,24.1481,False,
RDL-n25-01,self_pickup_compensation_cW,6,5,10000,0.1,0.4,0.997,100,257.657987,243.625558,9.221111,0.0,4.811318,2,0.08,1.0,0.0,0.0,0.400943,0.25,True,24.218626,False,
RDL-n25-01,self_pickup_compensation_cW,8,5,10000,0.1,0.4,0.997,100,258.204688,251.370366,5.464943,0.0,1.369379,1,0.04,1.0,0.0,0.0,0.171172,0.125,True,24.471982,False,
RDL-n25-01,self_pickup_compensation_cW,0,6,10000,0.1,0.4,0.997,100,252.547977,231.386799,21.161178,0.0,0.0,3,0.12,1.0,0.0,0.0,0.903867,0.375,True,26.470665,False,
RDL-n25-01,self_pickup_compensation_cW,1,6,10000,0.1,0.4,0.997,100,254.863893,226.625814,25.24412,0.18733,2.806629,5,0.2,0.96,0.000749,0.018733,0.561326,0.625,True,25.366074,False,
RDL-n25-01,self_pickup_compensation_cW,2,6,10000,0.1,0.4,0.997,100,256.924805,250.509494,5.464943,0.0,0.950368,1,0.04,1.0,0.0,0.0,0.475184,0.125,True,24.846915,False,
RDL-n25-01,self_pickup_compensation_cW,4,6,10000,0.1,0.4,0.997,100,257.519998,251.370366,5.464943,0.0,0.68469,1,0.04,1.0,0.0,0.0,0.171172,0.125,True,24.939003,False,
RDL-n25-01,self_pickup_compensation_cW,6,6,10000,0.1,0.4,0.997,100,257.862343,251.370366,5.464943,0.0,1.027035,1,0.04,1.0,0.0,0.0,0.171172,0.125,True,23.509217,False,
RDL-n25-01,self_pickup_compensation_cW,8,6,10000,0.1,0.4,0.997,100,258.739207,251.904885,5.464943,0.0,1.369379,1,0.04,1.0,0.0,0.0,0.171172,0.125,True,23.781928,False,
RDL-n25-01,self_pickup_compensation_cW,0,7,10000,0.1,0.4,0.997,100,250.12863,213.229364,36.899266,0.0,0.0,6,0.24,1.0,0.0,0.0,0.738743,0.75,True,24.917392,False,
RDL-n25-01,self_pickup_compensation_cW,1,7,10000,0.1,0.4,0.997,100,250.889909,227.353636,21.203031,0.0,2.333242,4,0.16,1.0,0.0,0.0,0.583311,0.5,True,25.35872,False,
RDL-n25-01,self_pickup_compensation_cW,2,7,10000,0.1,0.4,0.997,100,254.424313,243.599429,9.221111,0.0,1.603773,2,0.08,1.0,0.0,0.0,0.400943,0.25,True,24.571326,False,
RDL-n25-01,self_pickup_compensation_cW,4,7,10000,0.1,0.4,0.997,100,257.519998,251.370366,5.464943,0.0,0.68469,1,0.04,1.0,0.0,0.0,0.171172,0.125,True,24.101376,False,
RDL-n25-01,self_pickup_compensation_cW,6,7,10000,0.1,0.4,0.997,100,257.631858,243.599429,9.221111,0.0,4.811318,2,0.08,1.0,0.0,0.0,0.400943,0.25,True,23.682676,False,
RDL-n25-01,self_pickup_compensation_cW,8,7,10000,0.1,0.4,0.997,100,258.204688,251.370366,5.464943,0.0,1.369379,1,0.04,1.0,0.0,0.0,0.171172,0.125,True,24.233916,False,
RDL-n25-01,self_pickup_compensation_cW,0,8,10000,0.1,0.4,0.997,100,250.214797,213.315531,36.899266,0.0,0.0,6,0.24,1.0,0.0,0.0,0.738743,0.75,True,24.79681,False,
RDL-n25-01,self_pickup_compensation_cW,1,8,10000,0.1,0.4,0.997,100,255.009282,231.386799,21.446099,0.0,2.176385,3,0.12,1.0,0.0,0.0,0.725462,0.375,True,26.173402,False,
RDL-n25-01,self_pickup_compensation_cW,2,8,10000,0.1,0.4,0.997,100,254.623823,243.798939,9.221111,0.0,1.603773,2,0.08,1.0,0.0,0.0,0.400943,0.25,True,24.547235,False,
RDL-n25-01,self_pickup_compensation_cW,4,8,10000,0.1,0.4,0.997,100,257.875174,250.509494,5.464943,0.0,1.900737,1,0.04,1.0,0.0,0.0,0.475184,0.125,True,24.477925,False,
RDL-n25-01,self_pickup_compensation_cW,6,8,10000,0.1,0.4,0.997,100,257.631858,243.599429,9.221111,0.0,4.811318,2,0.08,1.0,0.0,0.0,0.400943,0.25,True,24.059318,False,
RDL-n25-01,self_pickup_compensation_cW,8,8,10000,0.1,0.4,0.997,100,259.261759,243.625558,9.221111,0.0,6.41509,2,0.08,1.0,0.0,0.0,0.400943,0.25,True,24.082722,False,
RDL-n25-01,self_pickup_compensation_cW,0,9,10000,0.1,0.4,0.997,100,251.920528,224.76839,27.152138,0.0,0.0,4,0.16,1.0,0.0,0.0,0.686172,0.5,True,25.5615,False,
RDL-n25-01,self_pickup_compensation_cW,1,9,10000,0.1,0.4,0.997,100,251.461372,215.063675,33.143098,0.0,3.2546,5,0.2,1.0,0.0,0.0,0.65092,0.625,True,24.670948,False,
RDL-n25-01,self_pickup_compensation_cW,2,9,10000,0.1,0.4,0.997,100,255.183032,229.628835,21.161178,0.0,4.393019,3,0.12,1.0,0.0,0.0,0.73217,0.375,True,24.272864,False,
RDL-n25-01,self_pickup_compensation_cW,4,9,10000,0.1,0.4,0.997,100,257.519998,251.370366,5.464943,0.0,0.68469,1,0.04,1.0,0.0,0.0,0.171172,0.125,True,25.008736,False,
RDL-n25-01,self_pickup_compensation_cW,6,9,10000,0.1,0.4,0.997,100,259.592266,245.559837,9.221111,0.0,4.811318,2,0.08,1.0,0.0,0.0,0.400943,0.25,True,24.006219,False,
RDL-n25-01,self_pickup_compensation_cW,8,9,10000,0.1,0.4,0.997,100,258.204688,251.370366,5.464943,0.0,1.369379,1,0.04,1.0,0.0,0.0,0.171172,0.125,True,24.085825,False,
RDL-n25-01,self_pickup_compensation_cW,0,10,10000,0.1,0.4,0.997,100,255.349302,222.732221,32.617081,0.0,0.0,5,0.2,1.0,0.0,0.0,0.82509,0.625,True,25.631266,False,
RDL-n25-01,self_pickup_compensation_cW,1,10,10000,0.1,0.4,0.997,100,255.009282,231.386799,21.446099,0.0,2.176385,3,0.12,1.0,0.0,0.0,0.725462,0.375,True,25.19325,False,
RDL-n25-01,self_pickup_compensation_cW,2,10,10000,0.1,0.4,0.997,100,254.609666,229.182622,21.203031,0.0,4.224014,4,0.16,1.0,0.0,0.0,0.528002,0.5,True,24.377541,False,
RDL-n25-01,self_pickup_compensation_cW,4,10,10000,0.1,0.4,0.997,100,257.617688,250.252008,5.464943,0.0,1.900737,1,0.04,1.0,0.0,0.0,0.475184,0.125,True,23.930628,False,
RDL-n25-01,self_pickup_compensation_cW,6,10,10000,0.1,0.4,0.997,100,258.594185,250.278137,5.464943,0.0,2.851105,1,0.04,1.0,0.0,0.0,0.475184,0.125,True,24.580753,False,
RDL-n25-01,self_pickup_compensation_cW,8,10,10000,0.1,0.4,0.997,100,259.77591,250.509494,5.464943,0.0,3.801473,1,0.04,1.0,0.0,0.0,0.475184,0.125,True,23.968293,False,
RDL-n25-01,delay_penalty_cP,1,1,10000,0.1,0.4,0.997,100,244.25376,223.716,15.212071,1.859526,3.466163,3,0.12,0.92,0.074381,1.083129,0.577694,0.375,True,24.600598,False,
RDL-n25-01,delay_penalty_cP,5,1,10000,0.1,0.4,0.997,100,251.05023,219.869035,21.203031,5.415644,4.562521,4,0.16,0.96,0.043325,1.083129,0.570315,0.5,True,24.601073,False,
RDL-n25-01,delay_penalty_cP,10,1,10000,0.1,0.4,0.997,100,251.988272,226.118757,21.203031,0.0,4.666484,4,0.16,1.0,0.0,0.0,0.583311,0.5,True,24.440889,False,
RDL-n25-01,delay_penalty_cP,20,1,10000,0.1,0.4,0.997,100,259.684185,238.977143,17.40501,0.0,3.302032,2,0.08,1.0,0.0,0.0,0.825508,0.25,True,24.477938,False,
RDL-n25-01,delay_penalty_cP,30,1,10000,0.1,0.4,0.997,100,254.069389,242.297975,9.221111,0.0,2.550303,2,0.08,1.0,0.0,0.0,0.637576,0.25,True,24.588717,False,
RDL-n25-01,delay_penalty_cP,50,1,10000,0.1,0.4,0.997,100,257.409904,224.76839,27.152138,0.0,5.489376,4,0.16,1.0,0.0,0.0,0.686172,0.5,True,24.638403,False,
RDL-n25-01,delay_penalty_cP,1,2,10000,0.1,0.4,0.997,100,245.257676,219.204797,21.203031,1.233858,3.61599,4,0.16,0.92,0.049354,1.083129,0.451999,0.5,True,24.360302,False,
RDL-n25-01,delay_penalty_cP,5,2,10000,0.1,0.4,0.997,100,252.751477,235.564419,9.221111,5.415644,2.550303,2,0.08,0.96,0.043325,1.083129,0.637576,0.25,True,25.175515,False,
RDL-n25-01,delay_penalty_cP,10,2,10000,0.1,0.4,0.997,100,256.667319,250.252008,5.464943,0.0,0.950368,1,0.04,1.0,0.0,0.0,0.475184,0.125,True,24.671279,False,
RDL-n25-01,delay_penalty_cP,20,2,10000,0.1,0.4,0.997,100,257.101034,236.732499,17.40501,0.0,2.963525,2,0.08,1.0,0.0,0.0,0.740881,0.25,True,24.341287,False,
RDL-n25-01,delay_penalty_cP,30,2,10000,0.1,0.4,0.997,100,256.667319,250.252008,5.464943,0.0,0.950368,1,0.04,1.0,0.0,0.0,0.475184,0.125,True,24.387163,False,
RDL-n25-01,delay_penalty_cP,50,2,10000,0.1,0.4,0.997,100,257.101034,236.732499,17.40501,0.0,2.963525,2,0.08,1.0,0.0,0.0,0.740881,0.25,True,24.312442,False,
RDL-n25-01,delay_penalty_cP,1,3,10000,0.1,0.4,0.997,100,244.094221,224.502991,15.212071,1.859526,2.519633,3,0.12,0.92,0.074381,1.083129,0.419939,0.375,True,24.018726,False,
RDL-n25-01,delay_penalty_cP,5,3,10000,0.1,0.4,0.997,100,250.278033,220.043368,21.203031,5.415644,3.61599,4,0.16,0.96,0.043325,1.083129,0.451999,0.5,True,23.935482,False,
RDL-n25-01,delay_penalty_cP,10,3,10000,0.1,0.4,0.997,100,255.281276,244.456392,9.221111,0.0,1.603773,2,0.08,1.0,0.0,0.0,0.400943,0.25,True,24.590161,False,
RDL-n25-01,delay_penalty_cP,20,3,10000,0.1,0.4,0.997,100,257.101034,236.732499,17.40501,0.0,2.963525,2,0.08,1.0,0.0,0.0,0.740881,0.25,True,24.911548,False,
RDL-n25-01,delay_penalty_cP,30,3,10000,0.1,0.4,0.997,100,257.101034,236.732499,17.40501,0.0,2.963525,2,0.08,1.0,0.0,0.0,0.740881,0.25,True,24.541183,False,
RDL-n25-01,delay_penalty_cP,50,3,10000,0.1,0.4,0.997,100,259.888909,227.545442,27.152138,0.0,5.191329,4,0.16,1.0,0.0,0.0,0.648916,0.5,True,24.321321,False,
RDL-n25-01,delay_penalty_cP,1,4,10000,0.1,0.4,0.997,100,245.491576,218.538932,21.203031,1.083129,4.666484,4,0.16,0.96,0.043325,1.083129,0.583311,0.5,True,24.693084,False,
RDL-n25-01,delay_penalty_cP,5,4,10000,0.1,0.4,0.997,100,250.078523,219.843858,21.203031,5.415644,3.61599,4,0.16,0.96,0.043325,1.083129,0.451999,0.5,True,24.525725,False,
RDL-n25-01,delay_penalty_cP,10,4,10000,0.1,0.4,0.997,100,253.734304,227.864789,21.203031,0.0,4.666484,4,0.16,1.0,0.0,0.0,0.583311,0.5,True,24.422039,False,
RDL-n25-01,delay_penalty_cP,20,4,10000,0.1,0.4,0.997,100,258.558064,238.189529,17.40501,0.0,2.963525,2,0.08,1.0,0.0,0.0,0.740881,0.25,True,24.532575,False,
RDL-n25-01,delay_penalty_cP,30,4,10000,0.1,0.4,0.997,100,257.101034,236.732499,17.40501,0.0,2.963525,2,0.08,1.0,0.0,0.0,0.740881,0.25,True,24.3908,False,
RDL-n25-01,delay_penalty_cP,50,4,10000,0.1,0.4,0.997,100,257.101034,236.732499,17.40501,0.0,2.963525,2,0.08,1.0,0.0,0.0,0.740881,0.25,True,24.284946,False,
RDL-n25-01,delay_penalty_cP,1,5,10000,0.1,0.4,0.997,100,245.691086,218.738442,21.203031,1.083129,4.666484,4,0.16,0.96,0.043325,1.083129,0.583311,0.5,True,23.997744,False,
RDL-n25-01,delay_penalty_cP,5,5,10000,0.1,0.4,0.997,100,250.078523,219.843858,21.203031,5.415644,3.61599,4,0.16,0.92,0.049354,1.083129,0.451999,0.5,True,24.382772,False,
RDL-n25-01,delay_penalty_cP,10,5,10000,0.1,0.4,0.997,100,252.242704,227.423683,21.203031,0.0,3.61599,4,0.16,1.0,0.0,0.0,0.451999,0.5,True,24.373511,False,
RDL-n25-01,delay_penalty_cP,20,5,10000,0.1,0.4,0.997,100,255.183032,229.628835,21.161178,0.0,4.393019,3,0.12,1.0,0.0,0.0,0.73217,0.375,True,24.696382,False,
RDL-n25-01,delay_penalty_cP,30,5,10000,0.1,0.4,0.997,100,259.37533,239.006795,17.40501,0.0,2.963525,2,0.08,1.0,0.0,0.0,0.740881,0.25,True,24.30537,False,
RDL-n25-01,delay_penalty_cP,50,5,10000,0.1,0.4,0.997,100,258.558064,238.189529,17.40501,0.0,2.963525,2,0.08,1.0,0.0,0.0,0.740881,0.25,True,24.756827,False,
RDL-n25-01,delay_penalty_cP,1,6,10000,0.1,0.4,0.997,100,244.094221,224.502991,15.212071,1.859526,2.519633,3,0.12,0.92,0.074381,1.083129,0.419939,0.375,True,24.394553,False,
RDL-n25-01,delay_penalty_cP,5,6,10000,0.1,0.4,0.997,100,252.260131,236.019604,9.221111,5.415644,1.603773,2,0.08,0.96,0.043325,1.083129,0.400943,0.25,True,24.530526,False,
RDL-n25-01,delay_penalty_cP,10,6,10000,0.1,0.4,0.997,100,256.924805,250.509494,5.464943,0.0,0.950368,1,0.04,1.0,0.0,0.0,0.475184,0.125,True,24.34701,False,
RDL-n25-01,delay_penalty_cP,20,6,10000,0.1,0.4,0.997,100,257.101034,236.732499,17.40501,0.0,2.963525,2,0.08,1.0,0.0,0.0,0.740881,0.25,True,23.606602,False,
RDL-n25-01,delay_penalty_cP,30,6,10000,0.1,0.4,0.997,100,253.413922,227.64837,21.203031,0.0,4.562521,4,0.16,1.0,0.0,0.0,0.570315,0.5,True,23.84811,False,
RDL-n25-01,delay_penalty_cP,50,6,10000,0.1,0.4,0.997,100,261.234643,235.097268,21.446099,0.0,4.691277,3,0.12,1.0,0.0,0.0,0.781879,0.375,True,24.898174,False,
RDL-n25-01,delay_penalty_cP,1,7,10000,0.1,0.4,0.997,100,244.688751,224.285024,15.496992,2.259286,2.64745,3,0.12,0.84,0.090371,1.083129,0.441242,0.375,True,24.188213,False,
RDL-n25-01,delay_penalty_cP,5,7,10000,0.1,0.4,0.997,100,250.226696,218.941538,21.203031,5.415644,4.666484,4,0.16,0.96,0.043325,1.083129,0.583311,0.5,True,23.772851,False,
RDL-n25-01,delay_penalty_cP,10,7,10000,0.1,0.4,0.997,100,254.424313,243.599429,9.221111,0.0,1.603773,2,0.08,1.0,0.0,0.0,0.400943,0.25,True,24.010576,False,
RDL-n25-01,delay_penalty_cP,20,7,10000,0.1,0.4,0.997,100,255.183032,229.628835,21.161178,0.0,4.393019,3,0.12,1.0,0.0,0.0,0.73217,0.375,True,24.911425,False,
RDL-n25-01,delay_penalty_cP,30,7,10000,0.1,0.4,0.997,100,257.101034,236.732499,17.40501,0.0,2.963525,2,0.08,1.0,0.0,0.0,0.740881,0.25,True,24.553215,False,
RDL-n25-01,delay_penalty_cP,50,7,10000,0.1,0.4,0.997,100,257.101034,236.732499,17.40501,0.0,2.963525,2,0.08,1.0,0.0,0.0,0.740881,0.25,True,24.130213,False,
RDL-n25-01,delay_penalty_cP,1,8,10000,0.1,0.4,0.997,100,244.141274,223.49955,15.212071,1.859526,3.570127,3,0.12,0.92,0.074381,1.083129,0.595021,0.375,True,24.191399,False,
RDL-n25-01,delay_penalty_cP,5,8,10000,0.1,0.4,0.997,100,251.705698,234.51864,9.221111,5.415644,2.550303,2,0.08,0.96,0.043325,1.083129,0.637576,0.25,True,23.655192,False,
RDL-n25-01,delay_penalty_cP,10,8,10000,0.1,0.4,0.997,100,254.623823,243.798939,9.221111,0.0,1.603773,2,0.08,1.0,0.0,0.0,0.400943,0.25,True,24.350914,False,
RDL-n25-01,delay_penalty_cP,20,8,10000,0.1,0.4,0.997,100,257.101034,236.732499,17.40501,0.0,2.963525,2,0.08,1.0,0.0,0.0,0.740881,0.25,True,24.485577,False,
RDL-n25-01,delay_penalty_cP,30,8,10000,0.1,0.4,0.997,100,257.101034,236.732499,17.40501,0.0,2.963525,2,0.08,1.0,0.0,0.0,0.740881,0.25,True,24.633292,False,
RDL-n25-01,delay_penalty_cP,50,8,10000,0.1,0.4,0.997,100,257.101034,236.732499,17.40501,0.0,2.963525,2,0.08,1.0,0.0,0.0,0.740881,0.25,True,23.775688,False,
RDL-n25-01,delay_penalty_cP,1,9,10000,0.1,0.4,0.997,100,245.491576,218.538932,21.203031,1.083129,4.666484,4,0.16,0.96,0.043325,1.083129,0.583311,0.5,True,23.831099,False,
RDL-n25-01,delay_penalty_cP,5,9,10000,0.1,0.4,0.997,100,251.705698,234.51864,9.221111,5.415644,2.550303,2,0.08,0.96,0.043325,1.083129,0.637576,0.25,True,23.510049,False,
RDL-n25-01,delay_penalty_cP,10,9,10000,0.1,0.4,0.997,100,255.183032,229.628835,21.161178,0.0,4.393019,3,0.12,1.0,0.0,0.0,0.73217,0.375,True,24.027236,False,
RDL-n25-01,delay_penalty_cP,20,9,10000,0.1,0.4,0.997,100,257.101034,236.732499,17.40501,0.0,2.963525,2,0.08,1.0,0.0,0.0,0.740881,0.25,True,23.618651,False,
RDL-n25-01,delay_penalty_cP,30,9,10000,0.1,0.4,0.997,100,257.448896,237.080361,17.40501,0.0,2.963525,2,0.08,1.0,0.0,0.0,0.740881,0.25,True,24.325085,False,
RDL-n25-01,delay_penalty_cP,50,9,10000,0.1,0.4,0.997,100,257.611368,237.850857,17.40501,0.0,2.355502,2,0.08,1.0,0.0,0.0,0.588875,0.25,True,24.289636,False,
RDL-n25-01,delay_penalty_cP,1,10,10000,0.1,0.4,0.997,100,245.257676,219.204797,21.203031,1.233858,3.61599,4,0.16,0.92,0.049354,1.083129,0.451999,0.5,True,24.370556,False,
RDL-n25-01,delay_penalty_cP,5,10,10000,0.1,0.4,0.997,100,250.325086,219.039927,21.203031,5.415644,4.666484,4,0.16,0.96,0.043325,1.083129,0.583311,0.5,True,23.588439,False,
RDL-n25-01,delay_penalty_cP,10,10,10000,0.1,0.4,0.997,100,254.609666,229.182622,21.203031,0.0,4.224014,4,0.16,1.0,0.0,0.0,0.528002,0.5,True,23.967449,False,
RDL-n25-01,delay_penalty_cP,20,10,10000,0.1,0.4,0.997,100,255.737466,231.1298,21.161178,0.0,3.446488,3,0.12,1.0,0.0,0.0,0.574415,0.375,True,24.551839,False,
RDL-n25-01,delay_penalty_cP,30,10,10000,0.1,0.4,0.997,100,255.737466,231.1298,21.161178,0.0,3.446488,3,0.12,1.0,0.0,0.0,0.574415,0.375,True,23.933059,False,
RDL-n25-01,delay_penalty_cP,50,10,10000,0.1,0.4,0.997,100,264.997392,232.929663,29.345077,0.0,2.722653,3,0.12,1.0,0.0,0.0,0.453775,0.375,True,24.263364,False,
RDL-n25-01,drone_cost_cD,0.4,1,10000,0.1,0.4,0.997,100,235.035936,210.398348,18.033266,0.0,6.604322,6,0.24,1.0,0.0,0.0,0.55036,0.75,True,24.708205,False,
RDL-n25-01,drone_cost_cD,0.8,1,10000,0.1,0.4,0.997,100,252.896447,231.386799,17.156879,0.0,4.352769,3,0.12,1.0,0.0,0.0,0.725462,0.375,True,24.734942,False,
RDL-n25-01,drone_cost_cD,1.0,1,10000,0.1,0.4,0.997,100,251.988272,226.118757,21.203031,0.0,4.666484,4,0.16,1.0,0.0,0.0,0.583311,0.5,True,24.009836,False,
RDL-n25-01,drone_cost_cD,2.0,1,10000,0.1,0.4,0.997,100,262.415877,250.535623,10.929886,0.0,0.950368,1,0.04,1.0,0.0,0.0,0.475184,0.125,True,24.914366,False,
RDL-n25-01,drone_cost_cD,3.0,1,10000,0.1,0.4,0.997,100,262.376124,262.376124,0.0,0.0,0.0,0,0.0,1.0,0.0,0.0,0.0,0.0,True,25.404614,False,
RDL-n25-01,drone_cost_cD,4.0,1,10000,0.1,0.4,0.997,100,262.213712,262.213712,0.0,0.0,0.0,0,0.0,1.0,0.0,0.0,0.0,0.0,True,24.859138,False,
RDL-n25-01,drone_cost_cD,0.4,2,10000,0.1,0.4,0.997,100,235.739662,211.102074,18.033266,0.0,6.604322,6,0.24,1.0,0.0,0.0,0.55036,0.75,True,25.11294,False,
RDL-n25-01,drone_cost_cD,0.8,2,10000,0.1,0.4,0.997,100,252.896447,231.386799,17.156879,0.0,4.352769,3,0.12,1.0,0.0,0.0,0.725462,0.375,True,24.579259,False,
RDL-n25-01,drone_cost_cD,1.0,2,10000,0.1,0.4,0.997,100,256.667319,250.252008,5.464943,0.0,0.950368,1,0.04,1.0,0.0,0.0,0.475184,0.125,True,24.28502,False,
RDL-n25-01,drone_cost_cD,2.0,2,10000,0.1,0.4,0.997,100,262.132262,250.252008,10.929886,0.0,0.950368,1,0.04,1.0,0.0,0.0,0.475184,0.125,True,24.484761,False,
RDL-n25-01,drone_cost_cD,3.0,2,10000,0.1,0.4,0.997,100,262.213712,262.213712,0.0,0.0,0.0,0,0.0,1.0,0.0,0.0,0.0,0.0,True,25.242659,False,
RDL-n25-01,drone_cost_cD,4.0,2,10000,0.1,0.4,0.997,100,262.213712,262.213712,0.0,0.0,0.0,0,0.0,1.0,0.0,0.0,0.0,0.0,True,25.802744,False,
RDL-n25-01,drone_cost_cD,0.4,3,10000,0.1,0.4,0.997,100,235.035936,210.398348,18.033266,0.0,6.604322,6,0.24,1.0,0.0,0.0,0.55036,0.75,True,25.481232,False,
RDL-n25-01,drone_cost_cD,0.8,3,10000,0.1,0.4,0.997,100,253.069202,210.398348,36.066532,0.0,6.604322,6,0.24,1.0,0.0,0.0,0.55036,0.75,True,24.380251,False,
RDL-n25-01,drone_cost_cD,1.0,3,10000,0.1,0.4,0.997,100,255.281276,244.456392,9.221111,0.0,1.603773,2,0.08,1.0,0.0,0.0,0.400943,0.25,True,24.500013,False,
RDL-n25-01,drone_cost_cD,2.0,3,10000,0.1,0.4,0.997,100,262.132262,250.252008,10.929886,0.0,0.950368,1,0.04,1.0,0.0,0.0,0.475184,0.125,True,23.798921,False,
RDL-n25-01,drone_cost_cD,3.0,3,10000,0.1,0.4,0.997,100,262.213712,262.213712,0.0,0.0,0.0,0,0.0,1.0,0.0,0.0,0.0,0.0,True,24.91372,False,
RDL-n25-01,drone_cost_cD,4.0,3,10000,0.1,0.4,0.997,100,262.213712,262.213712,0.0,0.0,0.0,0,0.0,1.0,0.0,0.0,0.0,0.0,True,25.858019,False,
RDL-n25-01,drone_cost_cD,0.4,4,10000,0.1,0.4,0.997,100,236.863237,212.833673,18.033266,0.0,5.996298,6,0.24,1.0,0.0,0.0,0.499692,0.75,True,25.016772,False,
RDL-n25-01,drone_cost_cD,0.8,4,10000,0.1,0.4,0.997,100,253.481591,210.810737,36.066532,0.0,6.604322,6,0.24,1.0,0.0,0.0,0.55036,0.75,True,24.500492,False,
RDL-n25-01,drone_cost_cD,1.0,4,10000,0.1,0.4,0.997,100,253.734304,227.864789,21.203031,0.0,4.666484,4,0.16,1.0,0.0,0.0,0.583311,0.5,True,24.35786,False,
RDL-n25-01,drone_cost_cD,2.0,4,10000,0.1,0.4,0.997,100,263.592344,263.592344,0.0,0.0,0.0,0,0.0,1.0,0.0,0.0,0.0,0.0,True,24.374464,False,
RDL-n25-01,drone_cost_cD,3.0,4,10000,0.1,0.4,0.997,100,262.213712,262.213712,0.0,0.0,0.0,0,0.0,1.0,0.0,0.0,0.0,0.0,True,24.648566,False,
RDL-n25-01,drone_cost_cD,4.0,4,10000,0.1,0.4,0.997,100,262.213712,262.213712,0.0,0.0,0.0,0,0.0,1.0,0.0,0.0,0.0,0.0,True,25.263873,False,
RDL-n25-01,drone_cost_cD,0.4,5,10000,0.1,0.4,0.997,100,233.831359,215.115414,13.257239,0.0,5.458706,5,0.2,1.0,0.0,0.0,0.545871,0.625,True,24.507579,False,
RDL-n25-01,drone_cost_cD,0.8,5,10000,0.1,0.4,0.997,100,250.515138,212.973308,29.747349,0.0,7.794481,6,0.24,1.0,0.0,0.0,0.64954,0.75,True,24.332324,False,
RDL-n25-01,drone_cost_cD,1.0,5,10000,0.1,0.4,0.997,100,252.242704,227.423683,21.203031,0.0,3.61599,4,0.16,1.0,0.0,0.0,0.451999,0.5,True,24.34919,False,
RDL-n25-01,drone_cost_cD,2.0,5,10000,0.1,0.4,0.997,100,262.642596,251.370366,10.929886,0.0,0.342345,1,0.04,1.0,0.0,0.0,0.171172,0.125,True,24.526602,False,
RDL-n25-01,drone_cost_cD,3.0,5,10000,0.1,0.4,0.997,100,262.213712,262.213712,0.0,0.0,0.0,0,0.0,1.0,0.0,0.0,0.0,0.0,True,25.084147,False,
RDL-n25-01,drone_cost_cD,4.0,5,10000,0.1,0.4,0.997,100,262.213712,262.213712,0.0,0.0,0.0,0,0.0,1.0,0.0,0.0,0.0,0.0,True,25.967702,False,
RDL-n25-01,drone_cost_cD,0.4,6,10000,0.1,0.4,0.997,100,235.035936,210.398348,18.033266,0.0,6.604322,6,0.24,1.0,0.0,0.0,0.55036,0.75,True,24.520926,False,
RDL-n25-01,drone_cost_cD,0.8,6,10000,0.1,0.4,0.997,100,247.088598,215.115414,26.514478,0.0,5.458706,5,0.2,1.0,0.0,0.0,0.545871,0.625,True,24.037603,False,
RDL-n25-01,drone_cost_cD,1.0,6,10000,0.1,0.4,0.997,100,256.924805,250.509494,5.464943,0.0,0.950368,1,0.04,1.0,0.0,0.0,0.475184,0.125,True,24.12262,False,
RDL-n25-01,drone_cost_cD,2.0,6,10000,0.1,0.4,0.997,100,262.132262,250.252008,10.929886,0.0,0.950368,1,0.04,1.0,0.0,0.0,0.475184,0.125,True,25.047065,False,
RDL-n25-01,drone_cost_cD,3.0,6,10000,0.1,0.4,0.997,100,262.213712,262.213712,0.0,0.0,0.0,0,0.0,1.0,0.0,0.0,0.0,0.0,True,24.380729,False,
RDL-n25-01,drone_cost_cD,4.0,6,10000,0.1,0.4,0.997,100,262.213712,262.213712,0.0,0.0,0.0,0,0.0,1.0,0.0,0.0,0.0,0.0,True,24.803258,False,
RDL-n25-01,drone_cost_cD,0.4,7,10000,0.1,0.4,0.997,100,235.754221,211.724656,18.033266,0.0,5.996298,6,0.24,1.0,0.0,0.0,0.499692,0.75,True,24.737672,False,
RDL-n25-01,drone_cost_cD,0.8,7,10000,0.1,0.4,0.997,100,251.979477,224.76839,21.72171,0.0,5.489376,4,0.16,1.0,0.0,0.0,0.686172,0.5,True,24.768656,False,
RDL-n25-01,drone_cost_cD,1.0,7,10000,0.1,0.4,0.997,100,254.424313,243.599429,9.221111,0.0,1.603773,2,0.08,1.0,0.0,0.0,0.400943,0.25,True,23.852418,False,
RDL-n25-01,drone_cost_cD,2.0,7,10000,0.1,0.4,0.997,100,262.597997,262.597997,0.0,0.0,0.0,0,0.0,1.0,0.0,0.0,0.0,0.0,True,24.191279,False,
RDL-n25-01,drone_cost_cD,3.0,7,10000,0.1,0.4,0.997,100,262.376124,262.376124,0.0,0.0,0.0,0,0.0,1.0,0.0,0.0,0.0,0.0,True,24.865405,False,
RDL-n25-01,drone_cost_cD,4.0,7,10000,0.1,0.4,0.997,100,262.376124,262.376124,0.0,0.0,0.0,0,0.0,1.0,0.0,0.0,0.0,0.0,True,25.179107,False,
RDL-n25-01,drone_cost_cD,0.4,8,10000,0.1,0.4,0.997,100,235.754221,211.724656,18.033266,0.0,5.996298,6,0.24,1.0,0.0,0.0,0.499692,0.75,True,24.840704,False,
RDL-n25-01,drone_cost_cD,0.8,8,10000,0.1,0.4,0.997,100,253.080599,219.887773,26.742415,1.161936,5.288475,5,0.2,0.96,0.004648,0.116194,0.528848,0.625,True,24.330691,False,
RDL-n25-01,drone_cost_cD,1.0,8,10000,0.1,0.4,0.997,100,254.623823,243.798939,9.221111,0.0,1.603773,2,0.08,1.0,0.0,0.0,0.400943,0.25,True,23.566541,False,
RDL-n25-01,drone_cost_cD,2.0,8,10000,0.1,0.4,0.997,100,262.213712,262.213712,0.0,0.0,0.0,0,0.0,1.0,0.0,0.0,0.0,0.0,True,24.545743,False,
RDL-n25-01,drone_cost_cD,3.0,8,10000,0.1,0.4,0.997,100,262.376124,262.376124,0.0,0.0,0.0,0,0.0,1.0,0.0,0.0,0.0,0.0,True,25.075442,False,
RDL-n25-01,drone_cost_cD,4.0,8,10000,0.1,0.4,0.997,100,262.376124,262.376124,0.0,0.0,0.0,0,0.0,1.0,0.0,0.0,0.0,0.0,True,24.97654,False,
RDL-n25-01,drone_cost_cD,0.4,9,10000,0.1,0.4,0.997,100,237.045581,207.80982,20.42965,0.0,8.80611,7,0.28,1.0,0.0,0.0,0.629008,0.875,True,24.37485,False,
RDL-n25-01,drone_cost_cD,0.8,9,10000,0.1,0.4,0.997,100,249.116893,225.980691,16.962425,1.507293,4.666484,4,0.16,0.96,0.006029,0.150729,0.583311,0.5,True,24.701746,False,
RDL-n25-01,drone_cost_cD,1.0,9,10000,0.1,0.4,0.997,100,255.183032,229.628835,21.161178,0.0,4.393019,3,0.12,1.0,0.0,0.0,0.73217,0.375,True,23.660714,False,
RDL-n25-01,drone_cost_cD,2.0,9,10000,0.1,0.4,0.997,100,262.132262,250.252008,10.929886,0.0,0.950368,1,0.04,1.0,0.0,0.0,0.475184,0.125,True,24.257387,False,
RDL-n25-01,drone_cost_cD,3.0,9,10000,0.1,0.4,0.997,100,262.213712,262.213712,0.0,0.0,0.0,0,0.0,1.0,0.0,0.0,0.0,0.0,True,24.420126,False,
RDL-n25-01,drone_cost_cD,4.0,9,10000,0.1,0.4,0.997,100,262.213712,262.213712,0.0,0.0,0.0,0,0.0,1.0,0.0,0.0,0.0,0.0,True,25.356167,False,
RDL-n25-01,drone_cost_cD,0.4,10,10000,0.1,0.4,0.997,100,235.685013,211.047425,18.033266,0.0,6.604322,6,0.24,1.0,0.0,0.0,0.55036,0.75,True,24.359294,False,
RDL-n25-01,drone_cost_cD,0.8,10,10000,0.1,0.4,0.997,100,253.129812,210.458958,36.066532,0.0,6.604322,6,0.24,1.0,0.0,0.0,0.55036,0.75,True,25.43907,False,
RDL-n25-01,drone_cost_cD,1.0,10,10000,0.1,0.4,0.997,100,254.609666,229.182622,21.203031,0.0,4.224014,4,0.16,1.0,0.0,0.0,0.528002,0.5,True,23.999631,False,
RDL-n25-01,drone_cost_cD,2.0,10,10000,0.1,0.4,0.997,100,262.132262,250.252008,10.929886,0.0,0.950368,1,0.04,1.0,0.0,0.0,0.475184,0.125,True,23.595085,False,
RDL-n25-01,drone_cost_cD,3.0,10,10000,0.1,0.4,0.997,100,262.213712,262.213712,0.0,0.0,0.0,0,0.0,1.0,0.0,0.0,0.0,0.0,True,25.090086,False,
RDL-n25-01,drone_cost_cD,4.0,10,10000,0.1,0.4,0.997,100,262.239841,262.239841,0.0,0.0,0.0,0,0.0,1.0,0.0,0.0,0.0,0.0,True,25.247497,False,
RDL-n25-02,number_of_drones,0,1,10000,0.1,0.4,0.997,100,488.039571,485.673058,0.0,2.366512,0.0,0,0.0,0.96,0.009466,0.236651,0.0,0.0,True,16.976228,False,
RDL-n25-02,number_of_drones,2,1,10000,0.1,0.4,0.997,100,488.039571,485.673058,0.0,2.366512,0.0,0,0.0,0.96,0.009466,0.236651,0.0,0.0,True,18.732129,True,488.03957061619053
RDL-n25-02,number_of_drones,4,1,10000,0.1,0.4,0.997,100,475.6757,424.307395,43.783207,0.0,7.585098,4,0.16,1.0,0.0,0.0,0.948137,1.0,True,21.678897,True,488.03957061619053
RDL-n25-02,number_of_drones,6,1,10000,0.1,0.4,0.997,100,475.434163,424.065857,43.783207,0.0,7.585098,4,0.16,1.0,0.0,0.0,0.948137,0.666667,True,24.415803,True,475.67569985849536
RDL-n25-02,number_of_drones,8,1,10000,0.1,0.4,0.997,100,475.434163,424.065857,43.783207,0.0,7.585098,4,0.16,1.0,0.0,0.0,0.948137,0.5,True,25.14079,True,475.43416262527495
RDL-n25-02,number_of_drones,10,1,10000,0.1,0.4,0.997,100,475.372213,424.003908,43.783207,0.0,7.585098,4,0.16,1.0,0.0,0.0,0.948137,0.4,True,25.163258,True,475.43416262527495
RDL-n25-02,number_of_drones,12,1,10000,0.1,0.4,0.997,100,475.372213,424.003908,43.783207,0.0,7.585098,4,0.16,1.0,0.0,0.0,0.948137,0.333333,True,25.758684,True,475.37221341503783
RDL-n25-02,number_of_drones,0,2,10000,0.1,0.4,0.997,100,509.525777,504.994597,0.0,4.53118,0.0,0,0.0,0.92,0.018125,0.320578,0.0,0.0,True,16.926282,False,
RDL-n25-02,number_of_drones,2,2,10000,0.1,0.4,0.997,100,476.358828,432.919005,29.561732,8.65827,5.21982,2,0.08,0.92,0.034633,0.629176,1.304955,1.0,True,18.917935,True,509.5257774487979
RDL-n25-02,number_of_drones,4,2,10000,0.1,0.4,0.997,100,474.687639,424.625761,36.45335,6.291758,7.31677,3,0.12,0.96,0.025167,0.629176,1.219462,0.75,True,22.438829,True,476.3588276254123
RDL-n25-02,number_of_drones,6,2,10000,0.1,0.4,0.997,100,472.774157,416.874672,43.783207,4.53118,7.585098,4,0.16,0.92,0.018125,0.320578,0.948137,0.666667,True,24.029484,True,474.68763948589304
RDL-n25-02,number_of_drones,8,2,10000,0.1,0.4,0.997,100,472.774157,416.874672,43.783207,4.53118,7.585098,4,0.16,0.92,0.018125,0.320578,0.948137,0.5,True,25.100264,True,472.7741573645019
RDL-n25-02,number_of_drones,10,2,10000,0.1,0.4,0.997,100,472.534523,417.941464,36.45335,10.822939,7.31677,3,0.12,0.88,0.043292,0.629176,1.219462,0.3,True,25.400047,True,472.7741573645019
RDL-n25-02,number_of_drones,12,2,10000,0.1,0.4,0.997,100,472.534523,417.941464,36.45335,10.822939,7.31677,3,0.12,0.88,0.043292,0.629176,1.219462,0.25,True,25.620219,True,472.5345234847015
RDL-n25-02,number_of_drones,0,3,10000,0.1,0.4,0.997,100,509.525777,504.994597,0.0,4.53118,0.0,0,0.0,0.92,0.018125,0.320578,0.0,0.0,True,16.943947,False,
RDL-n25-02,number_of_drones,2,3,10000,0.1,0.4,0.997,100,477.943757,440.592392,29.561732,2.569813,5.21982,2,0.08,0.92,0.010279,0.236651,1.304955,1.0,True,18.773317,True,509.52577744879795
RDL-n25-02,number_of_drones,4,3,10000,0.1,0.4,0.997,100,472.712208,416.812722,43.783207,4.53118,7.585098,4,0.16,0.92,0.018125,0.320578,0.948137,1.0,True,22.45076,True,477.94375660026856
RDL-n25-02,number_of_drones,6,3,10000,0.1,0.4,0.997,100,472.712208,416.812722,43.783207,4.53118,7.585098,4,0.16,0.92,0.018125,0.320578,0.948137,0.666667,True,23.916017,True,472.7122081542648
RDL-n25-02,number_of_drones,8,3,10000,0.1,0.4,0.997,100,472.712208,416.812722,43.783207,4.53118,7.585098,4,0.16,0.92,0.018125,0.320578,0.948137,0.5,True,25.187622,True,472.7122081542648
RDL-n25-02,number_of_drones,10,3,10000,0.1,0.4,0.997,100,472.712208,416.812722,43.783207,4.53118,7.585098,4,0.16,0.92,0.018125,0.320578,0.948137,0.4,True,25.509379,True,472.7122081542648
RDL-n25-02,number_of_drones,12,3,10000,0.1,0.4,0.997,100,472.712208,416.812722,43.783207,4.53118,7.585098,4,0.16,0.92,0.018125,0.320578,0.948137,0.333333,True,24.885686,True,472.7122081542648
RDL-n25-02,number_of_drones,0,4,10000,0.1,0.4,0.997,100,509.525777,504.994597,0.0,4.53118,0.0,0,0.0,0.92,0.018125,0.320578,0.0,0.0,True,16.959972,False,
RDL-n25-02,number_of_drones,2,4,10000,0.1,0.4,0.997,100,476.25986,432.820038,29.561732,8.65827,5.21982,2,0.08,0.92,0.034633,0.629176,1.304955,1.0,True,18.50861,True,509.525777448798
RDL-n25-02,number_of_drones,4,4,10000,0.1,0.4,0.997,100,474.722811,424.660933,36.45335,6.291758,7.31677,3,0.12,0.96,0.025167,0.629176,1.219462,0.75,True,22.097583,True,476.25986011869423
RDL-n25-02,number_of_drones,6,4,10000,0.1,0.4,0.997,100,474.687639,424.625761,36.45335,6.291758,7.31677,3,0.12,0.96,0.025167,0.629176,1.219462,0.5,True,24.297326,True,474.72281149130714
RDL-n25-02,number_of_drones,8,4,10000,0.1,0.4,0.997,100,474.687639,424.625761,36.45335,6.291758,7.31677,3,0.12,0.96,0.025167,0.629176,1.219462,0.375,True,25.750899,True,474.6876394858928
RDL-n25-02,number_of_drones,10,4,10000,0.1,0.4,0.997,100,474.687639,424.625761,36.45335,6.291758,7.31677,3,0.12,0.96,0.025167,0.629176,1.219462,0.3,True,25.39602,True,474.6876394858928
RDL-n25-02,number_of_drones,12,4,10000,0.1,0.4,0.997,100,474.687639,424.625761,36.45335,6.291758,7.31677,3,0.12,0.96,0.025167,0.629176,1.219462,0.25,True,25.438021,True,474.6876394858928
RDL-n25-02,number_of_drones,0,5,10000,0.1,0.4,0.997,100,488.039571,485.673058,0.0,2.366512,0.0,0,0.0,0.96,0.009466,0.236651,0.0,0.0,True,16.583016,False,
RDL-n25-02,number_of_drones,2,5,10000,0.1,0.4,0.997,100,476.795101,439.647037,29.561732,2.366512,5.21982,2,0.08,0.96,0.009466,0.236651,1.304955,1.0,True,18.459992,True,488.03957061619053
RDL-n25-02,number_of_drones,4,5,10000,0.1,0.4,0.997,100,472.837952,416.938467,43.783207,4.53118,7.585098,4,0.16,0.92,0.018125,0.320578,0.948137,1.0,True,21.540719,True,476.7951013015748
RDL-n25-02,number_of_drones,6,5,10000,0.1,0.4,0.997,100,472.776003,416.876517,43.783207,4.53118,7.585098,4,0.16,0.92,0.018125,0.320578,0.948137,0.666667,True,24.596886,True,472.837952415263
RDL-n25-02,number_of_drones,8,5,10000,0.1,0.4,0.997,100,472.776003,416.876517,43.783207,4.53118,7.585098,4,0.16,0.92,0.018125,0.320578,0.948137,0.5,True,25.088139,True,472.776003205026
RDL-n25-02,number_of_drones,10,5,10000,0.1,0.4,0.997,100,472.776003,416.876517,43.783207,4.53118,7.585098,4,0.16,0.92,0.018125,0.320578,0.948137,0.4,True,24.963585,True,472.776003205026
RDL-n25-02,number_of_drones,12,5,10000,0.1,0.4,0.997,100,472.776003,416.876517,43.783207,4.53118,7.585098,4,0.16,0.92,0.018125,0.320578,0.948137,0.333333,True,25.025966,True,472.776003205026
RDL-n25-02,number_of_drones,0,6,10000,0.1,0.4,0.997,100,509.525777,504.994597,0.0,4.53118,0.0,0,0.0,0.92,0.018125,0.320578,0.0,0.0,True,16.643601,False,
RDL-n25-02,number_of_drones,2,6,10000,0.1,0.4,0.997,100,500.999731,466.218179,29.561732,0.0,5.21982,2,0.08,1.0,0.0,0.0,1.304955,1.0,True,18.577014,True,509.5257774487979
RDL-n25-02,number_of_drones,4,6,10000,0.1,0.4,0.997,100,477.241047,421.341561,43.783207,4.53118,7.585098,4,0.16,0.92,0.018125,0.320578,0.948137,1.0,True,21.532741,True,500.99973124835924
RDL-n25-02,number_of_drones,6,6,10000,0.1,0.4,0.997,100,475.372213,424.003908,43.783207,0.0,7.585098,4,0.16,1.0,0.0,0.0,0.948137,0.666667,True,23.98497,True,477.2410465075861
RDL-n25-02,number_of_drones,8,6,10000,0.1,0.4,0.997,100,474.687639,424.625761,36.45335,6.291758,7.31677,3,0.12,0.96,0.025167,0.629176,1.219462,0.375,True,24.674522,True,475.3722134150379
RDL-n25-02,number_of_drones,10,6,10000,0.1,0.4,0.997,100,472.774157,416.874672,43.783207,4.53118,7.585098,4,0.16,0.92,0.018125,0.320578,0.948137,0.4,True,24.650636,True,474.68763948589293
RDL-n25-02,number_of_drones,12,6,10000,0.1,0.4,0.997,100,472.774157,416.874672,43.783207,4.53118,7.585098,4,0.16,0.92,0.018125,0.320578,0.948137,0.333333,True,25.036274,True,472.7741573645019
RDL-n25-02,number_of_drones,0,7,10000,0.1,0.4,0.997,100,509.525777,504.994597,0.0,4.53118,0.0,0,0.0,0.92,0.018125,0.320578,0.0,0.0,True,16.336929,False,
RDL-n25-02,number_of_drones,2,7,10000,0.1,0.4,0.997,100,477.025978,437.679868,29.561732,4.564558,5.21982,2,0.08,0.92,0.018258,0.236651,1.304955,1.0,True,18.782357,True,509.52577744879795
RDL-n25-02,number_of_drones,4,7,10000,0.1,0.4,0.997,100,472.774157,416.874672,43.783207,4.53118,7.585098,4,0.16,0.92,0.018125,0.320578,0.948137,1.0,True,22.238805,True,477.02597790549174
RDL-n25-02,number_of_drones,6,7,10000,0.1,0.4,0.997,100,472.774157,416.874672,43.783207,4.53118,7.585098,4,0.16,0.92,0.018125,0.320578,0.948137,0.666667,True,23.892231,True,472.7741573645019
RDL-n25-02,number_of_drones,8,7,10000,0.1,0.4,0.997,100,472.774157,416.874672,43.783207,4.53118,7.585098,4,0.16,0.92,0.018125,0.320578,0.948137,0.5,True,24.999595,True,472.7741573645019
RDL-n25-02,number_of_drones,10,7,10000,0.1,0.4,0.997,100,472.774157,416.874672,43.783207,4.53118,7.585098,4,0.16,0.92,0.018125,0.320578,0.948137,0.4,True,24.668927,True,472.7741573645019
RDL-n25-02,number_of_drones,12,7,10000,0.1,0.4,0.997,100,472.774157,416.874672,43.783207,4.53118,7.585098,4,0.16,0.92,0.018125,0.320578,0.948137,0.333333,True,25.302412,True,472.7741573645019
RDL-n25-02,number_of_drones,0,8,10000,0.1,0.4,0.997,100,488.039571,485.673058,0.0,2.366512,0.0,0,0.0,0.96,0.009466,0.236651,0.0,0.0,True,16.53991,False,
RDL-n25-02,number_of_drones,2,8,10000,0.1,0.4,0.997,100,476.940612,437.594502,29.561732,4.564558,5.21982,2,0.08,0.92,0.018258,0.236651,1.304955,1.0,True,18.321229,True,488.0395706161906
RDL-n25-02,number_of_drones,4,8,10000,0.1,0.4,0.997,100,472.837952,416.938467,43.783207,4.53118,7.585098,4,0.16,0.92,0.018125,0.320578,0.948137,1.0,True,22.422516,True,476.94061166913855
RDL-n25-02,number_of_drones,6,8,10000,0.1,0.4,0.997,100,472.776003,416.876517,43.783207,4.53118,7.585098,4,0.16,0.92,0.018125,0.320578,0.948137,0.666667,True,24.430458,True,472.83795241526315
RDL-n25-02,number_of_drones,8,8,10000,0.1,0.4,0.997,100,472.776003,416.876517,43.783207,4.53118,7.585098,4,0.16,0.92,0.018125,0.320578,0.948137,0.5,True,25.22998,True,472.7760032050261
RDL-n25-02,number_of_drones,10,8,10000,0.1,0.4,0.997,100,472.776003,416.876517,43.783207,4.53118,7.585098,4,0.16,0.92,0.018125,0.320578,0.948137,0.4,True,24.940091,True,472.7760032050261
RDL-n25-02,number_of_drones,12,8,10000,0.1,0.4,0.997,100,472.776003,416.876517,43.783207,4.53118,7.585098,4,0.16,0.92,0.018125,0.320578,0.948137,0.333333,True,25.300022,True,472.7760032050261
RDL-n25-02,number_of_drones,0,9,10000,0.1,0.4,0.997,100,509.525777,504.994597,0.0,4.53118,0.0,0,0.0,0.92,0.018125,0.320578,0.0,0.0,True,16.74862,False,
RDL-n25-02,number_of_drones,2,9,10000,0.1,0.4,0.997,100,476.25986,432.820038,29.561732,8.65827,5.21982,2,0.08,0.92,0.034633,0.629176,1.304955,1.0,True,18.577771,True,509.52577744879784
RDL-n25-02,number_of_drones,4,9,10000,0.1,0.4,0.997,100,472.712208,416.812722,43.783207,4.53118,7.585098,4,0.16,0.92,0.018125,0.320578,0.948137,1.0,True,22.562722,True,476.25986011869423
RDL-n25-02,number_of_drones,6,9,10000,0.1,0.4,0.997,100,472.712208,416.812722,43.783207,4.53118,7.585098,4,0.16,0.92,0.018125,0.320578,0.948137,0.666667,True,23.861992,True,472.7122081542648
RDL-n25-02,number_of_drones,8,9,10000,0.1,0.4,0.997,100,472.712208,416.812722,43.783207,4.53118,7.585098,4,0.16,0.92,0.018125,0.320578,0.948137,0.5,True,25.114641,True,472.7122081542648
RDL-n25-02,number_of_drones,10,9,10000,0.1,0.4,0.997,100,472.712208,416.812722,43.783207,4.53118,7.585098,4,0.16,0.92,0.018125,0.320578,0.948137,0.4,True,25.354814,True,472.7122081542648
RDL-n25-02,number_of_drones,12,9,10000,0.1,0.4,0.997,100,472.712208,416.812722,43.783207,4.53118,7.585098,4,0.16,0.92,0.018125,0.320578,0.948137,0.333333,True,25.186398,True,472.7122081542648
RDL-n25-02,number_of_drones,0,10,10000,0.1,0.4,0.997,100,512.920298,512.920298,0.0,0.0,0.0,0,0.0,1.0,0.0,0.0,0.0,0.0,True,16.824394,False,
RDL-n25-02,number_of_drones,2,10,10000,0.1,0.4,0.997,100,490.991966,456.210414,29.561732,0.0,5.21982,2,0.08,1.0,0.0,0.0,1.304955,1.0,True,18.324983,True,512.9202977040142
RDL-n25-02,number_of_drones,4,10,10000,0.1,0.4,0.997,100,473.23129,417.331804,43.783207,4.53118,7.585098,4,0.16,0.92,0.018125,0.320578,0.948137,1.0,True,21.992639,True,490.99196622861825
RDL-n25-02,number_of_drones,6,10,10000,0.1,0.4,0.997,100,472.837952,416.938467,43.783207,4.53118,7.585098,4,0.16,0.92,0.018125,0.320578,0.948137,0.666667,True,23.719215,True,473.23128974224284
RDL-n25-02,number_of_drones,8,10,10000,0.1,0.4,0.997,100,472.837952,416.938467,43.783207,4.53118,7.585098,4,0.16,0.92,0.018125,0.320578,0.948137,0.5,True,24.379177,True,472.83795241526315
RDL-n25-02,number_of_drones,10,10,10000,0.1,0.4,0.997,100,472.776003,416.876517,43.783207,4.53118,7.585098,4,0.16,0.92,0.018125,0.320578,0.948137,0.4,True,25.39326,True,472.83795241526315
RDL-n25-02,number_of_drones,12,10,10000,0.1,0.4,0.997,100,472.776003,416.876517,43.783207,4.53118,7.585098,4,0.16,0.92,0.018125,0.320578,0.948137,0.333333,True,25.129005,True,472.77600320502603
RDL-n25-02,drone_range,8,1,10000,0.1,0.4,0.997,100,503.528985,469.965389,28.44295,2.633193,2.487453,4,0.16,0.92,0.010533,0.23166,0.310932,0.5,True,24.199743,False,
RDL-n25-02,drone_range,12,1,10000,0.1,0.4,0.997,100,497.815248,482.562594,13.783236,0.0,1.469418,2,0.08,1.0,0.0,0.0,0.367355,0.25,True,23.736729,True,503.5289845933899
RDL-n25-02,drone_range,16,1,10000,0.1,0.4,0.997,100,478.159873,428.125667,43.344968,0.0,6.689238,4,0.16,1.0,0.0,0.0,0.836155,0.5,True,24.831948,True,497.8152481530796
RDL-n25-02,drone_range,20,1,10000,0.1,0.4,0.997,100,477.861507,426.084478,43.783207,0.0,7.993822,4,0.16,1.0,0.0,0.0,0.999228,0.5,True,25.280641,True,478.15987344481516
RDL-n25-02,drone_range,24,1,10000,0.1,0.4,0.997,100,475.434163,424.065857,43.783207,0.0,7.585098,4,0.16,1.0,0.0,0.0,0.948137,0.5,True,25.151386,True,477.86150650605947
RDL-n25-02,drone_range,30,1,10000,0.1,0.4,0.997,100,475.434163,424.065857,43.783207,0.0,7.585098,4,0.16,1.0,0.0,0.0,0.948137,0.5,True,24.920401,True,475.434162625275
RDL-n25-02,drone_range,8,2,10000,0.1,0.4,0.997,100,502.892748,469.329152,28.44295,2.633193,2.487453,4,0.16,0.92,0.010533,0.23166,0.310932,0.5,True,25.053999,False,
RDL-n25-02,drone_range,12,2,10000,0.1,0.4,0.997,100,497.815248,482.562594,13.783236,0.0,1.469418,2,0.08,1.0,0.0,0.0,0.367355,0.25,True,24.68898,True,502.8927477469867
RDL-n25-02,drone_range,16,2,10000,0.1,0.4,0.997,100,478.159873,428.125667,43.344968,0.0,6.689238,4,0.16,1.0,0.0,0.0,0.836155,0.5,True,25.531538,True,497.8152481530797
RDL-n25-02,drone_range,20,2,10000,0.1,0.4,0.997,100,478.159873,428.125667,43.344968,0.0,6.689238,4,0.16,1.0,0.0,0.0,0.836155,0.5,True,25.159424,True,478.15987344481516
RDL-n25-02,drone_range,24,2,10000,0.1,0.4,0.997,100,478.159873,428.125667,43.344968,0.0,6.689238,4,0.16,1.0,0.0,0.0,0.836155,0.5,True,25.058202,True,478.15987344481516
RDL-n25-02,drone_range,30,2,10000,0.1,0.4,0.997,100,478.159873,428.125667,43.344968,0.0,6.689238,4,0.16,1.0,0.0,0.0,0.836155,0.5,True,24.272582,True,478.15987344481516
RDL-n25-02,drone_range,8,3,10000,0.1,0.4,0.997,100,509.525777,504.994597,0.0,4.53118,0.0,0,0.0,0.92,0.018125,0.320578,0.0,0.0,True,23.227094,False,
RDL-n25-02,drone_range,12,3,10000,0.1,0.4,0.997,100,505.884897,477.112494,20.674854,4.53118,3.566368,3,0.12,0.92,0.018125,0.320578,0.594395,0.375,True,22.885316,True,509.5257774487979
RDL-n25-02,drone_range,16,3,10000,0.1,0.4,0.997,100,476.617752,420.718266,43.783207,4.53118,7.585098,4,0.16,0.92,0.018125,0.320578,0.948137,0.5,True,22.913848,True,505.88489690357756
RDL-n25-02,drone_range,20,3,10000,0.1,0.4,0.997,100,475.6757,424.307395,43.783207,0.0,7.585098,4,0.16,1.0,0.0,0.0,0.948137,0.5,True,23.330841,True,476.6177515857206
RDL-n25-02,drone_range,24,3,10000,0.1,0.4,0.997,100,475.643625,424.182906,43.783207,0.092413,7.585098,4,0.16,0.96,0.00037,0.009241,0.948137,0.5,True,23.101175,True,475.67569985849553
RDL-n25-02,drone_range,30,3,10000,0.1,0.4,0.997,100,475.434163,424.065857,43.783207,0.0,7.585098,4,0.16,1.0,0.0,0.0,0.948137,0.5,True,22.89666,True,475.6436246034532
RDL-n25-02,drone_range,8,4,10000,0.1,0.4,0.997,100,502.892748,469.329152,28.44295,2.633193,2.487453,4,0.16,0.92,0.010533,0.23166,0.310932,0.5,True,22.416696,False,
RDL-n25-02,drone_range,12,4,10000,0.1,0.4,0.997,100,501.656997,486.404342,13.783236,0.0,1.469418,2,0.08,1.0,0.0,0.0,0.367355,0.25,True,22.411251,True,502.8927477469866
RDL-n25-02,drone_range,16,4,10000,0.1,0.4,0.997,100,475.434163,424.065857,43.783207,0.0,7.585098,4,0.16,1.0,0.0,0.0,0.948137,0.5,True,23.872774,True,501.65699653377413
RDL-n25-02,drone_range,20,4,10000,0.1,0.4,0.997,100,475.372213,424.003908,43.783207,0.0,7.585098,4,0.16,1.0,0.0,0.0,0.948137,0.5,True,23.086628,True,475.434162625275
RDL-n25-02,drone_range,24,4,10000,0.1,0.4,0.997,100,475.372213,424.003908,43.783207,0.0,7.585098,4,0.16,1.0,0.0,0.0,0.948137,0.5,True,22.920849,True,475.3722134150379
RDL-n25-02,drone_range,30,4,10000,0.1,0.4,0.997,100,475.372213,424.003908,43.783207,0.0,7.585098,4,0.16,1.0,0.0,0.0,0.948137,0.5,True,22.990952,True,475.3722134150379
RDL-n25-02,drone_range,8,5,10000,0.1,0.4,0.997,100,492.348124,482.950832,6.891618,0.0,2.505674,1,0.04,1.0,0.0,0.0,1.252837,0.125,True,21.066224,False,
RDL-n25-02,drone_range,12,5,10000,0.1,0.4,0.997,100,488.653157,479.255865,6.891618,0.0,2.505674,1,0.04,1.0,0.0,0.0,1.252837,0.125,True,22.324664,True,492.3481239774202
RDL-n25-02,drone_range,16,5,10000,0.1,0.4,0.997,100,478.159873,428.125667,43.344968,0.0,6.689238,4,0.16,1.0,0.0,0.0,0.836155,0.5,True,23.445203,True,488.65315663095316
RDL-n25-02,drone_range,20,5,10000,0.1,0.4,0.997,100,478.159873,428.125667,43.344968,0.0,6.689238,4,0.16,1.0,0.0,0.0,0.836155,0.5,True,22.997931,True,478.15987344481516
RDL-n25-02,drone_range,24,5,10000,0.1,0.4,0.997,100,478.159873,428.125667,43.344968,0.0,6.689238,4,0.16,1.0,0.0,0.0,0.836155,0.5,True,23.113736,True,478.15987344481516
RDL-n25-02,drone_range,30,5,10000,0.1,0.4,0.997,100,478.159873,428.125667,43.344968,0.0,6.689238,4,0.16,1.0,0.0,0.0,0.836155,0.5,True,22.945763,True,478.15987344481516
RDL-n25-02,drone_range,8,6,10000,0.1,0.4,0.997,100,497.450894,460.650139,27.566472,4.53118,4.703103,4,0.16,0.92,0.018125,0.320578,0.587888,0.5,True,21.86109,False,
RDL-n25-02,drone_range,12,6,10000,0.1,0.4,0.997,100,497.450894,460.650139,27.566472,4.53118,4.703103,4,0.16,0.92,0.018125,0.320578,0.587888,0.5,True,22.580286,True,497.45089419339195
RDL-n25-02,drone_range,16,6,10000,0.1,0.4,0.997,100,478.159873,428.125667,43.344968,0.0,6.689238,4,0.16,1.0,0.0,0.0,0.836155,0.5,True,23.284952,True,497.45089419339195
RDL-n25-02,drone_range,20,6,10000,0.1,0.4,0.997,100,477.456977,425.679948,43.783207,0.0,7.993822,4,0.16,1.0,0.0,0.0,0.999228,0.5,True,22.908097,True,478.15987344481505
RDL-n25-02,drone_range,24,6,10000,0.1,0.4,0.997,100,475.434163,424.065857,43.783207,0.0,7.585098,4,0.16,1.0,0.0,0.0,0.948137,0.5,True,23.100761,True,477.4569770938442
RDL-n25-02,drone_range,30,6,10000,0.1,0.4,0.997,100,472.837952,416.938467,43.783207,4.53118,7.585098,4,0.16,0.92,0.018125,0.320578,0.948137,0.5,True,22.276259,True,475.4341626252751
RDL-n25-02,drone_range,8,7,10000,0.1,0.4,0.997,100,510.129086,464.339762,34.45809,4.53118,6.800053,5,0.2,0.92,0.018125,0.320578,0.680005,0.625,True,22.421805,False,
RDL-n25-02,drone_range,12,7,10000,0.1,0.4,0.997,100,502.892748,469.329152,28.44295,2.633193,2.487453,4,0.16,0.92,0.010533,0.23166,0.310932,0.5,True,22.338029,True,510.12908571073734
RDL-n25-02,drone_range,16,7,10000,0.1,0.4,0.997,100,472.774157,416.874672,43.783207,4.53118,7.585098,4,0.16,0.92,0.018125,0.320578,0.948137,0.5,True,23.278656,True,502.89274774698646
RDL-n25-02,drone_range,20,7,10000,0.1,0.4,0.997,100,472.774157,416.874672,43.783207,4.53118,7.585098,4,0.16,0.92,0.018125,0.320578,0.948137,0.5,True,23.375742,True,472.7741573645019
RDL-n25-02,drone_range,24,7,10000,0.1,0.4,0.997,100,472.774157,416.874672,43.783207,4.53118,7.585098,4,0.16,0.92,0.018125,0.320578,0.948137,0.5,True,23.207122,True,472.7741573645019
RDL-n25-02,drone_range,30,7,10000,0.1,0.4,0.997,100,472.774157,416.874672,43.783207,4.53118,7.585098,4,0.16,0.92,0.018125,0.320578,0.948137,0.5,True,23.245755,True,472.7741573645019
RDL-n25-02,drone_range,8,8,10000,0.1,0.4,0.997,100,501.642257,497.111076,0.0,4.53118,0.0,0,0.0,0.92,0.018125,0.320578,0.0,0.0,True,21.097883,False,
RDL-n25-02,drone_range,12,8,10000,0.1,0.4,0.997,100,496.172898,476.389064,13.783236,4.53118,1.469418,2,0.08,0.92,0.018125,0.320578,0.367355,0.25,True,22.800136,True,501.6422567720268
RDL-n25-02,drone_range,16,8,10000,0.1,0.4,0.997,100,475.372213,424.003908,43.783207,0.0,7.585098,4,0.16,1.0,0.0,0.0,0.948137,0.5,True,25.710247,True,496.1728983881397
RDL-n25-02,drone_range,20,8,10000,0.1,0.4,0.997,100,475.372213,424.003908,43.783207,0.0,7.585098,4,0.16,1.0,0.0,0.0,0.948137,0.5,True,25.783502,True,475.3722134150379
RDL-n25-02,drone_range,24,8,10000,0.1,0.4,0.997,100,475.372213,424.003908,43.783207,0.0,7.585098,4,0.16,1.0,0.0,0.0,0.948137,0.5,True,24.636279,True,475.3722134150379
RDL-n25-02,drone_range,30,8,10000,0.1,0.4,0.997,100,475.372213,424.003908,43.783207,0.0,7.585098,4,0.16,1.0,0.0,0.0,0.948137,0.5,True,23.05425,True,475.3722134150379
RDL-n25-02,drone_range,8,9,10000,0.1,0.4,0.997,100,500.086941,454.297617,34.45809,4.53118,6.800053,5,0.2,0.92,0.018125,0.320578,0.680005,0.625,True,22.648131,False,
RDL-n25-02,drone_range,12,9,10000,0.1,0.4,0.997,100,496.172898,476.389064,13.783236,4.53118,1.469418,2,0.08,0.92,0.018125,0.320578,0.367355,0.25,True,22.526187,True,500.0869409974352
RDL-n25-02,drone_range,16,9,10000,0.1,0.4,0.997,100,473.076916,416.163872,43.783207,5.544738,7.585098,4,0.16,0.88,0.022179,0.320578,0.948137,0.5,True,22.941869,True,496.1728983881395
RDL-n25-02,drone_range,20,9,10000,0.1,0.4,0.997,100,472.774157,416.874672,43.783207,4.53118,7.585098,4,0.16,0.92,0.018125,0.320578,0.948137,0.5,True,23.090208,True,473.0769155653517
RDL-n25-02,drone_range,24,9,10000,0.1,0.4,0.997,100,472.774157,416.874672,43.783207,4.53118,7.585098,4,0.16,0.92,0.018125,0.320578,0.948137,0.5,True,23.114021,True,472.7741573645019
RDL-n25-02,drone_range,30,9,10000,0.1,0.4,0.997,100,472.774157,416.874672,43.783207,4.53118,7.585098,4,0.16,0.92,0.018125,0.320578,0.948137,0.5,True,23.200961,True,472.7741573645019
RDL-n25-02,drone_range,8,10,10000,0.1,0.4,0.997,100,496.172898,476.389064,13.783236,4.53118,1.469418,2,0.08,0.92,0.018125,0.320578,0.367355,0.25,True,22.898418,False,
RDL-n25-02,drone_range,12,10,10000,0.1,0.4,0.997,100,493.295704,472.61825,14.659714,4.999705,1.018034,2,0.08,0.88,0.019999,0.236651,0.254509,0.25,True,22.576408,True,496.17289838813946
RDL-n25-02,drone_range,16,10,10000,0.1,0.4,0.997,100,477.853503,403.643076,58.44292,7.164374,8.603133,6,0.24,0.84,0.028657,0.320578,0.716928,0.75,True,23.02035,True,493.2957038259519
RDL-n25-02,drone_range,20,10,10000,0.1,0.4,0.997,100,475.372213,424.003908,43.783207,0.0,7.585098,4,0.16,1.0,0.0,0.0,0.948137,0.5,True,23.306693,True,477.8535027989328
RDL-n25-02,drone_range,24,10,10000,0.1,0.4,0.997,100,475.372213,424.003908,43.783207,0.0,7.585098,4,0.16,1.0,0.0,0.0,0.948137,0.5,True,23.656365,True,475.3722134150379
RDL-n25-02,drone_range,30,10,10000,0.1,0.4,0.997,100,475.372213,424.003908,43.783207,0.0,7.585098,4,0.16,1.0,0.0,0.0,0.948137,0.5,True,23.140383,True,475.3722134150379
RDL-n25-02,number_of_lockers,2,1,10000,0.1,0.4,0.997,100,493.11707,472.439617,14.659714,4.999705,1.018034,2,0.08,0.88,0.019999,0.236651,0.254509,0.25,True,15.600462,False,
RDL-n25-02,number_of_lockers,3,1,10000,0.1,0.4,0.997,100,488.039571,485.673058,0.0,2.366512,0.0,0,0.0,0.96,0.009466,0.236651,0.0,0.0,True,18.354608,True,493.11707021009744
RDL-n25-02,number_of_lockers,4,1,10000,0.1,0.4,0.997,100,477.861507,426.084478,43.783207,0.0,7.993822,4,0.16,1.0,0.0,0.0,0.999228,0.5,True,23.268566,True,488.0395706161904
RDL-n25-02,number_of_lockers,5,1,10000,0.1,0.4,0.997,100,475.6757,424.307395,43.783207,0.0,7.585098,4,0.16,1.0,0.0,0.0,0.948137,0.5,True,23.121641,True,477.86150650605936
RDL-n25-02,number_of_lockers,6,1,10000,0.1,0.4,0.997,100,469.677156,424.065857,39.99064,0.0,5.620658,4,0.16,1.0,0.0,0.0,0.702582,0.5,True,23.480745,True,475.67569985849536
RDL-n25-02,number_of_lockers,8,1,10000,0.1,0.4,0.997,100,469.43619,424.065857,39.869719,0.0,5.500613,4,0.16,1.0,0.0,0.0,0.687577,0.5,True,23.122607,True,469.6771556642734
RDL-n25-02,number_of_lockers,10,1,10000,0.1,0.4,0.997,100,469.43619,424.065857,39.869719,0.0,5.500613,4,0.16,1.0,0.0,0.0,0.687577,0.5,True,22.822093,True,469.43619015381734
RDL-n25-02,number_of_lockers,2,2,10000,0.1,0.4,0.997,100,490.681423,485.379449,0.0,5.301974,0.0,0,0.0,0.96,0.021208,0.530197,0.0,0.0,True,14.913341,False,
RDL-n25-02,number_of_lockers,3,2,10000,0.1,0.4,0.997,100,488.039571,485.673058,0.0,2.366512,0.0,0,0.0,0.96,0.009466,0.236651,0.0,0.0,True,18.079964,True,490.6814234333006
RDL-n25-02,number_of_lockers,4,2,10000,0.1,0.4,0.997,100,475.372213,424.003908,43.783207,0.0,7.585098,4,0.16,1.0,0.0,0.0,0.948137,0.5,True,22.78364,True,488.0395706161906
RDL-n25-02,number_of_lockers,5,2,10000,0.1,0.4,0.997,100,475.372213,424.003908,43.783207,0.0,7.585098,4,0.16,1.0,0.0,0.0,0.948137,0.5,True,23.134349,True,475.3722134150379
RDL-n25-02,number_of_lockers,6,2,10000,0.1,0.4,0.997,100,469.677156,424.065857,39.99064,0.0,5.620658,4,0.16,1.0,0.0,0.0,0.702582,0.5,True,22.861552,True,475.3722134150379
RDL-n25-02,number_of_lockers,8,2,10000,0.1,0.4,0.997,100,469.43619,424.065857,39.869719,0.0,5.500613,4,0.16,1.0,0.0,0.0,0.687577,0.5,True,22.715888,True,469.6771556642735
RDL-n25-02,number_of_lockers,10,2,10000,0.1,0.4,0.997,100,469.43619,424.065857,39.869719,0.0,5.500613,4,0.16,1.0,0.0,0.0,0.687577,0.5,True,23.141605,True,469.43619015381745
RDL-n25-02,number_of_lockers,2,3,10000,0.1,0.4,0.997,100,488.039571,485.673058,0.0,2.366512,0.0,0,0.0,0.96,0.009466,0.236651,0.0,0.0,True,16.093597,False,
RDL-n25-02,number_of_lockers,3,3,10000,0.1,0.4,0.997,100,488.039571,485.673058,0.0,2.366512,0.0,0,0.0,0.96,0.009466,0.236651,0.0,0.0,True,18.294133,True,488.0395706161906
RDL-n25-02,number_of_lockers,4,3,10000,0.1,0.4,0.997,100,472.712208,416.812722,43.783207,4.53118,7.585098,4,0.16,0.92,0.018125,0.320578,0.948137,0.5,True,23.284195,True,488.0395706161906
RDL-n25-02,number_of_lockers,5,3,10000,0.1,0.4,0.997,100,472.712208,416.812722,43.783207,4.53118,7.585098,4,0.16,0.92,0.018125,0.320578,0.948137,0.5,True,22.861724,True,472.7122081542648
RDL-n25-02,number_of_lockers,6,3,10000,0.1,0.4,0.997,100,469.677156,424.065857,39.99064,0.0,5.620658,4,0.16,1.0,0.0,0.0,0.702582,0.5,True,22.517517,True,472.7122081542648
RDL-n25-02,number_of_lockers,8,3,10000,0.1,0.4,0.997,100,469.374241,424.003908,39.869719,0.0,5.500613,4,0.16,1.0,0.0,0.0,0.687577,0.5,True,22.74999,True,469.6771556642735
RDL-n25-02,number_of_lockers,10,3,10000,0.1,0.4,0.997,100,469.374241,424.003908,39.869719,0.0,5.500613,4,0.16,1.0,0.0,0.0,0.687577,0.5,True,23.45051,True,469.37424094358033
RDL-n25-02,number_of_lockers,2,4,10000,0.1,0.4,0.997,100,509.525777,504.994597,0.0,4.53118,0.0,0,0.0,0.92,0.018125,0.320578,0.0,0.0,True,15.807693,False,
RDL-n25-02,number_of_lockers,3,4,10000,0.1,0.4,0.997,100,509.525777,504.994597,0.0,4.53118,0.0,0,0.0,0.92,0.018125,0.320578,0.0,0.0,True,17.295318,True,509.52577744879795
RDL-n25-02,number_of_lockers,4,4,10000,0.1,0.4,0.997,100,491.518933,435.19959,43.783207,4.53118,8.004956,4,0.16,0.92,0.018125,0.320578,1.00062,0.5,True,22.801318,True,509.52577744879795
RDL-n25-02,number_of_lockers,5,4,10000,0.1,0.4,0.997,100,478.159873,428.125667,43.344968,0.0,6.689238,4,0.16,1.0,0.0,0.0,0.836155,0.5,True,23.050574,True,491.51893319179646
RDL-n25-02,number_of_lockers,6,4,10000,0.1,0.4,0.997,100,469.140095,424.74281,32.660783,6.384171,5.35233,3,0.12,0.92,0.025537,0.629176,0.892055,0.375,True,22.903253,True,478.15987344481505
RDL-n25-02,number_of_lockers,8,4,10000,0.1,0.4,0.997,100,468.689667,424.625761,32.539863,6.291758,5.232285,3,0.12,0.96,0.025167,0.629176,0.872048,0.375,True,22.768901,True,469.14009450306946
RDL-n25-02,number_of_lockers,10,4,10000,0.1,0.4,0.997,100,468.689667,424.625761,32.539863,6.291758,5.232285,3,0.12,0.96,0.025167,0.629176,0.872048,0.375,True,22.904998,True,468.68966701443526
RDL-n25-02,number_of_lockers,2,5,10000,0.1,0.4,0.997,100,488.218204,485.851692,0.0,2.366512,0.0,0,0.0,0.96,0.009466,0.236651,0.0,0.0,True,15.477342,False,
RDL-n25-02,number_of_lockers,3,5,10000,0.1,0.4,0.997,100,488.218204,485.851692,0.0,2.366512,0.0,0,0.0,0.96,0.009466,0.236651,0.0,0.0,True,17.741778,True,488.21820423204485
RDL-n25-02,number_of_lockers,4,5,10000,0.1,0.4,0.997,100,475.372213,424.003908,43.783207,0.0,7.585098,4,0.16,1.0,0.0,0.0,0.948137,0.5,True,22.931162,True,488.21820423204485
RDL-n25-02,number_of_lockers,5,5,10000,0.1,0.4,0.997,100,475.372213,424.003908,43.783207,0.0,7.585098,4,0.16,1.0,0.0,0.0,0.948137,0.5,True,23.575797,True,475.372213415038
RDL-n25-02,number_of_lockers,6,5,10000,0.1,0.4,0.997,100,469.677156,424.065857,39.99064,0.0,5.620658,4,0.16,1.0,0.0,0.0,0.702582,0.5,True,22.773798,True,475.372213415038
RDL-n25-02,number_of_lockers,8,5,10000,0.1,0.4,0.997,100,469.374241,424.003908,39.869719,0.0,5.500613,4,0.16,1.0,0.0,0.0,0.687577,0.5,True,22.143173,True,469.6771556642735
RDL-n25-02,number_of_lockers,10,5,10000,0.1,0.4,0.997,100,469.374241,424.003908,39.869719,0.0,5.500613,4,0.16,1.0,0.0,0.0,0.687577,0.5,True,22.752824,True,469.37424094358045
RDL-n25-02,number_of_lockers,2,6,10000,0.1,0.4,0.997,100,497.464319,479.153378,14.659714,2.633193,1.018034,2,0.08,0.92,0.010533,0.23166,0.254509,0.25,True,15.294878,False,
RDL-n25-02,number_of_lockers,3,6,10000,0.1,0.4,0.997,100,496.172898,476.389064,13.783236,4.53118,1.469418,2,0.08,0.92,0.018125,0.320578,0.367355,0.25,True,17.992534,True,497.46431938997745
RDL-n25-02,number_of_lockers,4,6,10000,0.1,0.4,0.997,100,477.789708,403.579281,58.44292,7.164374,8.603133,6,0.24,0.84,0.028657,0.320578,0.716928,0.75,True,22.452522,True,496.1728983881397
RDL-n25-02,number_of_lockers,5,6,10000,0.1,0.4,0.997,100,472.712208,416.812722,43.783207,4.53118,7.585098,4,0.16,0.92,0.018125,0.320578,0.948137,0.5,True,22.131541,True,477.7897077481717
RDL-n25-02,number_of_lockers,6,6,10000,0.1,0.4,0.997,100,467.619548,417.47707,39.99064,4.53118,5.620658,4,0.16,0.92,0.018125,0.320578,0.702582,0.5,True,21.913206,True,472.7122081542648
RDL-n25-02,number_of_lockers,8,6,10000,0.1,0.4,0.997,100,466.778031,416.876517,39.869719,4.53118,5.500613,4,0.16,0.92,0.018125,0.320578,0.687577,0.5,True,22.446078,True,467.6195484181964
RDL-n25-02,number_of_lockers,10,6,10000,0.1,0.4,0.997,100,466.778031,416.876517,39.869719,4.53118,5.500613,4,0.16,0.92,0.018125,0.320578,0.687577,0.5,True,23.050723,True,466.7780307335684
RDL-n25-02,number_of_lockers,2,7,10000,0.1,0.4,0.997,100,512.920298,512.920298,0.0,0.0,0.0,0,0.0,1.0,0.0,0.0,0.0,0.0,True,15.457841,False,
RDL-n25-02,number_of_lockers,3,7,10000,0.1,0.4,0.997,100,497.815248,482.562594,13.783236,0.0,1.469418,2,0.08,1.0,0.0,0.0,0.367355,0.25,True,17.725434,True,512.920297704014
RDL-n25-02,number_of_lockers,4,7,10000,0.1,0.4,0.997,100,475.581478,424.213173,43.783207,0.0,7.585098,4,0.16,1.0,0.0,0.0,0.948137,0.5,True,23.36553,True,497.8152481530796
RDL-n25-02,number_of_lockers,5,7,10000,0.1,0.4,0.997,100,474.687639,424.625761,36.45335,6.291758,7.31677,3,0.12,0.96,0.025167,0.629176,1.219462,0.375,True,22.476061,True,475.58147807186555
RDL-n25-02,number_of_lockers,6,7,10000,0.1,0.4,0.997,100,467.01715,416.874672,39.99064,4.53118,5.620658,4,0.16,0.92,0.018125,0.320578,0.702582,0.5,True,22.585639,True,474.6876394858928
RDL-n25-02,number_of_lockers,8,7,10000,0.1,0.4,0.997,100,466.776185,416.874672,39.869719,4.53118,5.500613,4,0.16,0.92,0.018125,0.320578,0.687577,0.5,True,22.810594,True,467.0171504035004
RDL-n25-02,number_of_lockers,10,7,10000,0.1,0.4,0.997,100,466.776185,416.874672,39.869719,4.53118,5.500613,4,0.16,0.92,0.018125,0.320578,0.687577,0.5,True,22.347432,True,466.77618489304433
RDL-n25-02,number_of_lockers,2,8,10000,0.1,0.4,0.997,100,514.895072,510.363892,0.0,4.53118,0.0,0,0.0,0.92,0.018125,0.320578,0.0,0.0,True,15.346066,False,
RDL-n25-02,number_of_lockers,3,8,10000,0.1,0.4,0.997,100,509.525777,504.994597,0.0,4.53118,0.0,0,0.0,0.92,0.018125,0.320578,0.0,0.0,True,17.44091,True,514.8950724744385
RDL-n25-02,number_of_lockers,4,8,10000,0.1,0.4,0.997,100,478.159873,428.125667,43.344968,0.0,6.689238,4,0.16,1.0,0.0,0.0,0.836155,0.5,True,22.851979,True,509.525777448798
RDL-n25-02,number_of_lockers,5,8,10000,0.1,0.4,0.997,100,477.81652,410.770466,58.44292,0.0,8.603133,6,0.24,1.0,0.0,0.0,0.716928,0.75,True,22.967202,True,478.15987344481516
RDL-n25-02,number_of_lockers,6,8,10000,0.1,0.4,0.997,100,469.918693,424.307395,39.99064,0.0,5.620658,4,0.16,1.0,0.0,0.0,0.702582,0.5,True,22.506678,True,477.8165197569473
RDL-n25-02,number_of_lockers,8,8,10000,0.1,0.4,0.997,100,469.677727,424.307395,39.869719,0.0,5.500613,4,0.16,1.0,0.0,0.0,0.687577,0.5,True,22.914002,True,469.91869289749405
RDL-n25-02,number_of_lockers,10,8,10000,0.1,0.4,0.997,100,469.374241,424.003908,39.869719,0.0,5.500613,4,0.16,1.0,0.0,0.0,0.687577,0.5,True,22.946801,True,469.67772738703803
RDL-n25-02,number_of_lockers,2,9,10000,0.1,0.4,0.997,100,492.38682,492.38682,0.0,0.0,0.0,0,0.0,1.0,0.0,0.0,0.0,0.0,True,15.305203,False,
RDL-n25-02,number_of_lockers,3,9,10000,0.1,0.4,0.997,100,492.38682,492.38682,0.0,0.0,0.0,0,0.0,1.0,0.0,0.0,0.0,0.0,True,17.656712,True,492.3868197960706
RDL-n25-02,number_of_lockers,4,9,10000,0.1,0.4,0.997,100,477.81652,410.770466,58.44292,0.0,8.603133,6,0.24,1.0,0.0,0.0,0.716928,0.75,True,22.895397,True,492.3868197960706
RDL-n25-02,number_of_lockers,5,9,10000,0.1,0.4,0.997,100,477.81652,410.770466,58.44292,0.0,8.603133,6,0.24,1.0,0.0,0.0,0.716928,0.75,True,22.561564,True,477.81651975694723
RDL-n25-02,number_of_lockers,6,9,10000,0.1,0.4,0.997,100,467.348539,417.20606,39.99064,4.53118,5.620658,4,0.16,0.92,0.018125,0.320578,0.702582,0.5,True,21.602318,True,477.81651975694723
RDL-n25-02,number_of_lockers,8,9,10000,0.1,0.4,0.997,100,467.107573,417.20606,39.869719,4.53118,5.500613,4,0.16,0.92,0.018125,0.320578,0.687577,0.5,True,22.493056,True,467.34853852024304
RDL-n25-02,number_of_lockers,10,9,10000,0.1,0.4,0.997,100,467.107573,417.20606,39.869719,4.53118,5.500613,4,0.16,0.92,0.018125,0.320578,0.687577,0.5,True,21.791071,True,467.107573009787
RDL-n25-02,number_of_lockers,2,10,10000,0.1,0.4,0.997,100,493.11707,472.439617,14.659714,4.999705,1.018034,2,0.08,0.88,0.019999,0.236651,0.254509,0.25,True,14.929368,False,
RDL-n25-02,number_of_lockers,3,10,10000,0.1,0.4,0.997,100,493.11707,472.439617,14.659714,4.999705,1.018034,2,0.08,0.88,0.019999,0.236651,0.254509,0.25,True,17.692982,True,493.11707021009744
RDL-n25-02,number_of_lockers,4,10,10000,0.1,0.4,0.997,100,477.878469,410.832416,58.44292,0.0,8.603133,6,0.24,1.0,0.0,0.0,0.716928,0.75,True,22.135453,True,493.11707021009744
RDL-n25-02,number_of_lockers,5,10,10000,0.1,0.4,0.997,100,475.372213,424.003908,43.783207,0.0,7.585098,4,0.16,1.0,0.0,0.0,0.948137,0.5,True,22.555175,True,477.8784689671844
RDL-n25-02,number_of_lockers,6,10,10000,0.1,0.4,0.997,100,469.615206,424.003908,39.99064,0.0,5.620658,4,0.16,1.0,0.0,0.0,0.702582,0.5,True,23.089216,True,475.37221341503795
RDL-n25-02,number_of_lockers,8,10,10000,0.1,0.4,0.997,100,469.374241,424.003908,39.869719,0.0,5.500613,4,0.16,1.0,0.0,0.0,0.687577,0.5,True,22.370438,True,469.61520645403647
RDL-n25-02,number_of_lockers,10,10,10000,0.1,0.4,0.997,100,469.374241,424.003908,39.869719,0.0,5.500613,4,0.16,1.0,0.0,0.0,0.687577,0.5,True,22.537738,True,469.37424094358045
RDL-n25-02,self_pickup_compensation_cW,0,1,10000,0.1,0.4,0.997,100,465.12711,416.812722,43.783207,4.53118,0.0,4,0.16,0.92,0.018125,0.320578,0.948137,0.5,True,22.631951,False,
RDL-n25-02,self_pickup_compensation_cW,1,1,10000,0.1,0.4,0.997,100,473.613886,403.705025,58.44292,7.164374,4.301566,6,0.24,0.84,0.028657,0.320578,0.716928,0.75,True,22.767784,False,
RDL-n25-02,self_pickup_compensation_cW,2,1,10000,0.1,0.4,0.997,100,489.036215,440.734914,36.45335,4.53118,7.31677,3,0.12,0.92,0.018125,0.320578,1.219462,0.375,True,22.758359,False,
RDL-n25-02,self_pickup_compensation_cW,4,1,10000,0.1,0.4,0.997,100,496.211786,456.210414,29.561732,0.0,10.43964,2,0.08,1.0,0.0,0.0,1.304955,0.25,True,22.573053,False,
RDL-n25-02,self_pickup_compensation_cW,6,1,10000,0.1,0.4,0.997,100,503.736352,440.801511,36.45335,4.53118,21.950311,3,0.12,0.92,0.018125,0.320578,1.219462,0.375,True,22.811204,False,
RDL-n25-02,self_pickup_compensation_cW,8,1,10000,0.1,0.4,0.997,100,498.227589,428.125667,43.344968,0.0,26.756953,4,0.16,1.0,0.0,0.0,0.836155,0.5,True,22.076076,False,
RDL-n25-02,self_pickup_compensation_cW,0,2,10000,0.1,0.4,0.997,100,465.190905,416.876517,43.783207,4.53118,0.0,4,0.16,0.92,0.018125,0.320578,0.948137,0.5,True,22.305488,False,
RDL-n25-02,self_pickup_compensation_cW,1,2,10000,0.1,0.4,0.997,100,471.579664,424.003908,43.783207,0.0,3.792549,4,0.16,1.0,0.0,0.0,0.948137,0.5,True,22.350068,False,
RDL-n25-02,self_pickup_compensation_cW,2,2,10000,0.1,0.4,0.997,100,478.159873,428.125667,43.344968,0.0,6.689238,4,0.16,1.0,0.0,0.0,0.836155,0.5,True,22.842973,False,
RDL-n25-02,self_pickup_compensation_cW,4,2,10000,0.1,0.4,0.997,100,484.849112,428.125667,43.344968,0.0,13.378477,4,0.16,1.0,0.0,0.0,0.836155,0.5,True,22.284181,False,
RDL-n25-02,self_pickup_compensation_cW,6,2,10000,0.1,0.4,0.997,100,488.121587,417.051904,43.783207,4.53118,22.755295,4,0.16,0.92,0.018125,0.320578,0.948137,0.5,True,23.15212,False,
RDL-n25-02,self_pickup_compensation_cW,8,2,10000,0.1,0.4,0.997,100,492.841609,437.836039,29.561732,4.564558,20.879281,2,0.08,0.92,0.018258,0.236651,1.304955,0.25,True,22.440792,False,
RDL-n25-02,self_pickup_compensation_cW,0,3,10000,0.1,0.4,0.997,100,471.091225,407.103567,58.44292,5.544738,0.0,6,0.24,0.88,0.022179,0.320578,0.716928,0.75,True,23.241271,False,
RDL-n25-02,self_pickup_compensation_cW,1,3,10000,0.1,0.4,0.997,100,473.444621,404.708023,51.113064,13.456132,4.167402,5,0.2,0.8,0.053825,0.629176,0.83348,0.625,True,22.84381,False,
RDL-n25-02,self_pickup_compensation_cW,2,3,10000,0.1,0.4,0.997,100,489.036215,440.734914,36.45335,4.53118,7.31677,3,0.12,0.92,0.018125,0.320578,1.219462,0.375,True,22.444823,False,
RDL-n25-02,self_pickup_compensation_cW,4,3,10000,0.1,0.4,0.997,100,484.849112,428.125667,43.344968,0.0,13.378477,4,0.16,1.0,0.0,0.0,0.836155,0.5,True,22.85189,False,
RDL-n25-02,self_pickup_compensation_cW,6,3,10000,0.1,0.4,0.997,100,501.431607,456.210414,29.561732,0.0,15.65946,2,0.08,1.0,0.0,0.0,1.304955,0.25,True,22.367776,False,
RDL-n25-02,self_pickup_compensation_cW,8,3,10000,0.1,0.4,0.997,100,511.053123,440.801511,36.45335,4.53118,29.267081,3,0.12,0.92,0.018125,0.320578,1.219462,0.375,True,22.614881,False,
RDL-n25-02,self_pickup_compensation_cW,0,4,10000,0.1,0.4,0.997,100,467.849064,424.065857,43.783207,0.0,0.0,4,0.16,1.0,0.0,0.0,0.948137,0.5,True,22.347962,False,
RDL-n25-02,self_pickup_compensation_cW,1,4,10000,0.1,0.4,0.997,100,471.238716,424.74281,36.45335,6.384171,3.658385,3,0.12,0.92,0.025537,0.629176,1.219462,0.375,True,22.854119,False,
RDL-n25-02,self_pickup_compensation_cW,2,4,10000,0.1,0.4,0.997,100,478.307189,428.272982,43.344968,0.0,6.689238,4,0.16,1.0,0.0,0.0,0.836155,0.5,True,22.376745,False,
RDL-n25-02,self_pickup_compensation_cW,4,4,10000,0.1,0.4,0.997,100,484.849112,428.125667,43.344968,0.0,13.378477,4,0.16,1.0,0.0,0.0,0.836155,0.5,True,22.571745,False,
RDL-n25-02,self_pickup_compensation_cW,6,4,10000,0.1,0.4,0.997,100,501.431607,456.210414,29.561732,0.0,15.65946,2,0.08,1.0,0.0,0.0,1.304955,0.25,True,22.285802,False,
RDL-n25-02,self_pickup_compensation_cW,8,4,10000,0.1,0.4,0.997,100,498.411293,428.309372,43.344968,0.0,26.756953,4,0.16,1.0,0.0,0.0,0.836155,0.5,True,22.683248,False,
RDL-n25-02,self_pickup_compensation_cW,0,5,10000,0.1,0.4,0.997,100,468.090601,424.307395,43.783207,0.0,0.0,4,0.16,1.0,0.0,0.0,0.948137,0.5,True,21.727255,False,
RDL-n25-02,self_pickup_compensation_cW,1,5,10000,0.1,0.4,0.997,100,474.815254,428.125667,43.344968,0.0,3.344619,4,0.16,1.0,0.0,0.0,0.836155,0.5,True,22.945059,False,
RDL-n25-02,self_pickup_compensation_cW,2,5,10000,0.1,0.4,0.997,100,475.963613,424.595307,43.783207,0.0,7.585098,4,0.16,1.0,0.0,0.0,0.948137,0.5,True,22.492191,False,
RDL-n25-02,self_pickup_compensation_cW,4,5,10000,0.1,0.4,0.997,100,486.691064,410.949465,58.44292,0.092413,17.206266,6,0.24,0.96,0.00037,0.009241,0.716928,0.75,True,22.925417,False,
RDL-n25-02,self_pickup_compensation_cW,6,5,10000,0.1,0.4,0.997,100,491.53835,428.125667,43.344968,0.0,20.067715,4,0.16,1.0,0.0,0.0,0.836155,0.5,True,21.548223,False,
RDL-n25-02,self_pickup_compensation_cW,8,5,10000,0.1,0.4,0.997,100,510.986526,440.734914,36.45335,4.53118,29.267081,3,0.12,0.92,0.018125,0.320578,1.219462,0.375,True,21.936994,False,
RDL-n25-02,self_pickup_compensation_cW,0,6,10000,0.1,0.4,0.997,100,471.470635,428.125667,43.344968,0.0,0.0,4,0.16,1.0,0.0,0.0,0.836155,0.5,True,22.460505,False,
RDL-n25-02,self_pickup_compensation_cW,1,6,10000,0.1,0.4,0.997,100,473.514953,410.770466,58.44292,0.0,4.301566,6,0.24,1.0,0.0,0.0,0.716928,0.75,True,22.254561,False,
RDL-n25-02,self_pickup_compensation_cW,2,6,10000,0.1,0.4,0.997,100,477.81652,410.770466,58.44292,0.0,8.603133,6,0.24,1.0,0.0,0.0,0.716928,0.75,True,22.561047,False,
RDL-n25-02,self_pickup_compensation_cW,4,6,10000,0.1,0.4,0.997,100,483.77763,432.69074,36.45335,0.0,14.633541,3,0.12,1.0,0.0,0.0,1.219462,0.375,True,22.260199,False,
RDL-n25-02,self_pickup_compensation_cW,6,6,10000,0.1,0.4,0.997,100,501.431607,456.210414,29.561732,0.0,15.65946,2,0.08,1.0,0.0,0.0,1.304955,0.25,True,22.802612,False,
RDL-n25-02,self_pickup_compensation_cW,8,6,10000,0.1,0.4,0.997,100,506.651427,456.210414,29.561732,0.0,20.879281,2,0.08,1.0,0.0,0.0,1.304955,0.25,True,22.085542,False,
RDL-n25-02,self_pickup_compensation_cW,0,7,10000,0.1,0.4,0.997,100,481.719445,440.734914,36.45335,4.53118,0.0,3,0.12,0.88,0.056912,0.969677,1.219462,0.375,True,22.239685,False,
RDL-n25-02,self_pickup_compensation_cW,1,7,10000,0.1,0.4,0.997,100,468.919659,416.812722,43.783207,4.53118,3.792549,4,0.16,0.92,0.018125,0.320578,0.948137,0.5,True,22.311722,False,
RDL-n25-02,self_pickup_compensation_cW,2,7,10000,0.1,0.4,0.997,100,478.852824,404.642397,58.44292,7.164374,8.603133,6,0.24,0.84,0.028657,0.320578,0.716928,0.75,True,22.636407,False,
RDL-n25-02,self_pickup_compensation_cW,4,7,10000,0.1,0.4,0.997,100,484.849112,428.125667,43.344968,0.0,13.378477,4,0.16,1.0,0.0,0.0,0.836155,0.5,True,22.682216,False,
RDL-n25-02,self_pickup_compensation_cW,6,7,10000,0.1,0.4,0.997,100,503.669756,440.734914,36.45335,4.53118,21.950311,3,0.12,0.92,0.018125,0.320578,1.219462,0.375,True,22.31621,False,
RDL-n25-02,self_pickup_compensation_cW,8,7,10000,0.1,0.4,0.997,100,496.836531,444.029006,29.561732,2.366512,20.879281,2,0.08,0.96,0.009466,0.236651,1.304955,0.25,True,22.203231,False,
RDL-n25-02,self_pickup_compensation_cW,0,8,10000,0.1,0.4,0.997,100,468.378514,424.595307,43.783207,0.0,0.0,4,0.16,1.0,0.0,0.0,0.948137,0.5,True,22.870489,False,
RDL-n25-02,self_pickup_compensation_cW,1,8,10000,0.1,0.4,0.997,100,483.264902,413.18274,64.458061,0.0,5.624101,7,0.28,1.0,0.0,0.0,0.803443,0.875,True,22.240555,False,
RDL-n25-02,self_pickup_compensation_cW,2,8,10000,0.1,0.4,0.997,100,478.159873,428.125667,43.344968,0.0,6.689238,4,0.16,1.0,0.0,0.0,0.836155,0.5,True,22.811762,False,
RDL-n25-02,self_pickup_compensation_cW,4,8,10000,0.1,0.4,0.997,100,496.352985,440.734914,36.45335,4.53118,14.633541,3,0.12,0.92,0.018125,0.320578,1.219462,0.375,True,22.240291,False,
RDL-n25-02,self_pickup_compensation_cW,6,8,10000,0.1,0.4,0.997,100,493.603477,427.064975,43.783207,0.0,22.755295,4,0.16,1.0,0.0,0.0,0.948137,0.5,True,21.947999,False,
RDL-n25-02,self_pickup_compensation_cW,8,8,10000,0.1,0.4,0.997,100,498.227589,428.125667,43.344968,0.0,26.756953,4,0.16,1.0,0.0,0.0,0.836155,0.5,True,22.803681,False,
RDL-n25-02,self_pickup_compensation_cW,0,9,10000,0.1,0.4,0.997,100,467.849064,424.065857,43.783207,0.0,0.0,4,0.16,1.0,0.0,0.0,0.948137,0.5,True,22.454604,False,
RDL-n25-02,self_pickup_compensation_cW,1,9,10000,0.1,0.4,0.997,100,489.599208,449.283111,36.45335,0.0,3.862747,3,0.12,1.0,0.0,0.0,1.287582,0.375,True,22.501843,False,
RDL-n25-02,self_pickup_compensation_cW,2,9,10000,0.1,0.4,0.997,100,478.025982,410.887516,58.44292,0.092413,8.603133,6,0.24,0.96,0.00037,0.009241,0.716928,0.75,True,22.285069,False,
RDL-n25-02,self_pickup_compensation_cW,4,9,10000,0.1,0.4,0.997,100,480.361102,416.876517,43.783207,4.53118,15.170197,4,0.16,0.92,0.018125,0.320578,0.948137,0.5,True,22.785071,False,
RDL-n25-02,self_pickup_compensation_cW,6,9,10000,0.1,0.4,0.997,100,490.54241,424.003908,43.783207,0.0,22.755295,4,0.16,1.0,0.0,0.0,0.948137,0.5,True,22.1188,False,
RDL-n25-02,self_pickup_compensation_cW,8,9,10000,0.1,0.4,0.997,100,510.066436,459.625423,29.561732,0.0,20.879281,2,0.08,1.0,0.0,0.0,1.304955,0.25,True,22.274019,False,
RDL-n25-02,self_pickup_compensation_cW,0,10,10000,0.1,0.4,0.997,100,469.705656,404.098362,58.44292,7.164374,0.0,6,0.24,0.84,0.028657,0.320578,0.716928,0.75,True,22.747735,False,
RDL-n25-02,self_pickup_compensation_cW,1,10,10000,0.1,0.4,0.997,100,473.786364,410.949465,58.44292,0.092413,4.301566,6,0.24,0.96,0.00037,0.009241,0.716928,0.75,True,22.048888,False,
RDL-n25-02,self_pickup_compensation_cW,2,10,10000,0.1,0.4,0.997,100,489.343293,441.041992,36.45335,4.53118,7.31677,3,0.12,0.92,0.018125,0.320578,1.219462,0.375,True,23.011947,False,
RDL-n25-02,self_pickup_compensation_cW,4,10,10000,0.1,0.4,0.997,100,496.352985,440.734914,36.45335,4.53118,14.633541,3,0.12,0.92,0.018125,0.320578,1.219462,0.375,True,21.704027,False,
RDL-n25-02,self_pickup_compensation_cW,6,10,10000,0.1,0.4,0.997,100,491.53835,428.125667,43.344968,0.0,20.067715,4,0.16,1.0,0.0,0.0,0.836155,0.5,True,22.412457,False,
RDL-n25-02,self_pickup_compensation_cW,8,10,10000,0.1,0.4,0.997,100,498.227589,428.125667,43.344968,0.0,26.756953,4,0.16,1.0,0.0,0.0,0.836155,0.5,True,21.891971,False,
RDL-n25-02,delay_penalty_cP,1,1,10000,0.1,0.4,0.997,100,462.619673,417.230233,36.45335,1.61932,7.31677,3,0.12,0.84,0.064773,1.064846,1.219462,0.375,True,22.084006,False,
RDL-n25-02,delay_penalty_cP,5,1,10000,0.1,0.4,0.997,100,466.919034,417.230665,36.45335,5.918248,7.31677,3,0.12,0.84,0.047346,0.629176,1.219462,0.375,True,21.861389,False,
RDL-n25-02,delay_penalty_cP,10,1,10000,0.1,0.4,0.997,100,489.036215,440.734914,36.45335,4.53118,7.31677,3,0.12,0.92,0.018125,0.320578,1.219462,0.375,True,22.67277,False,
RDL-n25-02,delay_penalty_cP,20,1,10000,0.1,0.4,0.997,100,478.159873,428.125667,43.344968,0.0,6.689238,4,0.16,1.0,0.0,0.0,0.836155,0.5,True,22.211811,False,
RDL-n25-02,delay_penalty_cP,30,1,10000,0.1,0.4,0.997,100,478.159873,428.125667,43.344968,0.0,6.689238,4,0.16,1.0,0.0,0.0,0.836155,0.5,True,23.096602,False,
RDL-n25-02,delay_penalty_cP,50,1,10000,0.1,0.4,0.997,100,475.372213,424.003908,43.783207,0.0,7.585098,4,0.16,1.0,0.0,0.0,0.948137,0.5,True,22.279969,False,
RDL-n25-02,delay_penalty_cP,1,2,10000,0.1,0.4,0.997,100,477.55043,427.414868,43.344968,0.101356,6.689238,4,0.16,0.96,0.004054,0.101356,0.836155,0.5,True,22.300545,False,
RDL-n25-02,delay_penalty_cP,5,2,10000,0.1,0.4,0.997,100,474.067295,402.932276,58.44292,4.088966,8.603133,6,0.24,0.8,0.032712,0.320578,0.716928,0.75,True,22.555,False,
RDL-n25-02,delay_penalty_cP,10,2,10000,0.1,0.4,0.997,100,478.159873,428.125667,43.344968,0.0,6.689238,4,0.16,1.0,0.0,0.0,0.836155,0.5,True,22.710653,False,
RDL-n25-02,delay_penalty_cP,20,2,10000,0.1,0.4,0.997,100,478.159873,428.125667,43.344968,0.0,6.689238,4,0.16,1.0,0.0,0.0,0.836155,0.5,True,22.433736,False,
RDL-n25-02,delay_penalty_cP,30,2,10000,0.1,0.4,0.997,100,478.159873,428.125667,43.344968,0.0,6.689238,4,0.16,1.0,0.0,0.0,0.836155,0.5,True,22.359357,False,
RDL-n25-02,delay_penalty_cP,50,2,10000,0.1,0.4,0.997,100,493.461955,449.283111,36.45335,0.0,7.725494,3,0.12,1.0,0.0,0.0,1.287582,0.375,True,22.532685,False,
RDL-n25-02,delay_penalty_cP,1,3,10000,0.1,0.4,0.997,100,463.911579,422.691358,29.561732,6.438669,5.21982,2,0.08,0.88,0.257547,5.708137,1.304955,0.25,True,21.40797,False,
RDL-n25-02,delay_penalty_cP,5,3,10000,0.1,0.4,0.997,100,475.471679,423.596595,43.783207,0.506779,7.585098,4,0.16,0.96,0.004054,0.101356,0.948137,0.5,True,23.039587,False,
RDL-n25-02,delay_penalty_cP,10,3,10000,0.1,0.4,0.997,100,489.036215,440.734914,36.45335,4.53118,7.31677,3,0.12,0.92,0.018125,0.320578,1.219462,0.375,True,22.285103,False,
RDL-n25-02,delay_penalty_cP,20,3,10000,0.1,0.4,0.997,100,478.159873,428.125667,43.344968,0.0,6.689238,4,0.16,1.0,0.0,0.0,0.836155,0.5,True,23.049356,False,
RDL-n25-02,delay_penalty_cP,30,3,10000,0.1,0.4,0.997,100,490.991966,456.210414,29.561732,0.0,5.21982,2,0.08,1.0,0.0,0.0,1.304955,0.25,True,22.642698,False,
RDL-n25-02,delay_penalty_cP,50,3,10000,0.1,0.4,0.997,100,493.769357,449.999237,36.45335,0.0,7.31677,3,0.12,1.0,0.0,0.0,1.219462,0.375,True,21.525731,False,
RDL-n25-02,delay_penalty_cP,1,4,10000,0.1,0.4,0.997,100,464.108099,422.808407,29.561732,6.51814,5.21982,2,0.08,0.84,0.260726,5.778367,1.304955,0.25,True,23.534964,False,
RDL-n25-02,delay_penalty_cP,5,4,10000,0.1,0.4,0.997,100,470.304547,416.163872,43.783207,2.772369,7.585098,4,0.16,0.88,0.022179,0.320578,0.948137,0.5,True,25.237496,False,
RDL-n25-02,delay_penalty_cP,10,4,10000,0.1,0.4,0.997,100,478.307189,428.272982,43.344968,0.0,6.689238,4,0.16,1.0,0.0,0.0,0.836155,0.5,True,25.746617,False,
RDL-n25-02,delay_penalty_cP,20,4,10000,0.1,0.4,0.997,100,493.461955,449.283111,36.45335,0.0,7.725494,3,0.12,1.0,0.0,0.0,1.287582,0.375,True,26.383587,False,
RDL-n25-02,delay_penalty_cP,30,4,10000,0.1,0.4,0.997,100,478.159873,428.125667,43.344968,0.0,6.689238,4,0.16,1.0,0.0,0.0,0.836155,0.5,True,25.927204,False,
RDL-n25-02,delay_penalty_cP,50,4,10000,0.1,0.4,0.997,100,490.991966,456.210414,29.561732,0.0,5.21982,2,0.08,1.0,0.0,0.0,1.304955,0.25,True,25.918253,False,
RDL-n25-02,delay_penalty_cP,1,5,10000,0.1,0.4,0.997,100,464.501436,423.201744,29.561732,6.51814,5.21982,2,0.08,0.84,0.260726,5.778367,1.304955,0.25,True,25.205585,False,
RDL-n25-02,delay_penalty_cP,5,5,10000,0.1,0.4,0.997,100,470.996704,416.856029,43.783207,2.772369,7.585098,4,0.16,0.88,0.022179,0.320578,0.948137,0.5,True,25.086554,False,
RDL-n25-02,delay_penalty_cP,10,5,10000,0.1,0.4,0.997,100,475.963613,424.595307,43.783207,0.0,7.585098,4,0.16,1.0,0.0,0.0,0.948137,0.5,True,26.035805,False,
RDL-n25-02,delay_penalty_cP,20,5,10000,0.1,0.4,0.997,100,478.159873,428.125667,43.344968,0.0,6.689238,4,0.16,1.0,0.0,0.0,0.836155,0.5,True,25.675833,False,
RDL-n25-02,delay_penalty_cP,30,5,10000,0.1,0.4,0.997,100,490.991966,456.210414,29.561732,0.0,5.21982,2,0.08,1.0,0.0,0.0,1.304955,0.25,True,26.575299,False,
RDL-n25-02,delay_penalty_cP,50,5,10000,0.1,0.4,0.997,100,480.514022,429.145717,43.783207,0.0,7.585098,4,0.16,1.0,0.0,0.0,0.948137,0.5,True,25.854265,False,
RDL-n25-02,delay_penalty_cP,1,6,10000,0.1,0.4,0.997,100,464.304916,423.084695,29.561732,6.438669,5.21982,2,0.08,0.88,0.257547,5.708137,1.304955,0.25,True,25.216166,False,
RDL-n25-02,delay_penalty_cP,5,6,10000,0.1,0.4,0.997,100,471.33774,423.914962,36.45335,3.652658,7.31677,3,0.12,0.92,0.029221,0.629176,1.219462,0.375,True,25.115128,False,
RDL-n25-02,delay_penalty_cP,10,6,10000,0.1,0.4,0.997,100,477.81652,410.770466,58.44292,0.0,8.603133,6,0.24,1.0,0.0,0.0,0.716928,0.75,True,26.097879,False,
RDL-n25-02,delay_penalty_cP,20,6,10000,0.1,0.4,0.997,100,478.159873,428.125667,43.344968,0.0,6.689238,4,0.16,1.0,0.0,0.0,0.836155,0.5,True,25.815213,False,
RDL-n25-02,delay_penalty_cP,30,6,10000,0.1,0.4,0.997,100,490.991966,456.210414,29.561732,0.0,5.21982,2,0.08,1.0,0.0,0.0,1.304955,0.25,True,25.491987,False,
RDL-n25-02,delay_penalty_cP,50,6,10000,0.1,0.4,0.997,100,478.159873,428.125667,43.344968,0.0,6.689238,4,0.16,1.0,0.0,0.0,0.836155,0.5,True,26.167244,False,
RDL-n25-02,delay_penalty_cP,1,7,10000,0.1,0.4,0.997,100,465.895073,420.228807,36.45335,1.896145,7.31677,3,0.12,0.8,0.075846,0.712496,1.219462,0.375,True,25.095829,False,
RDL-n25-02,delay_penalty_cP,5,7,10000,0.1,0.4,0.997,100,486.616211,435.133469,36.45335,7.712622,7.31677,3,0.12,0.88,0.061701,1.089406,1.219462,0.375,True,25.265628,False,
RDL-n25-02,delay_penalty_cP,10,7,10000,0.1,0.4,0.997,100,478.852824,404.642397,58.44292,7.164374,8.603133,6,0.24,0.84,0.028657,0.320578,0.716928,0.75,True,25.931475,False,
RDL-n25-02,delay_penalty_cP,20,7,10000,0.1,0.4,0.997,100,478.159873,428.125667,43.344968,0.0,6.689238,4,0.16,1.0,0.0,0.0,0.836155,0.5,True,25.570287,False,
RDL-n25-02,delay_penalty_cP,30,7,10000,0.1,0.4,0.997,100,493.769357,449.999237,36.45335,0.0,7.31677,3,0.12,1.0,0.0,0.0,1.219462,0.375,True,26.237196,False,
RDL-n25-02,delay_penalty_cP,50,7,10000,0.1,0.4,0.997,100,475.6757,424.307395,43.783207,0.0,7.585098,4,0.16,1.0,0.0,0.0,0.948137,0.5,True,25.785508,False,
RDL-n25-02,delay_penalty_cP,1,8,10000,0.1,0.4,0.997,100,462.992707,417.578707,36.45335,1.64388,7.31677,3,0.12,0.84,0.065755,1.089406,1.219462,0.375,True,25.228744,False,
RDL-n25-02,delay_penalty_cP,5,8,10000,0.1,0.4,0.997,100,471.648311,424.179326,36.45335,3.698864,7.31677,3,0.12,0.88,0.029591,0.629176,1.219462,0.375,True,25.399846,False,
RDL-n25-02,delay_penalty_cP,10,8,10000,0.1,0.4,0.997,100,478.159873,428.125667,43.344968,0.0,6.689238,4,0.16,1.0,0.0,0.0,0.836155,0.5,True,25.994503,False,
RDL-n25-02,delay_penalty_cP,20,8,10000,0.1,0.4,0.997,100,482.422254,414.967477,58.44292,0.0,9.011856,6,0.24,1.0,0.0,0.0,0.750988,0.75,True,26.374104,False,
RDL-n25-02,delay_penalty_cP,30,8,10000,0.1,0.4,0.997,100,475.6757,424.307395,43.783207,0.0,7.585098,4,0.16,1.0,0.0,0.0,0.948137,0.5,True,25.726876,False,
RDL-n25-02,delay_penalty_cP,50,8,10000,0.1,0.4,0.997,100,500.999731,466.218179,29.561732,0.0,5.21982,2,0.08,1.0,0.0,0.0,1.304955,0.25,True,25.522716,False,
RDL-n25-02,delay_penalty_cP,1,9,10000,0.1,0.4,0.997,100,464.304916,423.084695,29.561732,6.438669,5.21982,2,0.08,0.88,0.257547,5.708137,1.304955,0.25,True,25.237827,False,
RDL-n25-02,delay_penalty_cP,5,9,10000,0.1,0.4,0.997,100,470.368342,416.227667,43.783207,2.772369,7.585098,4,0.16,0.88,0.022179,0.320578,0.948137,0.5,True,25.202844,False,
RDL-n25-02,delay_penalty_cP,10,9,10000,0.1,0.4,0.997,100,478.025982,410.887516,58.44292,0.092413,8.603133,6,0.24,0.96,0.00037,0.009241,0.716928,0.75,True,25.872028,False,
RDL-n25-02,delay_penalty_cP,20,9,10000,0.1,0.4,0.997,100,487.533331,420.487278,58.44292,0.0,8.603133,6,0.24,1.0,0.0,0.0,0.716928,0.75,True,26.455928,False,
RDL-n25-02,delay_penalty_cP,30,9,10000,0.1,0.4,0.997,100,493.461955,449.283111,36.45335,0.0,7.725494,3,0.12,1.0,0.0,0.0,1.287582,0.375,True,25.682925,False,
RDL-n25-02,delay_penalty_cP,50,9,10000,0.1,0.4,0.997,100,501.607793,433.499715,57.128204,0.0,10.979873,6,0.24,1.0,0.0,0.0,0.914989,0.75,True,25.973112,False,
RDL-n25-02,delay_penalty_cP,1,10,10000,0.1,0.4,0.997,100,468.154834,411.256865,44.221446,6.438669,6.237855,4,0.16,0.88,0.257547,5.708137,0.779732,0.5,True,24.800004,False,
RDL-n25-02,delay_penalty_cP,5,10,10000,0.1,0.4,0.997,100,469.507374,417.640656,36.45335,8.096598,7.31677,3,0.12,0.84,0.064773,1.064846,1.219462,0.375,True,25.758133,False,
RDL-n25-02,delay_penalty_cP,10,10,10000,0.1,0.4,0.997,100,489.343293,441.041992,36.45335,4.53118,7.31677,3,0.12,0.92,0.018125,0.320578,1.219462,0.375,True,25.960395,False,
RDL-n25-02,delay_penalty_cP,20,10,10000,0.1,0.4,0.997,100,475.372213,424.003908,43.783207,0.0,7.585098,4,0.16,1.0,0.0,0.0,0.948137,0.5,True,25.264158,False,
RDL-n25-02,delay_penalty_cP,30,10,10000,0.1,0.4,0.997,100,478.159873,428.125667,43.344968,0.0,6.689238,4,0.16,1.0,0.0,0.0,0.836155,0.5,True,25.743539,False,
RDL-n25-02,delay_penalty_cP,50,10,10000,0.1,0.4,0.997,100,490.991966,456.210414,29.561732,0.0,5.21982,2,0.08,1.0,0.0,0.0,1.304955,0.25,True,25.526878,False,
RDL-n25-02,drone_cost_cD,0.4,1,10000,0.1,0.4,0.997,100,450.723304,406.983202,30.750245,0.092413,12.897443,8,0.32,0.92,0.066297,1.648192,0.80609,1.0,True,25.612393,False,
RDL-n25-02,drone_cost_cD,0.8,1,10000,0.1,0.4,0.997,100,466.164919,403.643076,46.754336,7.164374,8.603133,6,0.24,0.84,0.028657,0.320578,0.716928,0.75,True,25.165079,False,
RDL-n25-02,drone_cost_cD,1.0,1,10000,0.1,0.4,0.997,100,489.036215,440.734914,36.45335,4.53118,7.31677,3,0.12,0.92,0.018125,0.320578,1.219462,0.375,True,25.896536,False,
RDL-n25-02,drone_cost_cD,2.0,1,10000,0.1,0.4,0.997,100,514.068862,449.725578,59.123464,0.0,5.21982,2,0.08,1.0,0.0,0.0,1.304955,0.25,True,24.959009,False,
RDL-n25-02,drone_cost_cD,3.0,1,10000,0.1,0.4,0.997,100,509.525777,504.994597,0.0,4.53118,0.0,0,0.0,0.92,0.018125,0.320578,0.0,0.0,True,25.052939,False,
RDL-n25-02,drone_cost_cD,4.0,1,10000,0.1,0.4,0.997,100,509.525777,504.994597,0.0,4.53118,0.0,0,0.0,0.92,0.018125,0.320578,0.0,0.0,True,24.744764,False,
RDL-n25-02,drone_cost_cD,0.4,2,10000,0.1,0.4,0.997,100,442.8497,403.705025,23.377168,7.164374,8.603133,6,0.24,0.84,0.028657,0.320578,0.716928,0.75,True,26.004895,False,
RDL-n25-02,drone_cost_cD,0.8,2,10000,0.1,0.4,0.997,100,486.355086,444.989874,34.675975,0.0,6.689238,4,0.16,1.0,0.0,0.0,0.836155,0.5,True,25.674787,False,
RDL-n25-02,drone_cost_cD,1.0,2,10000,0.1,0.4,0.997,100,478.159873,428.125667,43.344968,0.0,6.689238,4,0.16,1.0,0.0,0.0,0.836155,0.5,True,26.169744,False,
RDL-n25-02,drone_cost_cD,2.0,2,10000,0.1,0.4,0.997,100,520.553698,456.210414,59.123464,0.0,5.21982,2,0.08,1.0,0.0,0.0,1.304955,0.25,True,25.347714,False,
RDL-n25-02,drone_cost_cD,3.0,2,10000,0.1,0.4,0.997,100,509.525777,504.994597,0.0,4.53118,0.0,0,0.0,0.92,0.018125,0.320578,0.0,0.0,True,24.987689,False,
RDL-n25-02,drone_cost_cD,4.0,2,10000,0.1,0.4,0.997,100,509.525777,504.994597,0.0,4.53118,0.0,0,0.0,0.92,0.018125,0.320578,0.0,0.0,True,25.829923,False,
RDL-n25-02,drone_cost_cD,0.4,3,10000,0.1,0.4,0.997,100,460.005658,414.226547,28.539872,4.53118,12.708059,8,0.32,0.92,0.018125,0.320578,0.794254,1.0,True,25.74556,False,
RDL-n25-02,drone_cost_cD,0.8,3,10000,0.1,0.4,0.997,100,464.019362,416.876517,35.026565,4.53118,7.585098,4,0.16,0.92,0.018125,0.320578,0.948137,0.5,True,26.3005,False,
RDL-n25-02,drone_cost_cD,1.0,3,10000,0.1,0.4,0.997,100,489.036215,440.734914,36.45335,4.53118,7.31677,3,0.12,0.92,0.018125,0.320578,1.219462,0.375,True,25.793819,False,
RDL-n25-02,drone_cost_cD,2.0,3,10000,0.1,0.4,0.997,100,509.525777,504.994597,0.0,4.53118,0.0,0,0.0,0.92,0.018125,0.320578,0.0,0.0,True,25.481796,False,
RDL-n25-02,drone_cost_cD,3.0,3,10000,0.1,0.4,0.997,100,509.525777,504.994597,0.0,4.53118,0.0,0,0.0,0.92,0.018125,0.320578,0.0,0.0,True,25.043703,False,
RDL-n25-02,drone_cost_cD,4.0,3,10000,0.1,0.4,0.997,100,509.525777,504.994597,0.0,4.53118,0.0,0,0.0,0.92,0.018125,0.320578,0.0,0.0,True,25.306438,False,
RDL-n25-02,drone_cost_cD,0.4,4,10000,0.1,0.4,0.997,100,441.740596,395.613209,28.890463,7.164374,10.072551,8,0.32,0.84,0.028657,0.320578,0.629534,1.0,True,26.159511,False,
RDL-n25-02,drone_cost_cD,0.8,4,10000,0.1,0.4,0.997,100,466.163073,403.64123,46.754336,7.164374,8.603133,6,0.24,0.84,0.028657,0.320578,0.716928,0.75,True,25.426564,False,
RDL-n25-02,drone_cost_cD,1.0,4,10000,0.1,0.4,0.997,100,478.307189,428.272982,43.344968,0.0,6.689238,4,0.16,1.0,0.0,0.0,0.836155,0.5,True,25.902864,False,
RDL-n25-02,drone_cost_cD,2.0,4,10000,0.1,0.4,0.997,100,497.800508,493.269328,0.0,4.53118,0.0,0,0.0,0.92,0.018125,0.320578,0.0,0.0,True,25.233624,False,
RDL-n25-02,drone_cost_cD,3.0,4,10000,0.1,0.4,0.997,100,488.086334,485.719822,0.0,2.366512,0.0,0,0.0,0.96,0.009466,0.236651,0.0,0.0,True,25.614106,False,
RDL-n25-02,drone_cost_cD,4.0,4,10000,0.1,0.4,0.997,100,509.525777,504.994597,0.0,4.53118,0.0,0,0.0,0.92,0.018125,0.320578,0.0,0.0,True,25.418872,False,
RDL-n25-02,drone_cost_cD,0.4,5,10000,0.1,0.4,0.997,100,438.530774,393.17152,28.539872,4.53118,12.288201,8,0.32,0.92,0.018125,0.320578,0.768013,1.0,True,25.52141,False,
RDL-n25-02,drone_cost_cD,0.8,5,10000,0.1,0.4,0.997,100,470.345192,428.97998,34.675975,0.0,6.689238,4,0.16,1.0,0.0,0.0,0.836155,0.5,True,25.941513,False,
RDL-n25-02,drone_cost_cD,1.0,5,10000,0.1,0.4,0.997,100,475.963613,424.595307,43.783207,0.0,7.585098,4,0.16,1.0,0.0,0.0,0.948137,0.5,True,25.772691,False,
RDL-n25-02,drone_cost_cD,2.0,5,10000,0.1,0.4,0.997,100,520.553698,456.210414,59.123464,0.0,5.21982,2,0.08,1.0,0.0,0.0,1.304955,0.25,True,24.870804,False,
RDL-n25-02,drone_cost_cD,3.0,5,10000,0.1,0.4,0.997,100,509.525777,504.994597,0.0,4.53118,0.0,0,0.0,0.92,0.018125,0.320578,0.0,0.0,True,25.026865,False,
RDL-n25-02,drone_cost_cD,4.0,5,10000,0.1,0.4,0.997,100,494.437389,494.437389,0.0,0.0,0.0,0,0.0,1.0,0.0,0.0,0.0,0.0,True,25.625178,False,
RDL-n25-02,drone_cost_cD,0.4,6,10000,0.1,0.4,0.997,100,450.837929,407.28695,31.100836,2.633193,9.81695,8,0.32,0.92,0.010533,0.23166,0.613559,1.0,True,25.903556,False,
RDL-n25-02,drone_cost_cD,0.8,6,10000,0.1,0.4,0.997,100,466.164919,403.643076,46.754336,7.164374,8.603133,6,0.24,0.84,0.028657,0.320578,0.716928,0.75,True,24.71096,False,
RDL-n25-02,drone_cost_cD,1.0,6,10000,0.1,0.4,0.997,100,477.81652,410.770466,58.44292,0.0,8.603133,6,0.24,1.0,0.0,0.0,0.716928,0.75,True,25.726446,False,
RDL-n25-02,drone_cost_cD,2.0,6,10000,0.1,0.4,0.997,100,509.525777,504.994597,0.0,4.53118,0.0,0,0.0,0.92,0.018125,0.320578,0.0,0.0,True,24.801229,False,
RDL-n25-02,drone_cost_cD,3.0,6,10000,0.1,0.4,0.997,100,509.525777,504.994597,0.0,4.53118,0.0,0,0.0,0.92,0.018125,0.320578,0.0,0.0,True,24.830098,False,
RDL-n25-02,drone_cost_cD,4.0,6,10000,0.1,0.4,0.997,100,509.525777,504.994597,0.0,4.53118,0.0,0,0.0,0.92,0.018125,0.320578,0.0,0.0,True,24.98276,False,
RDL-n25-02,drone_cost_cD,0.4,7,10000,0.1,0.4,0.997,100,438.530774,393.17152,28.539872,4.53118,12.288201,8,0.32,0.92,0.018125,0.320578,0.768013,1.0,True,25.339855,False,
RDL-n25-02,drone_cost_cD,0.8,7,10000,0.1,0.4,0.997,100,466.919058,424.307395,35.026565,0.0,7.585098,4,0.16,1.0,0.0,0.0,0.948137,0.5,True,25.014903,False,
RDL-n25-02,drone_cost_cD,1.0,7,10000,0.1,0.4,0.997,100,478.852824,404.642397,58.44292,7.164374,8.603133,6,0.24,0.84,0.028657,0.320578,0.716928,0.75,True,25.619867,False,
RDL-n25-02,drone_cost_cD,2.0,7,10000,0.1,0.4,0.997,100,508.987874,417.941464,72.9067,10.822939,7.31677,3,0.12,0.88,0.043292,0.629176,1.219462,0.375,True,24.448911,False,
RDL-n25-02,drone_cost_cD,3.0,7,10000,0.1,0.4,0.997,100,497.727631,493.196451,0.0,4.53118,0.0,0,0.0,0.92,0.018125,0.320578,0.0,0.0,True,24.545957,False,
RDL-n25-02,drone_cost_cD,4.0,7,10000,0.1,0.4,0.997,100,492.797243,492.797243,0.0,0.0,0.0,0,0.0,1.0,0.0,0.0,0.0,0.0,True,24.640451,False,
RDL-n25-02,drone_cost_cD,0.4,8,10000,0.1,0.4,0.997,100,438.405029,393.045776,28.539872,4.53118,12.288201,8,0.32,0.92,0.018125,0.320578,0.768013,1.0,True,25.230135,False,
RDL-n25-02,drone_cost_cD,0.8,8,10000,0.1,0.4,0.997,100,464.410853,417.268009,35.026565,4.53118,7.585098,4,0.16,0.92,0.018125,0.320578,0.948137,0.5,True,25.52678,False,
RDL-n25-02,drone_cost_cD,1.0,8,10000,0.1,0.4,0.997,100,478.159873,428.125667,43.344968,0.0,6.689238,4,0.16,1.0,0.0,0.0,0.836155,0.5,True,25.629555,False,
RDL-n25-02,drone_cost_cD,2.0,8,10000,0.1,0.4,0.997,100,510.432514,443.722718,59.123464,2.366512,5.21982,2,0.08,0.96,0.009466,0.236651,1.304955,0.25,True,24.81246,False,
RDL-n25-02,drone_cost_cD,3.0,8,10000,0.1,0.4,0.997,100,509.525777,504.994597,0.0,4.53118,0.0,0,0.0,0.92,0.018125,0.320578,0.0,0.0,True,24.781736,False,
RDL-n25-02,drone_cost_cD,4.0,8,10000,0.1,0.4,0.997,100,509.525777,504.994597,0.0,4.53118,0.0,0,0.0,0.92,0.018125,0.320578,0.0,0.0,True,25.128086,False,
RDL-n25-02,drone_cost_cD,0.4,9,10000,0.1,0.4,0.997,100,441.917828,395.790441,28.890463,7.164374,10.072551,8,0.32,0.84,0.028657,0.320578,0.629534,1.0,True,24.85193,False,
RDL-n25-02,drone_cost_cD,0.8,9,10000,0.1,0.4,0.997,100,485.07962,456.210414,23.649386,0.0,5.21982,2,0.08,1.0,0.0,0.0,1.304955,0.25,True,25.669271,False,
RDL-n25-02,drone_cost_cD,1.0,9,10000,0.1,0.4,0.997,100,478.025982,410.887516,58.44292,0.092413,8.603133,6,0.24,0.96,0.00037,0.009241,0.716928,0.75,True,25.516523,False,
RDL-n25-02,drone_cost_cD,2.0,9,10000,0.1,0.4,0.997,100,509.525777,504.994597,0.0,4.53118,0.0,0,0.0,0.92,0.018125,0.320578,0.0,0.0,True,23.721312,False,
RDL-n25-02,drone_cost_cD,3.0,9,10000,0.1,0.4,0.997,100,509.525777,504.994597,0.0,4.53118,0.0,0,0.0,0.92,0.018125,0.320578,0.0,0.0,True,24.850691,False,
RDL-n25-02,drone_cost_cD,4.0,9,10000,0.1,0.4,0.997,100,509.525777,504.994597,0.0,4.53118,0.0,0,0.0,0.92,0.018125,0.320578,0.0,0.0,True,24.81121,False,
RDL-n25-02,drone_cost_cD,0.4,10,10000,0.1,0.4,0.997,100,446.572888,405.744815,28.539872,0.0,12.288201,8,0.32,1.0,0.0,0.0,0.768013,1.0,True,25.550668,False,
RDL-n25-02,drone_cost_cD,0.8,10,10000,0.1,0.4,0.997,100,466.127936,410.770466,46.754336,0.0,8.603133,6,0.24,1.0,0.0,0.0,0.716928,0.75,True,26.143045,False,
RDL-n25-02,drone_cost_cD,1.0,10,10000,0.1,0.4,0.997,100,489.343293,441.041992,36.45335,4.53118,7.31677,3,0.12,0.92,0.018125,0.320578,1.219462,0.375,True,25.481076,False,
RDL-n25-02,drone_cost_cD,2.0,10,10000,0.1,0.4,0.997,100,520.553698,456.210414,59.123464,0.0,5.21982,2,0.08,1.0,0.0,0.0,1.304955,0.25,True,25.408483,False,
RDL-n25-02,drone_cost_cD,3.0,10,10000,0.1,0.4,0.997,100,509.525777,504.994597,0.0,4.53118,0.0,0,0.0,0.92,0.018125,0.320578,0.0,0.0,True,25.635557,False,
RDL-n25-02,drone_cost_cD,4.0,10,10000,0.1,0.4,0.997,100,509.525777,504.994597,0.0,4.53118,0.0,0,0.0,0.92,0.018125,0.320578,0.0,0.0,True,24.941053,False,
RDL-n25-03,number_of_drones,0,1,10000,0.1,0.4,0.997,100,436.098181,436.098181,0.0,0.0,0.0,0,0.0,1.0,0.0,0.0,0.0,0.0,True,16.307476,False,
RDL-n25-03,number_of_drones,2,1,10000,0.1,0.4,0.997,100,434.710239,434.710239,0.0,0.0,0.0,0,0.0,1.0,0.0,0.0,0.0,0.0,True,17.882799,True,436.0981806477862
RDL-n25-03,number_of_drones,4,1,10000,0.1,0.4,0.997,100,434.710239,434.710239,0.0,0.0,0.0,0,0.0,1.0,0.0,0.0,0.0,0.0,True,18.055192,True,434.71023940499623
RDL-n25-03,number_of_drones,6,1,10000,0.1,0.4,0.997,100,434.13694,429.603045,2.285607,0.0,2.248288,1,0.04,1.0,0.0,0.0,1.124144,0.166667,True,18.770716,True,434.71023940499623
RDL-n25-03,number_of_drones,8,1,10000,0.1,0.4,0.997,100,433.428741,428.894846,2.285607,0.0,2.248288,1,0.04,1.0,0.0,0.0,1.124144,0.125,True,18.864574,True,434.1369401147154
RDL-n25-03,number_of_drones,10,1,10000,0.1,0.4,0.997,100,433.428741,428.894846,2.285607,0.0,2.248288,1,0.04,1.0,0.0,0.0,1.124144,0.1,True,18.43876,True,433.4287413982101
RDL-n25-03,number_of_drones,12,1,10000,0.1,0.4,0.997,100,433.428741,428.894846,2.285607,0.0,2.248288,1,0.04,1.0,0.0,0.0,1.124144,0.083333,True,18.815546,True,433.4287413982101
RDL-n25-03,number_of_drones,0,2,10000,0.1,0.4,0.997,100,441.080805,441.080805,0.0,0.0,0.0,0,0.0,1.0,0.0,0.0,0.0,0.0,True,16.149459,False,
RDL-n25-03,number_of_drones,2,2,10000,0.1,0.4,0.997,100,435.566096,415.363504,18.97687,0.0,1.225722,2,0.08,1.0,0.0,0.0,0.30643,1.0,True,17.368249,True,441.08080513153857
RDL-n25-03,number_of_drones,4,2,10000,0.1,0.4,0.997,100,435.566096,415.363504,18.97687,0.0,1.225722,2,0.08,1.0,0.0,0.0,0.30643,0.5,True,18.716139,True,435.5660961589189
RDL-n25-03,number_of_drones,6,2,10000,0.1,0.4,0.997,100,435.566096,415.363504,18.97687,0.0,1.225722,2,0.08,1.0,0.0,0.0,0.30643,0.333333,True,19.430035,True,435.5660961589189
RDL-n25-03,number_of_drones,8,2,10000,0.1,0.4,0.997,100,435.566096,415.363504,18.97687,0.0,1.225722,2,0.08,1.0,0.0,0.0,0.30643,0.25,True,18.959556,True,435.5660961589189
RDL-n25-03,number_of_drones,10,2,10000,0.1,0.4,0.997,100,435.566096,415.363504,18.97687,0.0,1.225722,2,0.08,1.0,0.0,0.0,0.30643,0.2,True,18.969922,True,435.5660961589189
RDL-n25-03,number_of_drones,12,2,10000,0.1,0.4,0.997,100,435.566096,415.363504,18.97687,0.0,1.225722,2,0.08,1.0,0.0,0.0,0.30643,0.166667,True,18.613685,True,435.5660961589189
RDL-n25-03,number_of_drones,0,3,10000,0.1,0.4,0.997,100,433.588614,433.588614,0.0,0.0,0.0,0,0.0,1.0,0.0,0.0,0.0,0.0,True,15.648837,False,
RDL-n25-03,number_of_drones,2,3,10000,0.1,0.4,0.997,100,433.588614,433.588614,0.0,0.0,0.0,0,0.0,1.0,0.0,0.0,0.0,0.0,True,17.478733,True,433.5886143191893
RDL-n25-03,number_of_drones,4,3,10000,0.1,0.4,0.997,100,433.588614,433.588614,0.0,0.0,0.0,0,0.0,1.0,0.0,0.0,0.0,0.0,True,17.739828,True,433.5886143191893
RDL-n25-03,number_of_drones,6,3,10000,0.1,0.4,0.997,100,433.588614,433.588614,0.0,0.0,0.0,0,0.0,1.0,0.0,0.0,0.0,0.0,True,17.983498,True,433.5886143191893
RDL-n25-03,number_of_drones,8,3,10000,0.1,0.4,0.997,100,433.588614,433.588614,0.0,0.0,0.0,0,0.0,1.0,0.0,0.0,0.0,0.0,True,18.201479,True,433.5886143191893
RDL-n25-03,number_of_drones,10,3,10000,0.1,0.4,0.997,100,433.588614,433.588614,0.0,0.0,0.0,0,0.0,1.0,0.0,0.0,0.0,0.0,True,17.967818,True,433.5886143191893
RDL-n25-03,number_of_drones,12,3,10000,0.1,0.4,0.997,100,430.917159,405.621423,21.262477,0.559249,3.47401,3,0.12,0.96,0.002237,0.055925,0.579002,0.25,True,17.840085,True,433.5886143191893
RDL-n25-03,number_of_drones,0,4,10000,0.1,0.4,0.997,100,441.89991,441.89991,0.0,0.0,0.0,0,0.0,1.0,0.0,0.0,0.0,0.0,True,15.432787,False,
RDL-n25-03,number_of_drones,2,4,10000,0.1,0.4,0.997,100,441.89991,441.89991,0.0,0.0,0.0,0,0.0,1.0,0.0,0.0,0.0,0.0,True,17.318702,True,441.89991046802857
RDL-n25-03,number_of_drones,4,4,10000,0.1,0.4,0.997,100,435.22523,430.691334,2.285607,0.0,2.248288,1,0.04,1.0,0.0,0.0,1.124144,0.25,True,17.980342,True,441.89991046802857
RDL-n25-03,number_of_drones,6,4,10000,0.1,0.4,0.997,100,434.550366,430.016471,2.285607,0.0,2.248288,1,0.04,1.0,0.0,0.0,1.124144,0.166667,True,18.169769,True,435.2252298213586
RDL-n25-03,number_of_drones,8,4,10000,0.1,0.4,0.997,100,434.550366,430.016471,2.285607,0.0,2.248288,1,0.04,1.0,0.0,0.0,1.124144,0.125,True,17.656249,True,434.55036648401693
RDL-n25-03,number_of_drones,10,4,10000,0.1,0.4,0.997,100,434.550366,430.016471,2.285607,0.0,2.248288,1,0.04,1.0,0.0,0.0,1.124144,0.1,True,17.74467,True,434.55036648401693
RDL-n25-03,number_of_drones,12,4,10000,0.1,0.4,0.997,100,434.550366,430.016471,2.285607,0.0,2.248288,1,0.04,1.0,0.0,0.0,1.124144,0.083333,True,17.766811,True,434.55036648401693
RDL-n25-03,number_of_drones,0,5,10000,0.1,0.4,0.997,100,440.717151,440.717151,0.0,0.0,0.0,0,0.0,1.0,0.0,0.0,0.0,0.0,True,15.353274,False,
RDL-n25-03,number_of_drones,2,5,10000,0.1,0.4,0.997,100,435.938308,431.404412,2.285607,0.0,2.248288,1,0.04,1.0,0.0,0.0,1.124144,0.5,True,16.89056,True,440.7171510112079
RDL-n25-03,number_of_drones,4,5,10000,0.1,0.4,0.997,100,435.938308,431.404412,2.285607,0.0,2.248288,1,0.04,1.0,0.0,0.0,1.124144,0.25,True,17.305324,True,435.93830772680695
RDL-n25-03,number_of_drones,6,5,10000,0.1,0.4,0.997,100,434.550366,430.016471,2.285607,0.0,2.248288,1,0.04,1.0,0.0,0.0,1.124144,0.166667,True,17.664878,True,435.93830772680695
RDL-n25-03,number_of_drones,8,5,10000,0.1,0.4,0.997,100,434.550366,430.016471,2.285607,0.0,2.248288,1,0.04,1.0,0.0,0.0,1.124144,0.125,True,17.999347,True,434.55036648401705
RDL-n25-03,number_of_drones,10,5,10000,0.1,0.4,0.997,100,434.550366,430.016471,2.285607,0.0,2.248288,1,0.04,1.0,0.0,0.0,1.124144,0.1,True,18.061068,True,434.55036648401705
RDL-n25-03,number_of_drones,12,5,10000,0.1,0.4,0.997,100,434.550366,430.016471,2.285607,0.0,2.248288,1,0.04,1.0,0.0,0.0,1.124144,0.083333,True,17.979117,True,434.55036648401705
RDL-n25-03,number_of_drones,0,6,10000,0.1,0.4,0.997,100,441.89991,441.89991,0.0,0.0,0.0,0,0.0,1.0,0.0,0.0,0.0,0.0,True,15.304712,False,
RDL-n25-03,number_of_drones,2,6,10000,0.1,0.4,0.997,100,441.89991,441.89991,0.0,0.0,0.0,0,0.0,1.0,0.0,0.0,0.0,0.0,True,16.92598,True,441.89991046802845
RDL-n25-03,number_of_drones,4,6,10000,0.1,0.4,0.997,100,436.379128,416.176536,18.97687,0.0,1.225722,2,0.08,1.0,0.0,0.0,0.30643,0.5,True,17.850143,True,441.89991046802845
RDL-n25-03,number_of_drones,6,6,10000,0.1,0.4,0.997,100,435.566096,415.363504,18.97687,0.0,1.225722,2,0.08,1.0,0.0,0.0,0.30643,0.333333,True,17.984256,True,436.37912762290165
RDL-n25-03,number_of_drones,8,6,10000,0.1,0.4,0.997,100,435.566096,415.363504,18.97687,0.0,1.225722,2,0.08,1.0,0.0,0.0,0.30643,0.25,True,17.741883,True,435.56609615891887
RDL-n25-03,number_of_drones,10,6,10000,0.1,0.4,0.997,100,435.566096,415.363504,18.97687,0.0,1.225722,2,0.08,1.0,0.0,0.0,0.30643,0.2,True,17.883564,True,435.56609615891887
RDL-n25-03,number_of_drones,12,6,10000,0.1,0.4,0.997,100,434.823444,409.527708,21.262477,0.559249,3.47401,3,0.12,0.96,0.002237,0.055925,0.579002,0.25,True,17.97062,True,435.56609615891887
RDL-n25-03,number_of_drones,0,7,10000,0.1,0.4,0.997,100,440.154102,440.154102,0.0,0.0,0.0,0,0.0,1.0,0.0,0.0,0.0,0.0,True,15.900723,False,
RDL-n25-03,number_of_drones,2,7,10000,0.1,0.4,0.997,100,440.154102,440.154102,0.0,0.0,0.0,0,0.0,1.0,0.0,0.0,0.0,0.0,True,17.812382,True,440.1541020290637
RDL-n25-03,number_of_drones,4,7,10000,0.1,0.4,0.997,100,440.154102,440.154102,0.0,0.0,0.0,0,0.0,1.0,0.0,0.0,0.0,0.0,True,18.399326,True,440.1541020290637
RDL-n25-03,number_of_drones,6,7,10000,0.1,0.4,0.997,100,440.154102,440.154102,0.0,0.0,0.0,0,0.0,1.0,0.0,0.0,0.0,0.0,True,18.570106,True,440.1541020290637
RDL-n25-03,number_of_drones,8,7,10000,0.1,0.4,0.997,100,436.531033,416.328441,18.97687,0.0,1.225722,2,0.08,1.0,0.0,0.0,0.30643,0.25,True,18.81778,True,440.1541020290637
RDL-n25-03,number_of_drones,10,7,10000,0.1,0.4,0.997,100,435.566096,415.363504,18.97687,0.0,1.225722,2,0.08,1.0,0.0,0.0,0.30643,0.2,True,19.252843,True,436.5310328122838
RDL-n25-03,number_of_drones,12,7,10000,0.1,0.4,0.997,100,435.566096,415.363504,18.97687,0.0,1.225722,2,0.08,1.0,0.0,0.0,0.30643,0.166667,True,18.512503,True,435.56609615891875
RDL-n25-03,number_of_drones,0,8,10000,0.1,0.4,0.997,100,440.637789,440.637789,0.0,0.0,0.0,0,0.0,1.0,0.0,0.0,0.0,0.0,True,15.893795,False,
RDL-n25-03,number_of_drones,2,8,10000,0.1,0.4,0.997,100,435.566096,415.363504,18.97687,0.0,1.225722,2,0.08,1.0,0.0,0.0,0.30643,1.0,True,17.398557,True,440.6377891452358
RDL-n25-03,number_of_drones,4,8,10000,0.1,0.4,0.997,100,435.566096,415.363504,18.97687,0.0,1.225722,2,0.08,1.0,0.0,0.0,0.30643,0.5,True,18.485103,True,435.5660961589188
RDL-n25-03,number_of_drones,6,8,10000,0.1,0.4,0.997,100,435.566096,415.363504,18.97687,0.0,1.225722,2,0.08,1.0,0.0,0.0,0.30643,0.333333,True,18.353437,True,435.5660961589188
RDL-n25-03,number_of_drones,8,8,10000,0.1,0.4,0.997,100,435.566096,415.363504,18.97687,0.0,1.225722,2,0.08,1.0,0.0,0.0,0.30643,0.25,True,18.483429,True,435.5660961589188
RDL-n25-03,number_of_drones,10,8,10000,0.1,0.4,0.997,100,435.566096,415.363504,18.97687,0.0,1.225722,2,0.08,1.0,0.0,0.0,0.30643,0.2,True,17.359277,True,435.5660961589188
RDL-n25-03,number_of_drones,12,8,10000,0.1,0.4,0.997,100,435.566096,415.363504,18.97687,0.0,1.225722,2,0.08,1.0,0.0,0.0,0.30643,0.166667,True,16.690166,True,435.5660961589188
RDL-n25-03,number_of_drones,0,9,10000,0.1,0.4,0.997,100,440.645935,440.645935,0.0,0.0,0.0,0,0.0,1.0,0.0,0.0,0.0,0.0,True,16.539361,False,
RDL-n25-03,number_of_drones,2,9,10000,0.1,0.4,0.997,100,434.710239,434.710239,0.0,0.0,0.0,0,0.0,1.0,0.0,0.0,0.0,0.0,True,17.950048,True,440.64593454149235
RDL-n25-03,number_of_drones,4,9,10000,0.1,0.4,0.997,100,434.710239,434.710239,0.0,0.0,0.0,0,0.0,1.0,0.0,0.0,0.0,0.0,True,19.113771,True,434.7102394049963
RDL-n25-03,number_of_drones,6,9,10000,0.1,0.4,0.997,100,434.710239,434.710239,0.0,0.0,0.0,0,0.0,1.0,0.0,0.0,0.0,0.0,True,18.206797,True,434.7102394049963
RDL-n25-03,number_of_drones,8,9,10000,0.1,0.4,0.997,100,434.710239,434.710239,0.0,0.0,0.0,0,0.0,1.0,0.0,0.0,0.0,0.0,True,18.825674,True,434.7102394049963
RDL-n25-03,number_of_drones,10,9,10000,0.1,0.4,0.997,100,434.710239,434.710239,0.0,0.0,0.0,0,0.0,1.0,0.0,0.0,0.0,0.0,True,19.061571,True,434.7102394049963
RDL-n25-03,number_of_drones,12,9,10000,0.1,0.4,0.997,100,434.710239,434.710239,0.0,0.0,0.0,0,0.0,1.0,0.0,0.0,0.0,0.0,True,19.189256,True,434.7102394049963
RDL-n25-03,number_of_drones,0,10,10000,0.1,0.4,0.997,100,440.264371,440.264371,0.0,0.0,0.0,0,0.0,1.0,0.0,0.0,0.0,0.0,True,16.663455,False,
RDL-n25-03,number_of_drones,2,10,10000,0.1,0.4,0.997,100,435.766858,415.564267,18.97687,0.0,1.225722,2,0.08,1.0,0.0,0.0,0.30643,1.0,True,17.799866,True,440.2643710906821
RDL-n25-03,number_of_drones,4,10,10000,0.1,0.4,0.997,100,435.566096,415.363504,18.97687,0.0,1.225722,2,0.08,1.0,0.0,0.0,0.30643,0.5,True,19.01536,True,435.76685847910943
RDL-n25-03,number_of_drones,6,10,10000,0.1,0.4,0.997,100,435.566096,415.363504,18.97687,0.0,1.225722,2,0.08,1.0,0.0,0.0,0.30643,0.333333,True,19.475258,True,435.56609615891887
RDL-n25-03,number_of_drones,8,10,10000,0.1,0.4,0.997,100,435.566096,415.363504,18.97687,0.0,1.225722,2,0.08,1.0,0.0,0.0,0.30643,0.25,True,18.989564,True,435.56609615891887
RDL-n25-03,number_of_drones,10,10,10000,0.1,0.4,0.997,100,435.566096,415.363504,18.97687,0.0,1.225722,2,0.08,1.0,0.0,0.0,0.30643,0.2,True,19.339688,True,435.56609615891887
RDL-n25-03,number_of_drones,12,10,10000,0.1,0.4,0.997,100,435.566096,415.363504,18.97687,0.0,1.225722,2,0.08,1.0,0.0,0.0,0.30643,0.166667,True,18.433242,True,435.56609615891887
RDL-n25-03,drone_range,8,1,10000,0.1,0.4,0.997,100,436.115321,431.581426,2.285607,0.0,2.248288,1,0.04,1.0,0.0,0.0,1.124144,0.125,True,20.4884,False,
RDL-n25-03,drone_range,12,1,10000,0.1,0.4,0.997,100,434.13694,429.603045,2.285607,0.0,2.248288,1,0.04,1.0,0.0,0.0,1.124144,0.125,True,18.539091,True,436.1153210406452
RDL-n25-03,drone_range,16,1,10000,0.1,0.4,0.997,100,434.13694,429.603045,2.285607,0.0,2.248288,1,0.04,1.0,0.0,0.0,1.124144,0.125,True,18.224222,True,434.1369401147155
RDL-n25-03,drone_range,20,1,10000,0.1,0.4,0.997,100,434.10379,429.569894,2.285607,0.0,2.248288,1,0.04,1.0,0.0,0.0,1.124144,0.125,True,16.879484,True,434.1369401147155
RDL-n25-03,drone_range,24,1,10000,0.1,0.4,0.997,100,430.917159,405.621423,21.262477,0.559249,3.47401,3,0.12,0.96,0.002237,0.055925,0.579002,0.375,True,17.430019,True,434.10378975190025
RDL-n25-03,drone_range,30,1,10000,0.1,0.4,0.997,100,430.917159,405.621423,21.262477,0.559249,3.47401,3,0.12,0.96,0.002237,0.055925,0.579002,0.375,True,17.608163,True,430.9171588996615
RDL-n25-03,drone_range,8,2,10000,0.1,0.4,0.997,100,440.154102,440.154102,0.0,0.0,0.0,0,0.0,1.0,0.0,0.0,0.0,0.0,True,20.248049,False,
RDL-n25-03,drone_range,12,2,10000,0.1,0.4,0.997,100,436.531033,416.328441,18.97687,0.0,1.225722,2,0.08,1.0,0.0,0.0,0.30643,0.25,True,18.744988,True,440.1541020290638
RDL-n25-03,drone_range,16,2,10000,0.1,0.4,0.997,100,435.566096,415.363504,18.97687,0.0,1.225722,2,0.08,1.0,0.0,0.0,0.30643,0.25,True,17.546678,True,436.53103281228385
RDL-n25-03,drone_range,20,2,10000,0.1,0.4,0.997,100,435.566096,415.363504,18.97687,0.0,1.225722,2,0.08,1.0,0.0,0.0,0.30643,0.25,True,17.678955,True,435.5660961589188
RDL-n25-03,drone_range,24,2,10000,0.1,0.4,0.997,100,435.566096,415.363504,18.97687,0.0,1.225722,2,0.08,1.0,0.0,0.0,0.30643,0.25,True,17.276992,True,435.5660961589188
RDL-n25-03,drone_range,30,2,10000,0.1,0.4,0.997,100,435.566096,415.363504,18.97687,0.0,1.225722,2,0.08,1.0,0.0,0.0,0.30643,0.25,True,17.345906,True,435.5660961589188
RDL-n25-03,drone_range,8,3,10000,0.1,0.4,0.997,100,434.959971,430.426076,2.285607,0.0,2.248288,1,0.04,1.0,0.0,0.0,1.124144,0.125,True,19.181953,False,
RDL-n25-03,drone_range,12,3,10000,0.1,0.4,0.997,100,434.024962,429.491067,2.285607,0.0,2.248288,1,0.04,1.0,0.0,0.0,1.124144,0.125,True,18.086267,True,434.9599714602882
RDL-n25-03,drone_range,16,3,10000,0.1,0.4,0.997,100,433.613528,429.079632,2.285607,0.0,2.248288,1,0.04,1.0,0.0,0.0,1.124144,0.125,True,17.507842,True,434.0249622305714
RDL-n25-03,drone_range,20,3,10000,0.1,0.4,0.997,100,433.428741,428.894846,2.285607,0.0,2.248288,1,0.04,1.0,0.0,0.0,1.124144,0.125,True,17.044166,True,433.61352775879493
RDL-n25-03,drone_range,24,3,10000,0.1,0.4,0.997,100,433.428741,428.894846,2.285607,0.0,2.248288,1,0.04,1.0,0.0,0.0,1.124144,0.125,True,17.029133,True,433.42874139821004
RDL-n25-03,drone_range,30,3,10000,0.1,0.4,0.997,100,433.428741,428.894846,2.285607,0.0,2.248288,1,0.04,1.0,0.0,0.0,1.124144,0.125,True,16.691126,True,433.42874139821004
RDL-n25-03,drone_range,8,4,10000,0.1,0.4,0.997,100,440.733882,436.199986,2.285607,0.0,2.248288,1,0.04,1.0,0.0,0.0,1.124144,0.125,True,19.350639,False,
RDL-n25-03,drone_range,12,4,10000,0.1,0.4,0.997,100,436.531033,416.328441,18.97687,0.0,1.225722,2,0.08,1.0,0.0,0.0,0.30643,0.25,True,17.32931,True,440.7338815721415
RDL-n25-03,drone_range,16,4,10000,0.1,0.4,0.997,100,436.531033,416.328441,18.97687,0.0,1.225722,2,0.08,1.0,0.0,0.0,0.30643,0.25,True,17.629935,True,436.53103281228385
RDL-n25-03,drone_range,20,4,10000,0.1,0.4,0.997,100,435.566096,415.363504,18.97687,0.0,1.225722,2,0.08,1.0,0.0,0.0,0.30643,0.25,True,16.88879,True,436.53103281228385
RDL-n25-03,drone_range,24,4,10000,0.1,0.4,0.997,100,435.566096,415.363504,18.97687,0.0,1.225722,2,0.08,1.0,0.0,0.0,0.30643,0.25,True,17.277081,True,435.5660961589188
RDL-n25-03,drone_range,30,4,10000,0.1,0.4,0.997,100,435.566096,415.363504,18.97687,0.0,1.225722,2,0.08,1.0,0.0,0.0,0.30643,0.25,True,16.983268,True,435.5660961589188
RDL-n25-03,drone_range,8,5,10000,0.1,0.4,0.997,100,436.355975,431.822079,2.285607,0.0,2.248288,1,0.04,1.0,0.0,0.0,1.124144,0.125,True,19.526002,False,
RDL-n25-03,drone_range,12,5,10000,0.1,0.4,0.997,100,433.588614,433.588614,0.0,0.0,0.0,0,0.0,1.0,0.0,0.0,0.0,0.0,True,17.467793,True,436.35597479182917
RDL-n25-03,drone_range,16,5,10000,0.1,0.4,0.997,100,433.588614,433.588614,0.0,0.0,0.0,0,0.0,1.0,0.0,0.0,0.0,0.0,True,17.529455,True,433.58861431918933
RDL-n25-03,drone_range,20,5,10000,0.1,0.4,0.997,100,433.588614,433.588614,0.0,0.0,0.0,0,0.0,1.0,0.0,0.0,0.0,0.0,True,17.331955,True,433.58861431918933
RDL-n25-03,drone_range,24,5,10000,0.1,0.4,0.997,100,433.588614,433.588614,0.0,0.0,0.0,0,0.0,1.0,0.0,0.0,0.0,0.0,True,17.583479,True,433.58861431918933
RDL-n25-03,drone_range,30,5,10000,0.1,0.4,0.997,100,433.588614,433.588614,0.0,0.0,0.0,0,0.0,1.0,0.0,0.0,0.0,0.0,True,17.478657,True,433.58861431918933
RDL-n25-03,drone_range,8,6,10000,0.1,0.4,0.997,100,441.119039,441.119039,0.0,0.0,0.0,0,0.0,1.0,0.0,0.0,0.0,0.0,True,19.303474,False,
RDL-n25-03,drone_range,12,6,10000,0.1,0.4,0.997,100,435.679768,415.477176,18.97687,0.0,1.225722,2,0.08,1.0,0.0,0.0,0.30643,0.25,True,17.672614,True,441.1190386824288
RDL-n25-03,drone_range,16,6,10000,0.1,0.4,0.997,100,435.566096,415.363504,18.97687,0.0,1.225722,2,0.08,1.0,0.0,0.0,0.30643,0.25,True,17.622407,True,435.67976779741093
RDL-n25-03,drone_range,20,6,10000,0.1,0.4,0.997,100,435.566096,415.363504,18.97687,0.0,1.225722,2,0.08,1.0,0.0,0.0,0.30643,0.25,True,16.601246,True,435.5660961589189
RDL-n25-03,drone_range,24,6,10000,0.1,0.4,0.997,100,435.566096,415.363504,18.97687,0.0,1.225722,2,0.08,1.0,0.0,0.0,0.30643,0.25,True,16.656843,True,435.5660961589189
RDL-n25-03,drone_range,30,6,10000,0.1,0.4,0.997,100,435.566096,415.363504,18.97687,0.0,1.225722,2,0.08,1.0,0.0,0.0,0.30643,0.25,True,16.666349,True,435.5660961589189
RDL-n25-03,drone_range,8,7,10000,0.1,0.4,0.997,100,436.275194,436.275194,0.0,0.0,0.0,0,0.0,1.0,0.0,0.0,0.0,0.0,True,19.022655,False,
RDL-n25-03,drone_range,12,7,10000,0.1,0.4,0.997,100,436.275194,436.275194,0.0,0.0,0.0,0,0.0,1.0,0.0,0.0,0.0,0.0,True,18.641288,True,436.2751939616244
RDL-n25-03,drone_range,16,7,10000,0.1,0.4,0.997,100,436.275194,436.275194,0.0,0.0,0.0,0,0.0,1.0,0.0,0.0,0.0,0.0,True,18.142013,True,436.2751939616244
RDL-n25-03,drone_range,20,7,10000,0.1,0.4,0.997,100,436.275194,436.275194,0.0,0.0,0.0,0,0.0,1.0,0.0,0.0,0.0,0.0,True,17.376482,True,436.2751939616244
RDL-n25-03,drone_range,24,7,10000,0.1,0.4,0.997,100,436.275194,436.275194,0.0,0.0,0.0,0,0.0,1.0,0.0,0.0,0.0,0.0,True,17.540177,True,436.2751939616244
RDL-n25-03,drone_range,30,7,10000,0.1,0.4,0.997,100,436.275194,436.275194,0.0,0.0,0.0,0,0.0,1.0,0.0,0.0,0.0,0.0,True,17.119121,True,436.2751939616244
RDL-n25-03,drone_range,8,8,10000,0.1,0.4,0.997,100,434.550366,430.016471,2.285607,0.0,2.248288,1,0.04,1.0,0.0,0.0,1.124144,0.125,True,19.136696,False,
RDL-n25-03,drone_range,12,8,10000,0.1,0.4,0.997,100,430.917159,405.621423,21.262477,0.559249,3.47401,3,0.12,0.96,0.002237,0.055925,0.579002,0.375,True,17.697854,True,434.55036648401705
RDL-n25-03,drone_range,16,8,10000,0.1,0.4,0.997,100,430.917159,405.621423,21.262477,0.559249,3.47401,3,0.12,0.96,0.002237,0.055925,0.579002,0.375,True,17.110664,True,430.91715889966144
RDL-n25-03,drone_range,20,8,10000,0.1,0.4,0.997,100,430.917159,405.621423,21.262477,0.559249,3.47401,3,0.12,0.96,0.002237,0.055925,0.579002,0.375,True,16.955779,True,430.91715889966144
RDL-n25-03,drone_range,24,8,10000,0.1,0.4,0.997,100,430.917159,405.621423,21.262477,0.559249,3.47401,3,0.12,0.96,0.002237,0.055925,0.579002,0.375,True,16.897485,True,430.91715889966144
RDL-n25-03,drone_range,30,8,10000,0.1,0.4,0.997,100,430.917159,405.621423,21.262477,0.559249,3.47401,3,0.12,0.96,0.002237,0.055925,0.579002,0.375,True,16.950053,True,430.91715889966144
RDL-n25-03,drone_range,8,9,10000,0.1,0.4,0.997,100,445.076513,436.121407,4.571214,0.0,4.383891,2,0.08,1.0,0.0,0.0,1.095973,0.25,True,19.631205,False,
RDL-n25-03,drone_range,12,9,10000,0.1,0.4,0.997,100,434.594497,430.060601,2.285607,0.0,2.248288,1,0.04,1.0,0.0,0.0,1.124144,0.125,True,17.608759,True,445.0765127288083
RDL-n25-03,drone_range,16,9,10000,0.1,0.4,0.997,100,434.594312,430.060416,2.285607,0.0,2.248288,1,0.04,1.0,0.0,0.0,1.124144,0.125,True,17.98122,True,434.59449685785916
RDL-n25-03,drone_range,20,9,10000,0.1,0.4,0.997,100,433.428741,428.894846,2.285607,0.0,2.248288,1,0.04,1.0,0.0,0.0,1.124144,0.125,True,16.910808,True,434.5943118415108
RDL-n25-03,drone_range,24,9,10000,0.1,0.4,0.997,100,433.428741,428.894846,2.285607,0.0,2.248288,1,0.04,1.0,0.0,0.0,1.124144,0.125,True,16.633527,True,433.42874139821026
RDL-n25-03,drone_range,30,9,10000,0.1,0.4,0.997,100,433.428741,428.894846,2.285607,0.0,2.248288,1,0.04,1.0,0.0,0.0,1.124144,0.125,True,16.569323,True,433.42874139821026
RDL-n25-03,drone_range,8,10,10000,0.1,0.4,0.997,100,440.365125,435.83123,2.285607,0.0,2.248288,1,0.04,1.0,0.0,0.0,1.124144,0.125,True,18.966478,False,
RDL-n25-03,drone_range,12,10,10000,0.1,0.4,0.997,100,439.86203,430.906924,4.571214,0.0,4.383891,2,0.08,1.0,0.0,0.0,1.095973,0.25,True,17.643059,True,440.36512493533877
RDL-n25-03,drone_range,16,10,10000,0.1,0.4,0.997,100,435.772817,431.238922,2.285607,0.0,2.248288,1,0.04,1.0,0.0,0.0,1.124144,0.125,True,17.777097,True,439.8620299366011
RDL-n25-03,drone_range,20,10,10000,0.1,0.4,0.997,100,433.595865,433.595865,0.0,0.0,0.0,0,0.0,1.0,0.0,0.0,0.0,0.0,True,17.229014,True,435.77281715461913
RDL-n25-03,drone_range,24,10,10000,0.1,0.4,0.997,100,433.588614,433.588614,0.0,0.0,0.0,0,0.0,1.0,0.0,0.0,0.0,0.0,True,17.58817,True,433.5958648169459
RDL-n25-03,drone_range,30,10,10000,0.1,0.4,0.997,100,433.588614,433.588614,0.0,0.0,0.0,0,0.0,1.0,0.0,0.0,0.0,0.0,True,16.787722,True,433.5886143191895
RDL-n25-03,number_of_lockers,2,1,10000,0.1,0.4,0.997,100,436.098181,436.098181,0.0,0.0,0.0,0,0.0,0.96,0.089261,2.231524,0.0,0.0,True,14.652767,False,
RDL-n25-03,number_of_lockers,3,1,10000,0.1,0.4,0.997,100,436.098181,436.098181,0.0,0.0,0.0,0,0.0,0.96,0.089261,2.231524,0.0,0.0,True,16.32412,True,436.09818064778625
RDL-n25-03,number_of_lockers,4,1,10000,0.1,0.4,0.997,100,434.710239,434.710239,0.0,0.0,0.0,0,0.0,1.0,0.0,0.0,0.0,0.0,True,17.031645,True,436.09818064778625
RDL-n25-03,number_of_lockers,5,1,10000,0.1,0.4,0.997,100,434.710239,434.710239,0.0,0.0,0.0,0,0.0,1.0,0.0,0.0,0.0,0.0,True,16.888867,True,434.71023940499634
RDL-n25-03,number_of_lockers,6,1,10000,0.1,0.4,0.997,100,434.710239,434.710239,0.0,0.0,0.0,0,0.0,1.0,0.0,0.0,0.0,0.0,True,16.921199,True,434.71023940499634
RDL-n25-03,number_of_lockers,8,1,10000,0.1,0.4,0.997,100,434.710239,434.710239,0.0,0.0,0.0,0,0.0,1.0,0.0,0.0,0.0,0.0,True,16.983289,True,434.71023940499634
RDL-n25-03,number_of_lockers,10,1,10000,0.1,0.4,0.997,100,434.710239,434.710239,0.0,0.0,0.0,0,0.0,1.0,0.0,0.0,0.0,0.0,True,17.145083,True,434.71023940499634
RDL-n25-03,number_of_lockers,2,2,10000,0.1,0.4,0.997,100,441.89991,441.89991,0.0,0.0,0.0,0,0.0,1.0,0.0,0.0,0.0,0.0,True,14.817619,False,
RDL-n25-03,number_of_lockers,3,2,10000,0.1,0.4,0.997,100,441.89991,441.89991,0.0,0.0,0.0,0,0.0,1.0,0.0,0.0,0.0,0.0,True,15.676564,True,441.8999104680286
RDL-n25-03,number_of_lockers,4,2,10000,0.1,0.4,0.997,100,436.629325,432.09543,2.285607,0.0,2.248288,1,0.04,1.0,0.0,0.0,1.124144,0.125,True,16.986884,True,441.8999104680286
RDL-n25-03,number_of_lockers,5,2,10000,0.1,0.4,0.997,100,434.594312,430.060416,2.285607,0.0,2.248288,1,0.04,1.0,0.0,0.0,1.124144,0.125,True,17.030923,True,436.6293252935693
RDL-n25-03,number_of_lockers,6,2,10000,0.1,0.4,0.997,100,434.594312,430.060416,2.285607,0.0,2.248288,1,0.04,1.0,0.0,0.0,1.124144,0.125,True,16.897119,True,434.5943118415107
RDL-n25-03,number_of_lockers,8,2,10000,0.1,0.4,0.997,100,434.594312,430.060416,2.285607,0.0,2.248288,1,0.04,1.0,0.0,0.0,1.124144,0.125,True,16.972993,True,434.5943118415107
RDL-n25-03,number_of_lockers,10,2,10000,0.1,0.4,0.997,100,433.003832,428.894846,2.809453,0.0,1.299533,1,0.04,1.0,0.0,0.0,0.649766,0.125,True,16.609709,True,434.5943118415107
RDL-n25-03,number_of_lockers,2,3,10000,0.1,0.4,0.997,100,455.949963,438.492345,16.860961,0.0,0.596657,1,0.04,1.0,0.0,0.0,0.298329,0.125,True,14.30265,False,
RDL-n25-03,number_of_lockers,3,3,10000,0.1,0.4,0.997,100,437.97347,417.770879,18.97687,0.0,1.225722,2,0.08,1.0,0.0,0.0,0.30643,0.25,True,16.378972,True,455.9499630021312
RDL-n25-03,number_of_lockers,4,3,10000,0.1,0.4,0.997,100,436.531033,416.328441,18.97687,0.0,1.225722,2,0.08,1.0,0.0,0.0,0.30643,0.25,True,17.207495,True,437.973470422141
RDL-n25-03,number_of_lockers,5,3,10000,0.1,0.4,0.997,100,435.566096,415.363504,18.97687,0.0,1.225722,2,0.08,1.0,0.0,0.0,0.30643,0.25,True,17.419203,True,436.53103281228385
RDL-n25-03,number_of_lockers,6,3,10000,0.1,0.4,0.997,100,435.566096,415.363504,18.97687,0.0,1.225722,2,0.08,1.0,0.0,0.0,0.30643,0.25,True,17.052831,True,435.5660961589188
RDL-n25-03,number_of_lockers,8,3,10000,0.1,0.4,0.997,100,435.566096,415.363504,18.97687,0.0,1.225722,2,0.08,1.0,0.0,0.0,0.30643,0.25,True,16.932602,True,435.5660961589188
RDL-n25-03,number_of_lockers,10,3,10000,0.1,0.4,0.997,100,435.566096,415.363504,18.97687,0.0,1.225722,2,0.08,1.0,0.0,0.0,0.30643,0.25,True,17.184146,True,435.5660961589188
RDL-n25-03,number_of_lockers,2,4,10000,0.1,0.4,0.997,100,436.275194,436.275194,0.0,0.0,0.0,0,0.0,1.0,0.0,0.0,0.0,0.0,True,14.701632,False,
RDL-n25-03,number_of_lockers,3,4,10000,0.1,0.4,0.997,100,436.275194,436.275194,0.0,0.0,0.0,0,0.0,1.0,0.0,0.0,0.0,0.0,True,16.319678,True,436.27519396162427
RDL-n25-03,number_of_lockers,4,4,10000,0.1,0.4,0.997,100,433.773401,433.773401,0.0,0.0,0.0,0,0.0,1.0,0.0,0.0,0.0,0.0,True,16.892123,True,436.27519396162427
RDL-n25-03,number_of_lockers,5,4,10000,0.1,0.4,0.997,100,433.588614,433.588614,0.0,0.0,0.0,0,0.0,1.0,0.0,0.0,0.0,0.0,True,16.952006,True,433.7734006797742
RDL-n25-03,number_of_lockers,6,4,10000,0.1,0.4,0.997,100,433.588614,433.588614,0.0,0.0,0.0,0,0.0,1.0,0.0,0.0,0.0,0.0,True,17.079956,True,433.58861431918933
RDL-n25-03,number_of_lockers,8,4,10000,0.1,0.4,0.997,100,433.588614,433.588614,0.0,0.0,0.0,0,0.0,1.0,0.0,0.0,0.0,0.0,True,16.943549,True,433.58861431918933
RDL-n25-03,number_of_lockers,10,4,10000,0.1,0.4,0.997,100,433.588614,433.588614,0.0,0.0,0.0,0,0.0,1.0,0.0,0.0,0.0,0.0,True,17.078467,True,433.58861431918933
RDL-n25-03,number_of_lockers,2,5,10000,0.1,0.4,0.997,100,453.44848,452.676171,0.0,0.772309,0.0,0,0.0,0.96,0.003089,0.077231,0.0,0.0,True,15.102703,False,
RDL-n25-03,number_of_lockers,3,5,10000,0.1,0.4,0.997,100,440.11092,419.34908,18.97687,0.559249,1.225722,2,0.08,0.96,0.002237,0.055925,0.30643,0.25,True,16.046763,True,453.4484801974003
RDL-n25-03,number_of_lockers,4,5,10000,0.1,0.4,0.997,100,440.11092,419.34908,18.97687,0.559249,1.225722,2,0.08,0.96,0.002237,0.055925,0.30643,0.25,True,16.386981,True,440.11092024430815
RDL-n25-03,number_of_lockers,5,5,10000,0.1,0.4,0.997,100,440.11092,419.34908,18.97687,0.559249,1.225722,2,0.08,0.96,0.002237,0.055925,0.30643,0.25,True,16.281013,True,440.11092024430815
RDL-n25-03,number_of_lockers,6,5,10000,0.1,0.4,0.997,100,434.318505,409.022769,21.262477,0.559249,3.47401,3,0.12,0.96,0.002237,0.055925,0.579002,0.375,True,16.844604,True,440.11092024430815
RDL-n25-03,number_of_lockers,8,5,10000,0.1,0.4,0.997,100,434.117743,408.822007,21.262477,0.559249,3.47401,3,0.12,0.96,0.002237,0.055925,0.579002,0.375,True,17.008363,True,434.3185051152111
RDL-n25-03,number_of_lockers,10,5,10000,0.1,0.4,0.997,100,431.979534,407.108708,21.786323,0.559249,2.525255,3,0.12,0.96,0.002237,0.055925,0.420876,0.375,True,17.280106,True,434.1177427950205
RDL-n25-03,number_of_lockers,2,6,10000,0.1,0.4,0.997,100,456.802577,456.802577,0.0,0.0,0.0,0,0.0,1.0,0.0,0.0,0.0,0.0,True,14.659088,False,
RDL-n25-03,number_of_lockers,3,6,10000,0.1,0.4,0.997,100,443.330701,443.330701,0.0,0.0,0.0,0,0.0,1.0,0.0,0.0,0.0,0.0,True,15.898644,True,456.8025773904925
RDL-n25-03,number_of_lockers,4,6,10000,0.1,0.4,0.997,100,435.22523,430.691334,2.285607,0.0,2.248288,1,0.04,1.0,0.0,0.0,1.124144,0.125,True,16.13229,True,443.33070145936233
RDL-n25-03,number_of_lockers,5,6,10000,0.1,0.4,0.997,100,433.435992,428.902097,2.285607,0.0,2.248288,1,0.04,1.0,0.0,0.0,1.124144,0.125,True,16.705869,True,435.2252298213587
RDL-n25-03,number_of_lockers,6,6,10000,0.1,0.4,0.997,100,433.428741,428.894846,2.285607,0.0,2.248288,1,0.04,1.0,0.0,0.0,1.124144,0.125,True,16.810789,True,433.4359918959666
RDL-n25-03,number_of_lockers,8,6,10000,0.1,0.4,0.997,100,433.428741,428.894846,2.285607,0.0,2.248288,1,0.04,1.0,0.0,0.0,1.124144,0.125,True,16.983865,True,433.42874139821026
RDL-n25-03,number_of_lockers,10,6,10000,0.1,0.4,0.997,100,433.003832,428.894846,2.809453,0.0,1.299533,1,0.04,1.0,0.0,0.0,0.649766,0.125,True,16.681949,True,433.42874139821026
RDL-n25-03,number_of_lockers,2,7,10000,0.1,0.4,0.997,100,460.189889,460.189889,0.0,0.0,0.0,0,0.0,1.0,0.0,0.0,0.0,0.0,True,14.531381,False,
RDL-n25-03,number_of_lockers,3,7,10000,0.1,0.4,0.997,100,441.89991,441.89991,0.0,0.0,0.0,0,0.0,1.0,0.0,0.0,0.0,0.0,True,16.238429,True,460.1898889035183
RDL-n25-03,number_of_lockers,4,7,10000,0.1,0.4,0.997,100,440.567161,440.567161,0.0,0.0,0.0,0,0.0,1.0,0.0,0.0,0.0,0.0,True,16.878175,True,441.89991046802857
RDL-n25-03,number_of_lockers,5,7,10000,0.1,0.4,0.997,100,440.524998,440.524998,0.0,0.0,0.0,0,0.0,1.0,0.0,0.0,0.0,0.0,True,17.816856,True,440.5671605089988
RDL-n25-03,number_of_lockers,6,7,10000,0.1,0.4,0.997,100,440.524998,440.524998,0.0,0.0,0.0,0,0.0,1.0,0.0,0.0,0.0,0.0,True,16.654669,True,440.5249978563179
RDL-n25-03,number_of_lockers,8,7,10000,0.1,0.4,0.997,100,440.524998,440.524998,0.0,0.0,0.0,0,0.0,1.0,0.0,0.0,0.0,0.0,True,16.841558,True,440.5249978563179
RDL-n25-03,number_of_lockers,10,7,10000,0.1,0.4,0.997,100,431.088471,406.217644,21.786323,0.559249,2.525255,3,0.12,0.96,0.002237,0.055925,0.420876,0.375,True,16.962911,True,440.5249978563179
RDL-n25-03,number_of_lockers,2,8,10000,0.1,0.4,0.997,100,443.867219,443.867219,0.0,0.0,0.0,0,0.0,1.0,0.0,0.0,0.0,0.0,True,14.99202,False,
RDL-n25-03,number_of_lockers,3,8,10000,0.1,0.4,0.997,100,441.89991,441.89991,0.0,0.0,0.0,0,0.0,1.0,0.0,0.0,0.0,0.0,True,16.324073,True,443.86721910149015
RDL-n25-03,number_of_lockers,4,8,10000,0.1,0.4,0.997,100,441.811708,436.963137,2.285607,0.314676,2.248288,1,0.04,0.96,0.001259,0.031468,1.124144,0.125,True,16.895943,True,441.89991046802857
RDL-n25-03,number_of_lockers,5,8,10000,0.1,0.4,0.997,100,436.209601,416.007009,18.97687,0.0,1.225722,2,0.08,1.0,0.0,0.0,0.30643,0.25,True,16.388286,True,441.81170831142106
RDL-n25-03,number_of_lockers,6,8,10000,0.1,0.4,0.997,100,435.566096,415.363504,18.97687,0.0,1.225722,2,0.08,1.0,0.0,0.0,0.30643,0.25,True,16.992151,True,436.20960118537874
RDL-n25-03,number_of_lockers,8,8,10000,0.1,0.4,0.997,100,435.566096,415.363504,18.97687,0.0,1.225722,2,0.08,1.0,0.0,0.0,0.30643,0.25,True,17.266022,True,435.5660961589188
RDL-n25-03,number_of_lockers,10,8,10000,0.1,0.4,0.997,100,435.566096,415.363504,18.97687,0.0,1.225722,2,0.08,1.0,0.0,0.0,0.30643,0.25,True,16.578733,True,435.5660961589188
RDL-n25-03,number_of_lockers,2,9,10000,0.1,0.4,0.997,100,444.205133,406.544923,35.837831,0.0,1.822379,3,0.12,1.0,0.0,0.0,0.30373,0.375,True,14.18713,False,
RDL-n25-03,number_of_lockers,3,9,10000,0.1,0.4,0.997,100,436.539632,416.33704,18.97687,0.0,1.225722,2,0.08,1.0,0.0,0.0,0.30643,0.25,True,15.495985,True,444.20513294427553
RDL-n25-03,number_of_lockers,4,9,10000,0.1,0.4,0.997,100,435.566096,415.363504,18.97687,0.0,1.225722,2,0.08,1.0,0.0,0.0,0.30643,0.25,True,16.853643,True,436.5396316602668
RDL-n25-03,number_of_lockers,5,9,10000,0.1,0.4,0.997,100,435.566096,415.363504,18.97687,0.0,1.225722,2,0.08,1.0,0.0,0.0,0.30643,0.25,True,16.46496,True,435.5660961589188
RDL-n25-03,number_of_lockers,6,9,10000,0.1,0.4,0.997,100,435.566096,415.363504,18.97687,0.0,1.225722,2,0.08,1.0,0.0,0.0,0.30643,0.25,True,16.412647,True,435.5660961589188
RDL-n25-03,number_of_lockers,8,9,10000,0.1,0.4,0.997,100,435.566096,415.363504,18.97687,0.0,1.225722,2,0.08,1.0,0.0,0.0,0.30643,0.25,True,16.161961,True,435.5660961589188
RDL-n25-03,number_of_lockers,10,9,10000,0.1,0.4,0.997,100,435.566096,415.363504,18.97687,0.0,1.225722,2,0.08,1.0,0.0,0.0,0.30643,0.25,True,17.091702,True,435.5660961589188
RDL-n25-03,number_of_lockers,2,10,10000,0.1,0.4,0.997,100,434.710239,434.710239,0.0,0.0,0.0,0,0.0,1.0,0.0,0.0,0.0,0.0,True,14.353607,False,
RDL-n25-03,number_of_lockers,3,10,10000,0.1,0.4,0.997,100,434.710239,434.710239,0.0,0.0,0.0,0,0.0,1.0,0.0,0.0,0.0,0.0,True,16.392767,True,434.71023940499623
RDL-n25-03,number_of_lockers,4,10,10000,0.1,0.4,0.997,100,434.710239,434.710239,0.0,0.0,0.0,0,0.0,1.0,0.0,0.0,0.0,0.0,True,16.204899,True,434.71023940499623
RDL-n25-03,number_of_lockers,5,10,10000,0.1,0.4,0.997,100,434.710239,434.710239,0.0,0.0,0.0,0,0.0,1.0,0.0,0.0,0.0,0.0,True,16.121871,True,434.71023940499623
RDL-n25-03,number_of_lockers,6,10,10000,0.1,0.4,0.997,100,434.710239,434.710239,0.0,0.0,0.0,0,0.0,1.0,0.0,0.0,0.0,0.0,True,17.16532,True,434.71023940499623
RDL-n25-03,number_of_lockers,8,10,10000,0.1,0.4,0.997,100,434.710239,434.710239,0.0,0.0,0.0,0,0.0,1.0,0.0,0.0,0.0,0.0,True,17.059103,True,434.71023940499623
RDL-n25-03,number_of_lockers,10,10,10000,0.1,0.4,0.997,100,434.710239,434.710239,0.0,0.0,0.0,0,0.0,1.0,0.0,0.0,0.0,0.0,True,17.028702,True,434.71023940499623
RDL-n25-03,self_pickup_compensation_cW,0,1,10000,0.1,0.4,0.997,100,433.227443,411.964966,21.262477,0.0,0.0,3,0.12,1.0,0.0,0.0,0.579002,0.375,True,16.854309,False,
RDL-n25-03,self_pickup_compensation_cW,1,1,10000,0.1,0.4,0.997,100,453.892125,433.323084,19.146568,0.0,1.422473,2,0.08,1.0,0.0,0.0,0.711236,0.25,True,16.564673,False,
RDL-n25-03,self_pickup_compensation_cW,2,1,10000,0.1,0.4,0.997,100,436.379128,416.176536,18.97687,0.0,1.225722,2,0.08,1.0,0.0,0.0,0.30643,0.25,True,17.04914,False,
RDL-n25-03,self_pickup_compensation_cW,4,1,10000,0.1,0.4,0.997,100,458.867446,437.439132,18.97687,0.0,2.451443,2,0.08,1.0,0.0,0.0,0.30643,0.25,True,17.388348,False,
RDL-n25-03,self_pickup_compensation_cW,6,1,10000,0.1,0.4,0.997,100,453.278337,444.247865,2.285607,0.0,6.744865,1,0.04,1.0,0.0,0.0,1.124144,0.125,True,16.842096,False,
RDL-n25-03,self_pickup_compensation_cW,8,1,10000,0.1,0.4,0.997,100,439.243261,415.363504,18.97687,0.0,4.902887,2,0.08,1.0,0.0,0.0,0.30643,0.25,True,17.094221,False,
RDL-n25-03,self_pickup_compensation_cW,0,2,10000,0.1,0.4,0.997,100,441.3167,436.745485,4.571214,0.0,0.0,2,0.08,1.0,0.0,0.0,1.095973,0.25,True,16.855438,False,
RDL-n25-03,self_pickup_compensation_cW,1,2,10000,0.1,0.4,0.997,100,452.918565,435.759276,16.860961,0.0,0.298329,1,0.04,1.0,0.0,0.0,0.298329,0.125,True,16.790917,False,
RDL-n25-03,self_pickup_compensation_cW,2,2,10000,0.1,0.4,0.997,100,454.208278,416.548068,35.837831,0.0,1.822379,3,0.12,1.0,0.0,0.0,0.30373,0.375,True,16.894483,False,
RDL-n25-03,self_pickup_compensation_cW,4,2,10000,0.1,0.4,0.997,100,460.007263,435.170804,19.146568,0.0,5.689891,2,0.08,1.0,0.0,0.0,0.711236,0.25,True,16.571235,False,
RDL-n25-03,self_pickup_compensation_cW,6,2,10000,0.1,0.4,0.997,100,453.929585,435.278652,16.860961,0.0,1.789972,1,0.04,1.0,0.0,0.0,0.298329,0.125,True,17.562268,False,
RDL-n25-03,self_pickup_compensation_cW,8,2,10000,0.1,0.4,0.997,100,454.526242,435.278652,16.860961,0.0,2.386629,1,0.04,1.0,0.0,0.0,0.298329,0.125,True,17.342934,False,
RDL-n25-03,self_pickup_compensation_cW,0,3,10000,0.1,0.4,0.997,100,435.077278,430.506064,4.571214,0.0,0.0,2,0.08,1.0,0.0,0.0,1.095973,0.25,True,16.942669,False,
RDL-n25-03,self_pickup_compensation_cW,1,3,10000,0.1,0.4,0.997,100,434.731372,431.321621,2.285607,0.0,1.124144,1,0.04,1.0,0.0,0.0,1.124144,0.125,True,16.710411,False,
RDL-n25-03,self_pickup_compensation_cW,2,3,10000,0.1,0.4,0.997,100,435.566096,415.363504,18.97687,0.0,1.225722,2,0.08,1.0,0.0,0.0,0.30643,0.25,True,16.960827,False,
RDL-n25-03,self_pickup_compensation_cW,4,3,10000,0.1,0.4,0.997,100,456.54662,438.492345,16.860961,0.0,1.193315,1,0.04,1.0,0.0,0.0,0.298329,0.125,True,17.157055,False,
RDL-n25-03,self_pickup_compensation_cW,6,3,10000,0.1,0.4,0.997,100,455.340093,436.68916,16.860961,0.0,1.789972,1,0.04,1.0,0.0,0.0,0.298329,0.125,True,17.072778,False,
RDL-n25-03,self_pickup_compensation_cW,8,3,10000,0.1,0.4,0.997,100,443.297366,443.297366,0.0,0.0,0.0,0,0.0,1.0,0.0,0.0,0.0,0.0,True,17.518518,False,
RDL-n25-03,self_pickup_compensation_cW,0,4,10000,0.1,0.4,0.997,100,433.342786,431.057179,2.285607,0.0,0.0,1,0.04,1.0,0.0,0.0,1.124144,0.125,True,16.91436,False,
RDL-n25-03,self_pickup_compensation_cW,1,4,10000,0.1,0.4,0.997,100,441.119039,441.119039,0.0,0.0,0.0,0,0.0,1.0,0.0,0.0,0.0,0.0,True,17.0431,False,
RDL-n25-03,self_pickup_compensation_cW,2,4,10000,0.1,0.4,0.997,100,459.448755,434.712268,21.262477,0.0,3.47401,3,0.12,1.0,0.0,0.0,0.579002,0.375,True,16.992054,False,
RDL-n25-03,self_pickup_compensation_cW,4,4,10000,0.1,0.4,0.997,100,441.89991,441.89991,0.0,0.0,0.0,0,0.0,1.0,0.0,0.0,0.0,0.0,True,17.233371,False,
RDL-n25-03,self_pickup_compensation_cW,6,4,10000,0.1,0.4,0.997,100,458.576711,439.925778,16.860961,0.0,1.789972,1,0.04,1.0,0.0,0.0,0.298329,0.125,True,16.956182,False,
RDL-n25-03,self_pickup_compensation_cW,8,4,10000,0.1,0.4,0.997,100,433.588614,433.588614,0.0,0.0,0.0,0,0.0,1.0,0.0,0.0,0.0,0.0,True,17.330405,False,
RDL-n25-03,self_pickup_compensation_cW,0,5,10000,0.1,0.4,0.997,100,449.368514,438.932538,4.571214,5.864761,0.0,2,0.08,0.96,0.023459,0.586476,1.095973,0.25,True,16.964875,False,
RDL-n25-03,self_pickup_compensation_cW,1,5,10000,0.1,0.4,0.997,100,442.176526,442.176526,0.0,0.0,0.0,0,0.0,1.0,0.0,0.0,0.0,0.0,True,16.719676,False,
RDL-n25-03,self_pickup_compensation_cW,2,5,10000,0.1,0.4,0.997,100,436.531033,416.328441,18.97687,0.0,1.225722,2,0.08,1.0,0.0,0.0,0.30643,0.25,True,16.696012,False,
RDL-n25-03,self_pickup_compensation_cW,4,5,10000,0.1,0.4,0.997,100,459.275251,441.220975,16.860961,0.0,1.193315,1,0.04,1.0,0.0,0.0,0.298329,0.125,True,16.906559,False,
RDL-n25-03,self_pickup_compensation_cW,6,5,10000,0.1,0.4,0.997,100,453.450679,452.67837,0.0,0.772309,0.0,0,0.0,0.96,0.003089,0.077231,0.0,0.0,True,17.472882,False,
RDL-n25-03,self_pickup_compensation_cW,8,5,10000,0.1,0.4,0.997,100,456.07316,436.825569,16.860961,0.0,2.386629,1,0.04,1.0,0.0,0.0,0.298329,0.125,True,16.91059,False,
RDL-n25-03,self_pickup_compensation_cW,0,6,10000,0.1,0.4,0.997,100,436.186337,431.615123,4.571214,0.0,0.0,2,0.08,1.0,0.0,0.0,1.095973,0.25,True,16.690591,False,
RDL-n25-03,self_pickup_compensation_cW,1,6,10000,0.1,0.4,0.997,100,455.113837,437.954548,16.860961,0.0,0.298329,1,0.04,1.0,0.0,0.0,0.298329,0.125,True,16.149149,False,
RDL-n25-03,self_pickup_compensation_cW,2,6,10000,0.1,0.4,0.997,100,439.86203,430.906924,4.571214,0.0,4.383891,2,0.08,1.0,0.0,0.0,1.095973,0.25,True,17.035089,False,
RDL-n25-03,self_pickup_compensation_cW,4,6,10000,0.1,0.4,0.997,100,449.310236,442.528052,2.285607,0.0,4.496576,1,0.04,1.0,0.0,0.0,1.124144,0.125,True,17.113628,False,
RDL-n25-03,self_pickup_compensation_cW,6,6,10000,0.1,0.4,0.997,100,436.232029,436.232029,0.0,0.0,0.0,0,0.0,1.0,0.0,0.0,0.0,0.0,True,17.515588,False,
RDL-n25-03,self_pickup_compensation_cW,8,6,10000,0.1,0.4,0.997,100,462.701829,462.701829,0.0,0.0,0.0,0,0.0,1.0,0.0,0.0,0.0,0.0,True,17.369046,False,
RDL-n25-03,self_pickup_compensation_cW,0,7,10000,0.1,0.4,0.997,100,448.944204,427.512029,21.432175,0.0,0.0,3,0.12,1.0,0.0,0.0,0.830091,0.375,True,16.846772,False,
RDL-n25-03,self_pickup_compensation_cW,1,7,10000,0.1,0.4,0.997,100,432.304782,428.895031,2.285607,0.0,1.124144,1,0.04,1.0,0.0,0.0,1.124144,0.125,True,16.647698,False,
RDL-n25-03,self_pickup_compensation_cW,2,7,10000,0.1,0.4,0.997,100,435.566096,415.363504,18.97687,0.0,1.225722,2,0.08,1.0,0.0,0.0,0.30643,0.25,True,17.221599,False,
RDL-n25-03,self_pickup_compensation_cW,4,7,10000,0.1,0.4,0.997,100,455.586169,437.531893,16.860961,0.0,1.193315,1,0.04,1.0,0.0,0.0,0.298329,0.125,True,17.214157,False,
RDL-n25-03,self_pickup_compensation_cW,6,7,10000,0.1,0.4,0.997,100,465.075767,464.874807,0.0,0.20096,0.0,0,0.0,0.96,0.000804,0.020096,0.0,0.0,True,17.58185,False,
RDL-n25-03,self_pickup_compensation_cW,8,7,10000,0.1,0.4,0.997,100,451.151634,408.024286,35.837831,0.0,7.289516,3,0.12,1.0,0.0,0.0,0.30373,0.375,True,16.983922,False,
RDL-n25-03,self_pickup_compensation_cW,0,8,10000,0.1,0.4,0.997,100,449.026232,432.165271,16.860961,0.0,0.0,1,0.04,1.0,0.0,0.0,0.298329,0.125,True,16.394233,False,
RDL-n25-03,self_pickup_compensation_cW,1,8,10000,0.1,0.4,0.997,100,432.313196,428.903445,2.285607,0.0,1.124144,1,0.04,1.0,0.0,0.0,1.124144,0.125,True,16.855489,False,
RDL-n25-03,self_pickup_compensation_cW,2,8,10000,0.1,0.4,0.997,100,447.230339,405.036234,38.123438,0.0,4.070667,4,0.16,1.0,0.0,0.0,0.508833,0.5,True,16.697626,False,
RDL-n25-03,self_pickup_compensation_cW,4,8,10000,0.1,0.4,0.997,100,458.867446,437.439132,18.97687,0.0,2.451443,2,0.08,1.0,0.0,0.0,0.30643,0.25,True,17.738902,False,
RDL-n25-03,self_pickup_compensation_cW,6,8,10000,0.1,0.4,0.997,100,439.092745,416.43871,18.97687,0.0,3.677165,2,0.08,1.0,0.0,0.0,0.30643,0.25,True,16.839539,False,
RDL-n25-03,self_pickup_compensation_cW,8,8,10000,0.1,0.4,0.997,100,456.18134,436.93375,16.860961,0.0,2.386629,1,0.04,1.0,0.0,0.0,0.298329,0.125,True,17.337991,False,
RDL-n25-03,self_pickup_compensation_cW,0,9,10000,0.1,0.4,0.997,100,437.715592,435.429985,2.285607,0.0,0.0,1,0.04,1.0,0.0,0.0,1.124144,0.125,True,16.862001,False,
RDL-n25-03,self_pickup_compensation_cW,1,9,10000,0.1,0.4,0.997,100,439.307801,432.544641,4.571214,0.0,2.191946,2,0.08,1.0,0.0,0.0,1.095973,0.25,True,16.859509,False,
RDL-n25-03,self_pickup_compensation_cW,2,9,10000,0.1,0.4,0.997,100,450.272502,432.814884,16.860961,0.0,0.596657,1,0.04,1.0,0.0,0.0,0.298329,0.125,True,16.540338,False,
RDL-n25-03,self_pickup_compensation_cW,4,9,10000,0.1,0.4,0.997,100,458.413191,440.358915,16.860961,0.0,1.193315,1,0.04,1.0,0.0,0.0,0.298329,0.125,True,17.210619,False,
RDL-n25-03,self_pickup_compensation_cW,6,9,10000,0.1,0.4,0.997,100,453.929585,435.278652,16.860961,0.0,1.789972,1,0.04,1.0,0.0,0.0,0.298329,0.125,True,17.088862,False,
RDL-n25-03,self_pickup_compensation_cW,8,9,10000,0.1,0.4,0.997,100,459.668748,455.884258,0.0,3.78449,0.0,0,0.0,0.96,0.015138,0.378449,0.0,0.0,True,17.120721,False,
RDL-n25-03,self_pickup_compensation_cW,0,10,10000,0.1,0.4,0.997,100,441.320457,439.03485,2.285607,0.0,0.0,1,0.04,1.0,0.0,0.0,1.124144,0.125,True,16.831582,False,
RDL-n25-03,self_pickup_compensation_cW,1,10,10000,0.1,0.4,0.997,100,439.498059,419.34908,18.97687,0.559249,0.612861,2,0.08,0.96,0.002237,0.055925,0.30643,0.25,True,16.741156,False,
RDL-n25-03,self_pickup_compensation_cW,2,10,10000,0.1,0.4,0.997,100,446.554684,442.020789,2.285607,0.0,2.248288,1,0.04,1.0,0.0,0.0,1.124144,0.125,True,17.350622,False,
RDL-n25-03,self_pickup_compensation_cW,4,10,10000,0.1,0.4,0.997,100,441.119039,441.119039,0.0,0.0,0.0,0,0.0,1.0,0.0,0.0,0.0,0.0,True,17.073826,False,
RDL-n25-03,self_pickup_compensation_cW,6,10,10000,0.1,0.4,0.997,100,441.89991,441.89991,0.0,0.0,0.0,0,0.0,1.0,0.0,0.0,0.0,0.0,True,17.395943,False,
RDL-n25-03,self_pickup_compensation_cW,8,10,10000,0.1,0.4,0.997,100,458.285619,458.285619,0.0,0.0,0.0,0,0.0,1.0,0.0,0.0,0.0,0.0,True,17.608941,False,
RDL-n25-03,delay_penalty_cP,1,1,10000,0.1,0.4,0.997,100,411.897749,376.684216,18.97687,15.010941,1.225722,2,0.08,0.92,0.600438,12.672838,0.30643,0.25,True,17.276849,False,
RDL-n25-03,delay_penalty_cP,5,1,10000,0.1,0.4,0.997,100,443.330701,443.330701,0.0,0.0,0.0,0,0.0,1.0,0.0,0.0,0.0,0.0,True,16.850857,False,
RDL-n25-03,delay_penalty_cP,10,1,10000,0.1,0.4,0.997,100,436.379128,416.176536,18.97687,0.0,1.225722,2,0.08,1.0,0.0,0.0,0.30643,0.25,True,17.367973,False,
RDL-n25-03,delay_penalty_cP,20,1,10000,0.1,0.4,0.997,100,453.911215,449.37732,2.285607,0.0,2.248288,1,0.04,1.0,0.0,0.0,1.124144,0.125,True,16.744412,False,
RDL-n25-03,delay_penalty_cP,30,1,10000,0.1,0.4,0.997,100,437.972171,433.438275,2.285607,0.0,2.248288,1,0.04,1.0,0.0,0.0,1.124144,0.125,True,16.808687,False,
RDL-n25-03,delay_penalty_cP,50,1,10000,0.1,0.4,0.997,100,453.651806,449.117911,2.285607,0.0,2.248288,1,0.04,1.0,0.0,0.0,1.124144,0.125,True,16.946038,False,
RDL-n25-03,delay_penalty_cP,1,2,10000,0.1,0.4,0.997,100,418.877506,403.528213,0.0,15.349294,0.0,0,0.0,0.88,0.613972,12.672838,0.0,0.0,True,17.147005,False,
RDL-n25-03,delay_penalty_cP,5,2,10000,0.1,0.4,0.997,100,435.679768,415.477176,18.97687,0.0,1.225722,2,0.08,1.0,0.0,0.0,0.30643,0.25,True,16.81978,False,
RDL-n25-03,delay_penalty_cP,10,2,10000,0.1,0.4,0.997,100,454.208278,416.548068,35.837831,0.0,1.822379,3,0.12,1.0,0.0,0.0,0.30373,0.375,True,16.832982,False,
RDL-n25-03,delay_penalty_cP,20,2,10000,0.1,0.4,0.997,100,449.142266,431.684647,16.860961,0.0,0.596657,1,0.04,1.0,0.0,0.0,0.298329,0.125,True,16.739386,False,
RDL-n25-03,delay_penalty_cP,30,2,10000,0.1,0.4,0.997,100,456.869247,432.132759,21.262477,0.0,3.47401,3,0.12,1.0,0.0,0.0,0.579002,0.375,True,17.132512,False,
RDL-n25-03,delay_penalty_cP,50,2,10000,0.1,0.4,0.997,100,456.140241,439.912903,12.910032,0.0,3.317306,2,0.08,1.0,0.0,0.0,0.829327,0.25,True,17.198497,False,
RDL-n25-03,delay_penalty_cP,1,3,10000,0.1,0.4,0.997,100,423.849332,410.838143,0.0,13.01119,0.0,0,0.0,0.92,0.520448,12.672838,0.0,0.0,True,16.686817,False,
RDL-n25-03,delay_penalty_cP,5,3,10000,0.1,0.4,0.997,100,456.077328,434.085814,19.146568,0.0,2.844946,2,0.08,1.0,0.0,0.0,0.711236,0.25,True,17.434829,False,
RDL-n25-03,delay_penalty_cP,10,3,10000,0.1,0.4,0.997,100,435.566096,415.363504,18.97687,0.0,1.225722,2,0.08,1.0,0.0,0.0,0.30643,0.25,True,16.851878,False,
RDL-n25-03,delay_penalty_cP,20,3,10000,0.1,0.4,0.997,100,443.201895,434.24679,4.571214,0.0,4.383891,2,0.08,1.0,0.0,0.0,1.095973,0.25,True,17.287617,False,
RDL-n25-03,delay_penalty_cP,30,3,10000,0.1,0.4,0.997,100,462.701829,462.701829,0.0,0.0,0.0,0,0.0,1.0,0.0,0.0,0.0,0.0,True,17.317191,False,
RDL-n25-03,delay_penalty_cP,50,3,10000,0.1,0.4,0.997,100,439.86203,430.906924,4.571214,0.0,4.383891,2,0.08,1.0,0.0,0.0,1.095973,0.25,True,17.377696,False,
RDL-n25-03,delay_penalty_cP,1,4,10000,0.1,0.4,0.997,100,417.991538,380.582214,21.262477,12.672838,3.47401,3,0.12,0.96,0.506914,12.672838,0.579002,0.375,True,16.709834,False,
RDL-n25-03,delay_penalty_cP,5,4,10000,0.1,0.4,0.997,100,436.032204,411.295717,21.262477,0.0,3.47401,3,0.12,1.0,0.0,0.0,0.579002,0.375,True,16.723562,False,
RDL-n25-03,delay_penalty_cP,10,4,10000,0.1,0.4,0.997,100,459.448755,434.712268,21.262477,0.0,3.47401,3,0.12,1.0,0.0,0.0,0.579002,0.375,True,17.074013,False,
RDL-n25-03,delay_penalty_cP,20,4,10000,0.1,0.4,0.997,100,436.531033,416.328441,18.97687,0.0,1.225722,2,0.08,1.0,0.0,0.0,0.30643,0.25,True,17.037447,False,
RDL-n25-03,delay_penalty_cP,30,4,10000,0.1,0.4,0.997,100,439.964065,435.43017,2.285607,0.0,2.248288,1,0.04,1.0,0.0,0.0,1.124144,0.125,True,16.817556,False,
RDL-n25-03,delay_penalty_cP,50,4,10000,0.1,0.4,0.997,100,462.149188,462.149188,0.0,0.0,0.0,0,0.0,1.0,0.0,0.0,0.0,0.0,True,17.368066,False,
RDL-n25-03,delay_penalty_cP,1,5,10000,0.1,0.4,0.997,100,418.192301,380.782976,21.262477,12.672838,3.47401,3,0.12,0.96,0.506914,12.672838,0.579002,0.375,True,16.669349,False,
RDL-n25-03,delay_penalty_cP,5,5,10000,0.1,0.4,0.997,100,444.657581,406.997371,35.837831,0.0,1.822379,3,0.12,0.96,0.059184,1.479608,0.30373,0.375,True,16.622974,False,
RDL-n25-03,delay_penalty_cP,10,5,10000,0.1,0.4,0.997,100,436.531033,416.328441,18.97687,0.0,1.225722,2,0.08,1.0,0.0,0.0,0.30643,0.25,True,16.785257,False,
RDL-n25-03,delay_penalty_cP,20,5,10000,0.1,0.4,0.997,100,462.800397,442.597806,18.97687,0.0,1.225722,2,0.08,1.0,0.0,0.0,0.30643,0.25,True,17.025974,False,
RDL-n25-03,delay_penalty_cP,30,5,10000,0.1,0.4,0.997,100,454.39829,449.864395,2.285607,0.0,2.248288,1,0.04,1.0,0.0,0.0,1.124144,0.125,True,17.139178,False,
RDL-n25-03,delay_penalty_cP,50,5,10000,0.1,0.4,0.997,100,442.009986,442.009986,0.0,0.0,0.0,0,0.0,1.0,0.0,0.0,0.0,0.0,True,17.343762,False,
RDL-n25-03,delay_penalty_cP,1,6,10000,0.1,0.4,0.997,100,419.833941,402.825084,0.0,17.008857,0.0,0,0.0,0.88,0.680354,12.672838,0.0,0.0,True,16.26167,False,
RDL-n25-03,delay_penalty_cP,5,6,10000,0.1,0.4,0.997,100,457.989521,453.455626,2.285607,0.0,2.248288,1,0.04,1.0,0.0,0.0,1.124144,0.125,True,17.391701,False,
RDL-n25-03,delay_penalty_cP,10,6,10000,0.1,0.4,0.997,100,439.86203,430.906924,4.571214,0.0,4.383891,2,0.08,1.0,0.0,0.0,1.095973,0.25,True,16.52521,False,
RDL-n25-03,delay_penalty_cP,20,6,10000,0.1,0.4,0.997,100,462.165817,462.165817,0.0,0.0,0.0,0,0.0,1.0,0.0,0.0,0.0,0.0,True,16.797462,False,
RDL-n25-03,delay_penalty_cP,30,6,10000,0.1,0.4,0.997,100,455.700416,451.16652,2.285607,0.0,2.248288,1,0.04,1.0,0.0,0.0,1.124144,0.125,True,17.152448,False,
RDL-n25-03,delay_penalty_cP,50,6,10000,0.1,0.4,0.997,100,457.09359,452.559695,2.285607,0.0,2.248288,1,0.04,1.0,0.0,0.0,1.124144,0.125,True,17.143852,False,
RDL-n25-03,delay_penalty_cP,1,7,10000,0.1,0.4,0.997,100,415.664493,378.255168,21.262477,12.672838,3.47401,3,0.12,0.96,0.506914,12.672838,0.579002,0.375,True,17.135638,False,
RDL-n25-03,delay_penalty_cP,5,7,10000,0.1,0.4,0.997,100,433.428926,428.895031,2.285607,0.0,2.248288,1,0.04,1.0,0.0,0.0,1.124144,0.125,True,17.190063,False,
RDL-n25-03,delay_penalty_cP,10,7,10000,0.1,0.4,0.997,100,435.566096,415.363504,18.97687,0.0,1.225722,2,0.08,1.0,0.0,0.0,0.30643,0.25,True,17.311526,False,
RDL-n25-03,delay_penalty_cP,20,7,10000,0.1,0.4,0.997,100,461.603718,432.446021,23.548084,0.0,5.609613,4,0.16,1.0,0.0,0.0,0.701202,0.5,True,17.236358,False,
RDL-n25-03,delay_penalty_cP,30,7,10000,0.1,0.4,0.997,100,439.461169,430.506064,4.571214,0.0,4.383891,2,0.08,1.0,0.0,0.0,1.095973,0.25,True,16.776539,False,
RDL-n25-03,delay_penalty_cP,50,7,10000,0.1,0.4,0.997,100,458.406122,433.669635,21.262477,0.0,3.47401,3,0.12,1.0,0.0,0.0,0.579002,0.375,True,16.840721,False,
RDL-n25-03,delay_penalty_cP,1,8,10000,0.1,0.4,0.997,100,418.108106,402.758812,0.0,15.349294,0.0,0,0.0,0.88,0.613972,12.672838,0.0,0.0,True,16.637326,False,
RDL-n25-03,delay_penalty_cP,5,8,10000,0.1,0.4,0.997,100,435.591074,431.057179,2.285607,0.0,2.248288,1,0.04,1.0,0.0,0.0,1.124144,0.125,True,17.448522,False,
RDL-n25-03,delay_penalty_cP,10,8,10000,0.1,0.4,0.997,100,447.230339,405.036234,38.123438,0.0,4.070667,4,0.16,1.0,0.0,0.0,0.508833,0.5,True,17.024697,False,
RDL-n25-03,delay_penalty_cP,20,8,10000,0.1,0.4,0.997,100,448.368496,443.8346,2.285607,0.0,2.248288,1,0.04,1.0,0.0,0.0,1.124144,0.125,True,16.54434,False,
RDL-n25-03,delay_penalty_cP,30,8,10000,0.1,0.4,0.997,100,456.869247,432.132759,21.262477,0.0,3.47401,3,0.12,1.0,0.0,0.0,0.579002,0.375,True,17.155187,False,
RDL-n25-03,delay_penalty_cP,50,8,10000,0.1,0.4,0.997,100,464.706623,460.172728,2.285607,0.0,2.248288,1,0.04,1.0,0.0,0.0,1.124144,0.125,True,17.534753,False,
RDL-n25-03,delay_penalty_cP,1,9,10000,0.1,0.4,0.997,100,418.284885,369.976916,18.97687,28.105377,1.225722,2,0.08,0.8,1.124215,12.672838,0.30643,0.25,True,16.75974,False,
RDL-n25-03,delay_penalty_cP,5,9,10000,0.1,0.4,0.997,100,436.379128,416.176536,18.97687,0.0,1.225722,2,0.08,1.0,0.0,0.0,0.30643,0.25,True,16.481566,False,
RDL-n25-03,delay_penalty_cP,10,9,10000,0.1,0.4,0.997,100,450.272502,432.814884,16.860961,0.0,0.596657,1,0.04,1.0,0.0,0.0,0.298329,0.125,True,16.562803,False,
RDL-n25-03,delay_penalty_cP,20,9,10000,0.1,0.4,0.997,100,458.450068,433.71358,21.262477,0.0,3.47401,3,0.12,1.0,0.0,0.0,0.579002,0.375,True,16.925175,False,
RDL-n25-03,delay_penalty_cP,30,9,10000,0.1,0.4,0.997,100,443.330701,443.330701,0.0,0.0,0.0,0,0.0,1.0,0.0,0.0,0.0,0.0,True,17.149779,False,
RDL-n25-03,delay_penalty_cP,50,9,10000,0.1,0.4,0.997,100,455.709524,426.558463,27.485386,0.0,1.665676,2,0.08,1.0,0.0,0.0,0.416419,0.25,True,17.196774,False,
RDL-n25-03,delay_penalty_cP,1,10,10000,0.1,0.4,0.997,100,417.266763,402.255822,0.0,15.010941,0.0,0,0.0,0.92,0.600438,12.672838,0.0,0.0,True,16.445017,False,
RDL-n25-03,delay_penalty_cP,5,10,10000,0.1,0.4,0.997,100,446.439065,408.778855,35.837831,0.0,1.822379,3,0.12,1.0,0.0,0.0,0.30373,0.375,True,17.076328,False,
RDL-n25-03,delay_penalty_cP,10,10,10000,0.1,0.4,0.997,100,446.554684,442.020789,2.285607,0.0,2.248288,1,0.04,1.0,0.0,0.0,1.124144,0.125,True,17.261516,False,
RDL-n25-03,delay_penalty_cP,20,10,10000,0.1,0.4,0.997,100,440.154102,440.154102,0.0,0.0,0.0,0,0.0,1.0,0.0,0.0,0.0,0.0,True,16.993157,False,
RDL-n25-03,delay_penalty_cP,30,10,10000,0.1,0.4,0.997,100,436.933629,436.933629,0.0,0.0,0.0,0,0.0,1.0,0.0,0.0,0.0,0.0,True,16.676481,False,
RDL-n25-03,delay_penalty_cP,50,10,10000,0.1,0.4,0.997,100,459.332658,441.87504,16.860961,0.0,0.596657,1,0.04,1.0,0.0,0.0,0.298329,0.125,True,17.112067,False,
RDL-n25-03,drone_cost_cD,0.4,1,10000,0.1,0.4,0.997,100,427.642882,418.826412,7.590748,0.0,1.225722,2,0.08,1.0,0.0,0.0,0.30643,0.25,True,16.558217,False,
RDL-n25-03,drone_cost_cD,0.8,1,10000,0.1,0.4,0.997,100,445.744376,424.530006,15.181496,4.807153,1.225722,2,0.08,0.96,0.019229,0.480715,0.30643,0.25,True,17.285607,False,
RDL-n25-03,drone_cost_cD,1.0,1,10000,0.1,0.4,0.997,100,436.379128,416.176536,18.97687,0.0,1.225722,2,0.08,1.0,0.0,0.0,0.30643,0.25,True,17.08769,False,
RDL-n25-03,drone_cost_cD,2.0,1,10000,0.1,0.4,0.997,100,441.000213,434.18071,4.571214,0.0,2.248288,1,0.04,1.0,0.0,0.0,1.124144,0.125,True,17.609537,False,
RDL-n25-03,drone_cost_cD,3.0,1,10000,0.1,0.4,0.997,100,442.066451,442.066451,0.0,0.0,0.0,0,0.0,1.0,0.0,0.0,0.0,0.0,True,17.868997,False,
RDL-n25-03,drone_cost_cD,4.0,1,10000,0.1,0.4,0.997,100,441.89991,441.89991,0.0,0.0,0.0,0,0.0,1.0,0.0,0.0,0.0,0.0,True,18.18579,False,
RDL-n25-03,drone_cost_cD,0.4,2,10000,0.1,0.4,0.997,100,421.140221,396.50139,19.499145,0.0,5.139686,5,0.2,1.0,0.0,0.0,0.513969,0.625,True,16.603132,False,
RDL-n25-03,drone_cost_cD,0.8,2,10000,0.1,0.4,0.997,100,442.22783,442.22783,0.0,0.0,0.0,0,0.0,1.0,0.0,0.0,0.0,0.0,True,17.330191,False,
RDL-n25-03,drone_cost_cD,1.0,2,10000,0.1,0.4,0.997,100,454.208278,416.548068,35.837831,0.0,1.822379,3,0.12,1.0,0.0,0.0,0.30373,0.375,True,17.059529,False,
RDL-n25-03,drone_cost_cD,2.0,2,10000,0.1,0.4,0.997,100,441.119039,441.119039,0.0,0.0,0.0,0,0.0,1.0,0.0,0.0,0.0,0.0,True,17.646816,False,
RDL-n25-03,drone_cost_cD,3.0,2,10000,0.1,0.4,0.997,100,441.229308,441.229308,0.0,0.0,0.0,0,0.0,1.0,0.0,0.0,0.0,0.0,True,18.418193,False,
RDL-n25-03,drone_cost_cD,4.0,2,10000,0.1,0.4,0.997,100,437.956397,437.956397,0.0,0.0,0.0,0,0.0,1.0,0.0,0.0,0.0,0.0,True,17.919255,False,
RDL-n25-03,drone_cost_cD,0.4,3,10000,0.1,0.4,0.997,100,439.476091,432.135049,6.744384,0.0,0.596657,1,0.04,1.0,0.0,0.0,0.298329,0.125,True,17.10305,False,
RDL-n25-03,drone_cost_cD,0.8,3,10000,0.1,0.4,0.997,100,435.075899,435.075899,0.0,0.0,0.0,0,0.0,1.0,0.0,0.0,0.0,0.0,True,17.179581,False,
RDL-n25-03,drone_cost_cD,1.0,3,10000,0.1,0.4,0.997,100,435.566096,415.363504,18.97687,0.0,1.225722,2,0.08,1.0,0.0,0.0,0.30643,0.25,True,17.009377,False,
RDL-n25-03,drone_cost_cD,2.0,3,10000,0.1,0.4,0.997,100,440.967133,440.967133,0.0,0.0,0.0,0,0.0,1.0,0.0,0.0,0.0,0.0,True,17.819267,False,
RDL-n25-03,drone_cost_cD,3.0,3,10000,0.1,0.4,0.997,100,455.847343,452.231349,0.0,3.615994,0.0,0,0.0,0.96,0.014464,0.361599,0.0,0.0,True,18.290448,False,
RDL-n25-03,drone_cost_cD,4.0,3,10000,0.1,0.4,0.997,100,436.275194,436.275194,0.0,0.0,0.0,0,0.0,1.0,0.0,0.0,0.0,0.0,True,18.546233,False,
RDL-n25-03,drone_cost_cD,0.4,4,10000,0.1,0.4,0.997,100,439.973564,424.944717,9.419234,0.0,5.609613,4,0.16,1.0,0.0,0.0,0.701202,0.5,True,16.626551,False,
RDL-n25-03,drone_cost_cD,0.8,4,10000,0.1,0.4,0.997,100,441.661643,424.482116,15.181496,0.772309,1.225722,2,0.08,0.96,0.003089,0.077231,0.30643,0.25,True,16.923015,False,
RDL-n25-03,drone_cost_cD,1.0,4,10000,0.1,0.4,0.997,100,459.448755,434.712268,21.262477,0.0,3.47401,3,0.12,1.0,0.0,0.0,0.579002,0.375,True,17.033187,False,
RDL-n25-03,drone_cost_cD,2.0,4,10000,0.1,0.4,0.997,100,443.554296,443.554296,0.0,0.0,0.0,0,0.0,1.0,0.0,0.0,0.0,0.0,True,17.583843,False,
RDL-n25-03,drone_cost_cD,3.0,4,10000,0.1,0.4,0.997,100,433.588614,433.588614,0.0,0.0,0.0,0,0.0,1.0,0.0,0.0,0.0,0.0,True,18.397656,False,
RDL-n25-03,drone_cost_cD,4.0,4,10000,0.1,0.4,0.997,100,440.264371,440.264371,0.0,0.0,0.0,0,0.0,1.0,0.0,0.0,0.0,0.0,True,18.045121,False,
RDL-n25-03,drone_cost_cD,0.4,5,10000,0.1,0.4,0.997,100,437.005889,425.026888,8.504991,0.0,3.47401,3,0.12,1.0,0.0,0.0,0.579002,0.375,True,16.945262,False,
RDL-n25-03,drone_cost_cD,0.8,5,10000,0.1,0.4,0.997,100,441.229308,441.229308,0.0,0.0,0.0,0,0.0,1.0,0.0,0.0,0.0,0.0,True,16.983567,False,
RDL-n25-03,drone_cost_cD,1.0,5,10000,0.1,0.4,0.997,100,436.531033,416.328441,18.97687,0.0,1.225722,2,0.08,1.0,0.0,0.0,0.30643,0.25,True,16.55707,False,
RDL-n25-03,drone_cost_cD,2.0,5,10000,0.1,0.4,0.997,100,441.89991,441.89991,0.0,0.0,0.0,0,0.0,1.0,0.0,0.0,0.0,0.0,True,17.396953,False,
RDL-n25-03,drone_cost_cD,3.0,5,10000,0.1,0.4,0.997,100,456.802577,456.802577,0.0,0.0,0.0,0,0.0,1.0,0.0,0.0,0.0,0.0,True,18.322278,False,
RDL-n25-03,drone_cost_cD,4.0,5,10000,0.1,0.4,0.997,100,441.125653,441.125653,0.0,0.0,0.0,0,0.0,1.0,0.0,0.0,0.0,0.0,True,18.431713,False,
RDL-n25-03,drone_cost_cD,0.4,6,10000,0.1,0.4,0.997,100,433.825407,414.61805,15.249375,0.0,3.957982,4,0.16,1.0,0.0,0.0,0.494748,0.5,True,16.794285,False,
RDL-n25-03,drone_cost_cD,0.8,6,10000,0.1,0.4,0.997,100,434.45909,430.382316,1.828486,0.0,2.248288,1,0.04,1.0,0.0,0.0,1.124144,0.125,True,17.018828,False,
RDL-n25-03,drone_cost_cD,1.0,6,10000,0.1,0.4,0.997,100,439.86203,430.906924,4.571214,0.0,4.383891,2,0.08,1.0,0.0,0.0,1.095973,0.25,True,16.802595,False,
RDL-n25-03,drone_cost_cD,2.0,6,10000,0.1,0.4,0.997,100,441.89991,441.89991,0.0,0.0,0.0,0,0.0,1.0,0.0,0.0,0.0,0.0,True,17.528984,False,
RDL-n25-03,drone_cost_cD,3.0,6,10000,0.1,0.4,0.997,100,441.89991,441.89991,0.0,0.0,0.0,0,0.0,1.0,0.0,0.0,0.0,0.0,True,17.25754,False,
RDL-n25-03,drone_cost_cD,4.0,6,10000,0.1,0.4,0.997,100,441.119039,441.119039,0.0,0.0,0.0,0,0.0,1.0,0.0,0.0,0.0,0.0,True,17.9858,False,
RDL-n25-03,drone_cost_cD,0.4,7,10000,0.1,0.4,0.997,100,432.469542,407.702662,19.499145,0.0,5.267735,5,0.2,1.0,0.0,0.0,0.526774,0.625,True,17.177772,False,
RDL-n25-03,drone_cost_cD,0.8,7,10000,0.1,0.4,0.997,100,457.159932,436.675941,17.009982,0.0,3.47401,3,0.12,1.0,0.0,0.0,0.579002,0.375,True,16.829531,False,
RDL-n25-03,drone_cost_cD,1.0,7,10000,0.1,0.4,0.997,100,435.566096,415.363504,18.97687,0.0,1.225722,2,0.08,1.0,0.0,0.0,0.30643,0.25,True,17.31302,False,
RDL-n25-03,drone_cost_cD,2.0,7,10000,0.1,0.4,0.997,100,433.588614,433.588614,0.0,0.0,0.0,0,0.0,1.0,0.0,0.0,0.0,0.0,True,17.705194,False,
RDL-n25-03,drone_cost_cD,3.0,7,10000,0.1,0.4,0.997,100,441.125653,441.125653,0.0,0.0,0.0,0,0.0,1.0,0.0,0.0,0.0,0.0,True,18.327647,False,
RDL-n25-03,drone_cost_cD,4.0,7,10000,0.1,0.4,0.997,100,443.162995,442.398286,0.0,0.764709,0.0,0,0.0,0.96,0.003059,0.076471,0.0,0.0,True,18.088918,False,
RDL-n25-03,drone_cost_cD,0.4,8,10000,0.1,0.4,0.997,100,426.321006,407.000964,15.249375,0.0,4.070667,4,0.16,1.0,0.0,0.0,0.508833,0.5,True,16.484044,False,
RDL-n25-03,drone_cost_cD,0.8,8,10000,0.1,0.4,0.997,100,449.476211,441.435349,3.656971,0.0,4.383891,2,0.08,1.0,0.0,0.0,1.095973,0.25,True,16.982829,False,
RDL-n25-03,drone_cost_cD,1.0,8,10000,0.1,0.4,0.997,100,447.230339,405.036234,38.123438,0.0,4.070667,4,0.16,1.0,0.0,0.0,0.508833,0.5,True,16.775616,False,
RDL-n25-03,drone_cost_cD,2.0,8,10000,0.1,0.4,0.997,100,462.766583,462.766583,0.0,0.0,0.0,0,0.0,1.0,0.0,0.0,0.0,0.0,True,17.800213,False,
RDL-n25-03,drone_cost_cD,3.0,8,10000,0.1,0.4,0.997,100,441.119039,441.119039,0.0,0.0,0.0,0,0.0,1.0,0.0,0.0,0.0,0.0,True,18.29136,False,
RDL-n25-03,drone_cost_cD,4.0,8,10000,0.1,0.4,0.997,100,441.119039,441.119039,0.0,0.0,0.0,0,0.0,1.0,0.0,0.0,0.0,0.0,True,18.156298,False,
RDL-n25-03,drone_cost_cD,0.4,9,10000,0.1,0.4,0.997,100,421.140221,396.50139,19.499145,0.0,5.139686,5,0.2,1.0,0.0,0.0,0.513969,0.625,True,16.823456,False,
RDL-n25-03,drone_cost_cD,0.8,9,10000,0.1,0.4,0.997,100,454.153627,433.669635,17.009982,0.0,3.47401,3,0.12,1.0,0.0,0.0,0.579002,0.375,True,17.014965,False,
RDL-n25-03,drone_cost_cD,1.0,9,10000,0.1,0.4,0.997,100,450.272502,432.814884,16.860961,0.0,0.596657,1,0.04,1.0,0.0,0.0,0.298329,0.125,True,16.434922,False,
RDL-n25-03,drone_cost_cD,2.0,9,10000,0.1,0.4,0.997,100,442.066451,442.066451,0.0,0.0,0.0,0,0.0,1.0,0.0,0.0,0.0,0.0,True,17.452899,False,
RDL-n25-03,drone_cost_cD,3.0,9,10000,0.1,0.4,0.997,100,441.89991,441.89991,0.0,0.0,0.0,0,0.0,1.0,0.0,0.0,0.0,0.0,True,17.976601,False,
RDL-n25-03,drone_cost_cD,4.0,9,10000,0.1,0.4,0.997,100,441.89991,441.89991,0.0,0.0,0.0,0,0.0,1.0,0.0,0.0,0.0,0.0,True,18.172234,False,
RDL-n25-03,drone_cost_cD,0.4,10,10000,0.1,0.4,0.997,100,423.274718,411.295717,8.504991,0.0,3.47401,3,0.12,1.0,0.0,0.0,0.579002,0.375,True,16.742375,False,
RDL-n25-03,drone_cost_cD,0.8,10,10000,0.1,0.4,0.997,100,440.139016,409.646372,28.670265,0.0,1.822379,3,0.12,1.0,0.0,0.0,0.30373,0.375,True,17.091089,False,
RDL-n25-03,drone_cost_cD,1.0,10,10000,0.1,0.4,0.997,100,446.554684,442.020789,2.285607,0.0,2.248288,1,0.04,1.0,0.0,0.0,1.124144,0.125,True,17.484858,False,
RDL-n25-03,drone_cost_cD,2.0,10,10000,0.1,0.4,0.997,100,444.723469,444.723469,0.0,0.0,0.0,0,0.0,1.0,0.0,0.0,0.0,0.0,True,17.583134,False,
RDL-n25-03,drone_cost_cD,3.0,10,10000,0.1,0.4,0.997,100,434.710239,434.710239,0.0,0.0,0.0,0,0.0,1.0,0.0,0.0,0.0,0.0,True,17.709595,False,
RDL-n25-03,drone_cost_cD,4.0,10,10000,0.1,0.4,0.997,100,441.89991,441.89991,0.0,0.0,0.0,0,0.0,1.0,0.0,0.0,0.0,0.0,True,18.265222,False,
RDL-n25-04,number_of_drones,0,1,10000,0.1,0.4,0.997,100,528.155835,528.155835,0.0,0.0,0.0,0,0.0,1.0,0.0,0.0,0.0,0.0,True,14.812821,False,
RDL-n25-04,number_of_drones,2,1,10000,0.1,0.4,0.997,100,528.155835,528.155835,0.0,0.0,0.0,0,0.0,1.0,0.0,0.0,0.0,0.0,True,16.341741,True,528.1558349031161
RDL-n25-04,number_of_drones,4,1,10000,0.1,0.4,0.997,100,528.155835,528.155835,0.0,0.0,0.0,0,0.0,1.0,0.0,0.0,0.0,0.0,True,16.817534,True,528.1558349031161
RDL-n25-04,number_of_drones,6,1,10000,0.1,0.4,0.997,100,528.155835,528.155835,0.0,0.0,0.0,0,0.0,1.0,0.0,0.0,0.0,0.0,True,17.433154,True,528.1558349031161
RDL-n25-04,number_of_drones,8,1,10000,0.1,0.4,0.997,100,528.155835,528.155835,0.0,0.0,0.0,0,0.0,1.0,0.0,0.0,0.0,0.0,True,17.517967,True,528.1558349031161
RDL-n25-04,number_of_drones,10,1,10000,0.1,0.4,0.997,100,528.155835,528.155835,0.0,0.0,0.0,0,0.0,1.0,0.0,0.0,0.0,0.0,True,17.509468,True,528.1558349031161
RDL-n25-04,number_of_drones,12,1,10000,0.1,0.4,0.997,100,528.155835,528.155835,0.0,0.0,0.0,0,0.0,1.0,0.0,0.0,0.0,0.0,True,17.92379,True,528.1558349031161
RDL-n25-04,number_of_drones,0,2,10000,0.1,0.4,0.997,100,528.155835,528.155835,0.0,0.0,0.0,0,0.0,1.0,0.0,0.0,0.0,0.0,True,15.000142,False,
RDL-n25-04,number_of_drones,2,2,10000,0.1,0.4,0.997,100,528.155835,528.155835,0.0,0.0,0.0,0,0.0,1.0,0.0,0.0,0.0,0.0,True,16.27911,True,528.1558349031161
RDL-n25-04,number_of_drones,4,2,10000,0.1,0.4,0.997,100,528.155835,528.155835,0.0,0.0,0.0,0,0.0,1.0,0.0,0.0,0.0,0.0,True,17.508982,True,528.1558349031161
RDL-n25-04,number_of_drones,6,2,10000,0.1,0.4,0.997,100,528.155835,528.155835,0.0,0.0,0.0,0,0.0,1.0,0.0,0.0,0.0,0.0,True,17.257687,True,528.1558349031161
RDL-n25-04,number_of_drones,8,2,10000,0.1,0.4,0.997,100,528.155835,528.155835,0.0,0.0,0.0,0,0.0,1.0,0.0,0.0,0.0,0.0,True,17.915669,True,528.1558349031161
RDL-n25-04,number_of_drones,10,2,10000,0.1,0.4,0.997,100,528.155835,528.155835,0.0,0.0,0.0,0,0.0,1.0,0.0,0.0,0.0,0.0,True,17.623615,True,528.1558349031161
RDL-n25-04,number_of_drones,12,2,10000,0.1,0.4,0.997,100,528.155835,528.155835,0.0,0.0,0.0,0,0.0,1.0,0.0,0.0,0.0,0.0,True,18.083526,True,528.1558349031161
RDL-n25-04,number_of_drones,0,3,10000,0.1,0.4,0.997,100,528.155835,528.155835,0.0,0.0,0.0,0,0.0,1.0,0.0,0.0,0.0,0.0,True,15.066582,False,
RDL-n25-04,number_of_drones,2,3,10000,0.1,0.4,0.997,100,528.155835,528.155835,0.0,0.0,0.0,0,0.0,1.0,0.0,0.0,0.0,0.0,True,16.284573,True,528.1558349031161
RDL-n25-04,number_of_drones,4,3,10000,0.1,0.4,0.997,100,528.155835,528.155835,0.0,0.0,0.0,0,0.0,1.0,0.0,0.0,0.0,0.0,True,16.934584,True,528.1558349031161
RDL-n25-04,number_of_drones,6,3,10000,0.1,0.4,0.997,100,528.155835,528.155835,0.0,0.0,0.0,0,0.0,1.0,0.0,0.0,0.0,0.0,True,17.294118,True,528.1558349031161
RDL-n25-04,number_of_drones,8,3,10000,0.1,0.4,0.997,100,528.155835,528.155835,0.0,0.0,0.0,0,0.0,1.0,0.0,0.0,0.0,0.0,True,17.071145,True,528.1558349031161
RDL-n25-04,number_of_drones,10,3,10000,0.1,0.4,0.997,100,528.155835,528.155835,0.0,0.0,0.0,0,0.0,1.0,0.0,0.0,0.0,0.0,True,17.11052,True,528.1558349031161
RDL-n25-04,number_of_drones,12,3,10000,0.1,0.4,0.997,100,528.155835,528.155835,0.0,0.0,0.0,0,0.0,1.0,0.0,0.0,0.0,0.0,True,17.41707,True,528.1558349031161
RDL-n25-04,number_of_drones,0,4,10000,0.1,0.4,0.997,100,528.155835,528.155835,0.0,0.0,0.0,0,0.0,1.0,0.0,0.0,0.0,0.0,True,14.73539,False,
RDL-n25-04,number_of_drones,2,4,10000,0.1,0.4,0.997,100,528.155835,528.155835,0.0,0.0,0.0,0,0.0,1.0,0.0,0.0,0.0,0.0,True,15.933652,True,528.1558349031162
RDL-n25-04,number_of_drones,4,4,10000,0.1,0.4,0.997,100,528.155835,528.155835,0.0,0.0,0.0,0,0.0,1.0,0.0,0.0,0.0,0.0,True,16.964421,True,528.1558349031162
RDL-n25-04,number_of_drones,6,4,10000,0.1,0.4,0.997,100,528.155835,528.155835,0.0,0.0,0.0,0,0.0,1.0,0.0,0.0,0.0,0.0,True,17.549389,True,528.1558349031162
RDL-n25-04,number_of_drones,8,4,10000,0.1,0.4,0.997,100,528.155835,528.155835,0.0,0.0,0.0,0,0.0,1.0,0.0,0.0,0.0,0.0,True,17.79856,True,528.1558349031162
RDL-n25-04,number_of_drones,10,4,10000,0.1,0.4,0.997,100,528.155835,528.155835,0.0,0.0,0.0,0,0.0,1.0,0.0,0.0,0.0,0.0,True,17.738619,True,528.1558349031162
RDL-n25-04,number_of_drones,12,4,10000,0.1,0.4,0.997,100,528.155835,528.155835,0.0,0.0,0.0,0,0.0,1.0,0.0,0.0,0.0,0.0,True,17.694264,True,528.1558349031162
RDL-n25-04,number_of_drones,0,5,10000,0.1,0.4,0.997,100,528.155835,528.155835,0.0,0.0,0.0,0,0.0,1.0,0.0,0.0,0.0,0.0,True,14.773274,False,
RDL-n25-04,number_of_drones,2,5,10000,0.1,0.4,0.997,100,528.155835,528.155835,0.0,0.0,0.0,0,0.0,1.0,0.0,0.0,0.0,0.0,True,16.295517,True,528.1558349031162
RDL-n25-04,number_of_drones,4,5,10000,0.1,0.4,0.997,100,528.155835,528.155835,0.0,0.0,0.0,0,0.0,1.0,0.0,0.0,0.0,0.0,True,16.672617,True,528.1558349031162
RDL-n25-04,number_of_drones,6,5,10000,0.1,0.4,0.997,100,528.155835,528.155835,0.0,0.0,0.0,0,0.0,1.0,0.0,0.0,0.0,0.0,True,17.084846,True,528.1558349031162
RDL-n25-04,number_of_drones,8,5,10000,0.1,0.4,0.997,100,528.155835,528.155835,0.0,0.0,0.0,0,0.0,1.0,0.0,0.0,0.0,0.0,True,17.122349,True,528.1558349031162
RDL-n25-04,number_of_drones,10,5,10000,0.1,0.4,0.997,100,528.155835,528.155835,0.0,0.0,0.0,0,0.0,1.0,0.0,0.0,0.0,0.0,True,17.612972,True,528.1558349031162
RDL-n25-04,number_of_drones,12,5,10000,0.1,0.4,0.997,100,528.155835,528.155835,0.0,0.0,0.0,0,0.0,1.0,0.0,0.0,0.0,0.0,True,17.837593,True,528.1558349031162
RDL-n25-04,number_of_drones,0,6,10000,0.1,0.4,0.997,100,528.155835,528.155835,0.0,0.0,0.0,0,0.0,1.0,0.0,0.0,0.0,0.0,True,14.836588,False,
RDL-n25-04,number_of_drones,2,6,10000,0.1,0.4,0.997,100,528.155835,528.155835,0.0,0.0,0.0,0,0.0,1.0,0.0,0.0,0.0,0.0,True,16.106906,True,528.1558349031161
RDL-n25-04,number_of_drones,4,6,10000,0.1,0.4,0.997,100,528.155835,528.155835,0.0,0.0,0.0,0,0.0,1.0,0.0,0.0,0.0,0.0,True,17.046416,True,528.1558349031161
RDL-n25-04,number_of_drones,6,6,10000,0.1,0.4,0.997,100,528.155835,528.155835,0.0,0.0,0.0,0,0.0,1.0,0.0,0.0,0.0,0.0,True,17.41629,True,528.1558349031161
RDL-n25-04,number_of_drones,8,6,10000,0.1,0.4,0.997,100,528.155835,528.155835,0.0,0.0,0.0,0,0.0,1.0,0.0,0.0,0.0,0.0,True,17.313678,True,528.1558349031161
RDL-n25-04,number_of_drones,10,6,10000,0.1,0.4,0.997,100,528.155835,528.155835,0.0,0.0,0.0,0,0.0,1.0,0.0,0.0,0.0,0.0,True,17.293922,True,528.1558349031161
RDL-n25-04,number_of_drones,12,6,10000,0.1,0.4,0.997,100,528.155835,528.155835,0.0,0.0,0.0,0,0.0,1.0,0.0,0.0,0.0,0.0,True,17.314491,True,528.1558349031161
RDL-n25-04,number_of_drones,0,7,10000,0.1,0.4,0.997,100,528.155835,528.155835,0.0,0.0,0.0,0,0.0,1.0,0.0,0.0,0.0,0.0,True,14.803753,False,
RDL-n25-04,number_of_drones,2,7,10000,0.1,0.4,0.997,100,528.155835,528.155835,0.0,0.0,0.0,0,0.0,1.0,0.0,0.0,0.0,0.0,True,16.423071,True,528.1558349031161
RDL-n25-04,number_of_drones,4,7,10000,0.1,0.4,0.997,100,528.155835,528.155835,0.0,0.0,0.0,0,0.0,1.0,0.0,0.0,0.0,0.0,True,17.364522,True,528.1558349031161
RDL-n25-04,number_of_drones,6,7,10000,0.1,0.4,0.997,100,528.155835,528.155835,0.0,0.0,0.0,0,0.0,1.0,0.0,0.0,0.0,0.0,True,17.443833,True,528.1558349031161
RDL-n25-04,number_of_drones,8,7,10000,0.1,0.4,0.997,100,528.155835,528.155835,0.0,0.0,0.0,0,0.0,1.0,0.0,0.0,0.0,0.0,True,17.495717,True,528.1558349031161
RDL-n25-04,number_of_drones,10,7,10000,0.1,0.4,0.997,100,528.155835,528.155835,0.0,0.0,0.0,0,0.0,1.0,0.0,0.0,0.0,0.0,True,17.427781,True,528.1558349031161
RDL-n25-04,number_of_drones,12,7,10000,0.1,0.4,0.997,100,528.155835,528.155835,0.0,0.0,0.0,0,0.0,1.0,0.0,0.0,0.0,0.0,True,16.921506,True,528.1558349031161
RDL-n25-04,number_of_drones,0,8,10000,0.1,0.4,0.997,100,528.155835,528.155835,0.0,0.0,0.0,0,0.0,1.0,0.0,0.0,0.0,0.0,True,14.489364,False,
RDL-n25-04,number_of_drones,2,8,10000,0.1,0.4,0.997,100,528.155835,528.155835,0.0,0.0,0.0,0,0.0,1.0,0.0,0.0,0.0,0.0,True,16.508932,True,528.1558349031162
RDL-n25-04,number_of_drones,4,8,10000,0.1,0.4,0.997,100,528.155835,528.155835,0.0,0.0,0.0,0,0.0,1.0,0.0,0.0,0.0,0.0,True,17.191804,True,528.1558349031162
RDL-n25-04,number_of_drones,6,8,10000,0.1,0.4,0.997,100,528.155835,528.155835,0.0,0.0,0.0,0,0.0,1.0,0.0,0.0,0.0,0.0,True,17.576499,True,528.1558349031162
RDL-n25-04,number_of_drones,8,8,10000,0.1,0.4,0.997,100,528.155835,528.155835,0.0,0.0,0.0,0,0.0,1.0,0.0,0.0,0.0,0.0,True,16.527013,True,528.1558349031162
RDL-n25-04,number_of_drones,10,8,10000,0.1,0.4,0.997,100,528.155835,528.155835,0.0,0.0,0.0,0,0.0,1.0,0.0,0.0,0.0,0.0,True,16.672008,True,528.1558349031162
RDL-n25-04,number_of_drones,12,8,10000,0.1,0.4,0.997,100,528.155835,528.155835,0.0,0.0,0.0,0,0.0,1.0,0.0,0.0,0.0,0.0,True,16.061241,True,528.1558349031162
RDL-n25-04,number_of_drones,0,9,10000,0.1,0.4,0.997,100,528.155835,528.155835,0.0,0.0,0.0,0,0.0,1.0,0.0,0.0,0.0,0.0,True,14.077404,False,
RDL-n25-04,number_of_drones,2,9,10000,0.1,0.4,0.997,100,528.155835,528.155835,0.0,0.0,0.0,0,0.0,1.0,0.0,0.0,0.0,0.0,True,15.506684,True,528.1558349031162
RDL-n25-04,number_of_drones,4,9,10000,0.1,0.4,0.997,100,528.155835,528.155835,0.0,0.0,0.0,0,0.0,1.0,0.0,0.0,0.0,0.0,True,16.179767,True,528.1558349031162
RDL-n25-04,number_of_drones,6,9,10000,0.1,0.4,0.997,100,528.155835,528.155835,0.0,0.0,0.0,0,0.0,1.0,0.0,0.0,0.0,0.0,True,16.620984,True,528.1558349031162
RDL-n25-04,number_of_drones,8,9,10000,0.1,0.4,0.997,100,528.155835,528.155835,0.0,0.0,0.0,0,0.0,1.0,0.0,0.0,0.0,0.0,True,16.492945,True,528.1558349031162
RDL-n25-04,number_of_drones,10,9,10000,0.1,0.4,0.997,100,528.155835,528.155835,0.0,0.0,0.0,0,0.0,1.0,0.0,0.0,0.0,0.0,True,16.323717,True,528.1558349031162
RDL-n25-04,number_of_drones,12,9,10000,0.1,0.4,0.997,100,528.155835,528.155835,0.0,0.0,0.0,0,0.0,1.0,0.0,0.0,0.0,0.0,True,16.705179,True,528.1558349031162
RDL-n25-04,number_of_drones,0,10,10000,0.1,0.4,0.997,100,528.155835,528.155835,0.0,0.0,0.0,0,0.0,1.0,0.0,0.0,0.0,0.0,True,14.182485,False,
RDL-n25-04,number_of_drones,2,10,10000,0.1,0.4,0.997,100,528.155835,528.155835,0.0,0.0,0.0,0,0.0,1.0,0.0,0.0,0.0,0.0,True,15.499661,True,528.1558349031163
RDL-n25-04,number_of_drones,4,10,10000,0.1,0.4,0.997,100,528.155835,528.155835,0.0,0.0,0.0,0,0.0,1.0,0.0,0.0,0.0,0.0,True,16.083823,True,528.1558349031163
RDL-n25-04,number_of_drones,6,10,10000,0.1,0.4,0.997,100,528.155835,528.155835,0.0,0.0,0.0,0,0.0,1.0,0.0,0.0,0.0,0.0,True,16.842039,True,528.1558349031163
RDL-n25-04,number_of_drones,8,10,10000,0.1,0.4,0.997,100,528.155835,528.155835,0.0,0.0,0.0,0,0.0,1.0,0.0,0.0,0.0,0.0,True,16.559738,True,528.1558349031163
RDL-n25-04,number_of_drones,10,10,10000,0.1,0.4,0.997,100,528.155835,528.155835,0.0,0.0,0.0,0,0.0,1.0,0.0,0.0,0.0,0.0,True,16.664095,True,528.1558349031163
RDL-n25-04,number_of_drones,12,10,10000,0.1,0.4,0.997,100,528.155835,528.155835,0.0,0.0,0.0,0,0.0,1.0,0.0,0.0,0.0,0.0,True,16.595351,True,528.1558349031163
RDL-n25-04,drone_range,8,1,10000,0.1,0.4,0.997,100,528.155835,528.155835,0.0,0.0,0.0,0,0.0,1.0,0.0,0.0,0.0,0.0,True,19.941768,False,
RDL-n25-04,drone_range,12,1,10000,0.1,0.4,0.997,100,528.155835,528.155835,0.0,0.0,0.0,0,0.0,1.0,0.0,0.0,0.0,0.0,True,19.82648,True,528.1558349031162
RDL-n25-04,drone_range,16,1,10000,0.1,0.4,0.997,100,528.155835,528.155835,0.0,0.0,0.0,0,0.0,1.0,0.0,0.0,0.0,0.0,True,18.99412,True,528.1558349031162
RDL-n25-04,drone_range,20,1,10000,0.1,0.4,0.997,100,528.155835,528.155835,0.0,0.0,0.0,0,0.0,1.0,0.0,0.0,0.0,0.0,True,16.604864,True,528.1558349031162
RDL-n25-04,drone_range,24,1,10000,0.1,0.4,0.997,100,528.155835,528.155835,0.0,0.0,0.0,0,0.0,1.0,0.0,0.0,0.0,0.0,True,16.524447,True,528.1558349031162
RDL-n25-04,drone_range,30,1,10000,0.1,0.4,0.997,100,528.155835,528.155835,0.0,0.0,0.0,0,0.0,1.0,0.0,0.0,0.0,0.0,True,16.545226,True,528.1558349031162
RDL-n25-04,drone_range,8,2,10000,0.1,0.4,0.997,100,528.155835,528.155835,0.0,0.0,0.0,0,0.0,1.0,0.0,0.0,0.0,0.0,True,20.37874,False,
RDL-n25-04,drone_range,12,2,10000,0.1,0.4,0.997,100,528.155835,528.155835,0.0,0.0,0.0,0,0.0,1.0,0.0,0.0,0.0,0.0,True,20.110394,True,528.1558349031161
RDL-n25-04,drone_range,16,2,10000,0.1,0.4,0.997,100,528.155835,528.155835,0.0,0.0,0.0,0,0.0,1.0,0.0,0.0,0.0,0.0,True,18.711912,True,528.1558349031161
RDL-n25-04,drone_range,20,2,10000,0.1,0.4,0.997,100,528.155835,528.155835,0.0,0.0,0.0,0,0.0,1.0,0.0,0.0,0.0,0.0,True,16.741665,True,528.1558349031161
RDL-n25-04,drone_range,24,2,10000,0.1,0.4,0.997,100,528.155835,528.155835,0.0,0.0,0.0,0,0.0,1.0,0.0,0.0,0.0,0.0,True,16.805822,True,528.1558349031161
RDL-n25-04,drone_range,30,2,10000,0.1,0.4,0.997,100,528.155835,528.155835,0.0,0.0,0.0,0,0.0,1.0,0.0,0.0,0.0,0.0,True,16.814942,True,528.1558349031161
RDL-n25-04,drone_range,8,3,10000,0.1,0.4,0.997,100,528.155835,528.155835,0.0,0.0,0.0,0,0.0,1.0,0.0,0.0,0.0,0.0,True,19.698353,False,
RDL-n25-04,drone_range,12,3,10000,0.1,0.4,0.997,100,528.155835,528.155835,0.0,0.0,0.0,0,0.0,1.0,0.0,0.0,0.0,0.0,True,19.78716,True,528.1558349031161
RDL-n25-04,drone_range,16,3,10000,0.1,0.4,0.997,100,528.155835,528.155835,0.0,0.0,0.0,0,0.0,1.0,0.0,0.0,0.0,0.0,True,19.090529,True,528.1558349031161
RDL-n25-04,drone_range,20,3,10000,0.1,0.4,0.997,100,528.155835,528.155835,0.0,0.0,0.0,0,0.0,1.0,0.0,0.0,0.0,0.0,True,16.350602,True,528.1558349031161
RDL-n25-04,drone_range,24,3,10000,0.1,0.4,0.997,100,528.155835,528.155835,0.0,0.0,0.0,0,0.0,1.0,0.0,0.0,0.0,0.0,True,16.398756,True,528.1558349031161
RDL-n25-04,drone_range,30,3,10000,0.1,0.4,0.997,100,528.155835,528.155835,0.0,0.0,0.0,0,0.0,1.0,0.0,0.0,0.0,0.0,True,16.361455,True,528.1558349031161
RDL-n25-04,drone_range,8,4,10000,0.1,0.4,0.997,100,531.57073,531.57073,0.0,0.0,0.0,0,0.0,1.0,0.0,0.0,0.0,0.0,True,19.496081,False,
RDL-n25-04,drone_range,12,4,10000,0.1,0.4,0.997,100,528.155835,528.155835,0.0,0.0,0.0,0,0.0,1.0,0.0,0.0,0.0,0.0,True,19.653561,True,531.5707300922406
RDL-n25-04,drone_range,16,4,10000,0.1,0.4,0.997,100,528.155835,528.155835,0.0,0.0,0.0,0,0.0,1.0,0.0,0.0,0.0,0.0,True,19.278276,True,528.1558349031162
RDL-n25-04,drone_range,20,4,10000,0.1,0.4,0.997,100,528.155835,528.155835,0.0,0.0,0.0,0,0.0,1.0,0.0,0.0,0.0,0.0,True,16.741511,True,528.1558349031162
RDL-n25-04,drone_range,24,4,10000,0.1,0.4,0.997,100,528.155835,528.155835,0.0,0.0,0.0,0,0.0,1.0,0.0,0.0,0.0,0.0,True,16.73559,True,528.1558349031162
RDL-n25-04,drone_range,30,4,10000,0.1,0.4,0.997,100,528.155835,528.155835,0.0,0.0,0.0,0,0.0,1.0,0.0,0.0,0.0,0.0,True,16.777771,True,528.1558349031162
RDL-n25-04,drone_range,8,5,10000,0.1,0.4,0.997,100,528.163933,528.163933,0.0,0.0,0.0,0,0.0,1.0,0.0,0.0,0.0,0.0,True,20.142293,False,
RDL-n25-04,drone_range,12,5,10000,0.1,0.4,0.997,100,528.155835,528.155835,0.0,0.0,0.0,0,0.0,0.96,0.006669,0.166735,0.0,0.0,True,20.030623,True,528.1639328321244
RDL-n25-04,drone_range,16,5,10000,0.1,0.4,0.997,100,528.155835,528.155835,0.0,0.0,0.0,0,0.0,0.96,0.006669,0.166735,0.0,0.0,True,18.886497,True,528.1558349031161
RDL-n25-04,drone_range,20,5,10000,0.1,0.4,0.997,100,528.155835,528.155835,0.0,0.0,0.0,0,0.0,0.96,0.006669,0.166735,0.0,0.0,True,18.61173,True,528.1558349031161
RDL-n25-04,drone_range,24,5,10000,0.1,0.4,0.997,100,528.155835,528.155835,0.0,0.0,0.0,0,0.0,0.96,0.006669,0.166735,0.0,0.0,True,18.811696,True,528.1558349031161
RDL-n25-04,drone_range,30,5,10000,0.1,0.4,0.997,100,528.155835,528.155835,0.0,0.0,0.0,0,0.0,0.96,0.006669,0.166735,0.0,0.0,True,18.862635,True,528.1558349031161
RDL-n25-04,drone_range,8,6,10000,0.1,0.4,0.997,100,528.155835,528.155835,0.0,0.0,0.0,0,0.0,1.0,0.0,0.0,0.0,0.0,True,23.213852,False,
RDL-n25-04,drone_range,12,6,10000,0.1,0.4,0.997,100,528.155835,528.155835,0.0,0.0,0.0,0,0.0,1.0,0.0,0.0,0.0,0.0,True,23.656354,True,528.1558349031162
RDL-n25-04,drone_range,16,6,10000,0.1,0.4,0.997,100,528.155835,528.155835,0.0,0.0,0.0,0,0.0,1.0,0.0,0.0,0.0,0.0,True,22.008106,True,528.1558349031162
RDL-n25-04,drone_range,20,6,10000,0.1,0.4,0.997,100,528.155835,528.155835,0.0,0.0,0.0,0,0.0,1.0,0.0,0.0,0.0,0.0,True,19.240165,True,528.1558349031162
RDL-n25-04,drone_range,24,6,10000,0.1,0.4,0.997,100,528.155835,528.155835,0.0,0.0,0.0,0,0.0,1.0,0.0,0.0,0.0,0.0,True,19.526756,True,528.1558349031162
RDL-n25-04,drone_range,30,6,10000,0.1,0.4,0.997,100,528.155835,528.155835,0.0,0.0,0.0,0,0.0,1.0,0.0,0.0,0.0,0.0,True,19.238937,True,528.1558349031162
RDL-n25-04,drone_range,8,7,10000,0.1,0.4,0.997,100,528.155835,528.155835,0.0,0.0,0.0,0,0.0,1.0,0.0,0.0,0.0,0.0,True,23.003274,False,
RDL-n25-04,drone_range,12,7,10000,0.1,0.4,0.997,100,528.155835,528.155835,0.0,0.0,0.0,0,0.0,1.0,0.0,0.0,0.0,0.0,True,23.345751,True,528.1558349031162
RDL-n25-04,drone_range,16,7,10000,0.1,0.4,0.997,100,528.155835,528.155835,0.0,0.0,0.0,0,0.0,1.0,0.0,0.0,0.0,0.0,True,21.719399,True,528.1558349031162
RDL-n25-04,drone_range,20,7,10000,0.1,0.4,0.997,100,528.155835,528.155835,0.0,0.0,0.0,0,0.0,1.0,0.0,0.0,0.0,0.0,True,20.696572,True,528.1558349031162
RDL-n25-04,drone_range,24,7,10000,0.1,0.4,0.997,100,528.155835,528.155835,0.0,0.0,0.0,0,0.0,1.0,0.0,0.0,0.0,0.0,True,19.31654,True,528.1558349031162
RDL-n25-04,drone_range,30,7,10000,0.1,0.4,0.997,100,528.155835,528.155835,0.0,0.0,0.0,0,0.0,1.0,0.0,0.0,0.0,0.0,True,19.284582,True,528.1558349031162
RDL-n25-04,drone_range,8,8,10000,0.1,0.4,0.997,100,528.155835,528.155835,0.0,0.0,0.0,0,0.0,1.0,0.0,0.0,0.0,0.0,True,23.178778,False,
RDL-n25-04,drone_range,12,8,10000,0.1,0.4,0.997,100,528.155835,528.155835,0.0,0.0,0.0,0,0.0,1.0,0.0,0.0,0.0,0.0,True,23.418717,True,528.1558349031162
RDL-n25-04,drone_range,16,8,10000,0.1,0.4,0.997,100,528.155835,528.155835,0.0,0.0,0.0,0,0.0,1.0,0.0,0.0,0.0,0.0,True,21.97545,True,528.1558349031162
RDL-n25-04,drone_range,20,8,10000,0.1,0.4,0.997,100,528.155835,528.155835,0.0,0.0,0.0,0,0.0,1.0,0.0,0.0,0.0,0.0,True,19.585835,True,528.1558349031162
RDL-n25-04,drone_range,24,8,10000,0.1,0.4,0.997,100,528.155835,528.155835,0.0,0.0,0.0,0,0.0,1.0,0.0,0.0,0.0,0.0,True,19.487957,True,528.1558349031162
RDL-n25-04,drone_range,30,8,10000,0.1,0.4,0.997,100,528.155835,528.155835,0.0,0.0,0.0,0,0.0,1.0,0.0,0.0,0.0,0.0,True,19.539568,True,528.1558349031162
RDL-n25-04,drone_range,8,9,10000,0.1,0.4,0.997,100,528.155835,528.155835,0.0,0.0,0.0,0,0.0,0.96,0.006669,0.166735,0.0,0.0,True,22.034278,False,
RDL-n25-04,drone_range,12,9,10000,0.1,0.4,0.997,100,528.155835,528.155835,0.0,0.0,0.0,0,0.0,0.96,0.006669,0.166735,0.0,0.0,True,22.452442,True,528.1558349031161
RDL-n25-04,drone_range,16,9,10000,0.1,0.4,0.997,100,528.155835,528.155835,0.0,0.0,0.0,0,0.0,0.96,0.006669,0.166735,0.0,0.0,True,20.798801,True,528.1558349031161
RDL-n25-04,drone_range,20,9,10000,0.1,0.4,0.997,100,528.155835,528.155835,0.0,0.0,0.0,0,0.0,0.96,0.006669,0.166735,0.0,0.0,True,18.611456,True,528.1558349031161
RDL-n25-04,drone_range,24,9,10000,0.1,0.4,0.997,100,528.155835,528.155835,0.0,0.0,0.0,0,0.0,0.96,0.006669,0.166735,0.0,0.0,True,18.664723,True,528.1558349031161
RDL-n25-04,drone_range,30,9,10000,0.1,0.4,0.997,100,528.155835,528.155835,0.0,0.0,0.0,0,0.0,0.96,0.006669,0.166735,0.0,0.0,True,18.499432,True,528.1558349031161
RDL-n25-04,drone_range,8,10,10000,0.1,0.4,0.997,100,528.155835,528.155835,0.0,0.0,0.0,0,0.0,1.0,0.0,0.0,0.0,0.0,True,22.40465,False,
RDL-n25-04,drone_range,12,10,10000,0.1,0.4,0.997,100,528.155835,528.155835,0.0,0.0,0.0,0,0.0,1.0,0.0,0.0,0.0,0.0,True,22.457703,True,528.1558349031161
RDL-n25-04,drone_range,16,10,10000,0.1,0.4,0.997,100,528.155835,528.155835,0.0,0.0,0.0,0,0.0,1.0,0.0,0.0,0.0,0.0,True,21.783645,True,528.1558349031161
RDL-n25-04,drone_range,20,10,10000,0.1,0.4,0.997,100,528.155835,528.155835,0.0,0.0,0.0,0,0.0,1.0,0.0,0.0,0.0,0.0,True,18.911377,True,528.1558349031161
RDL-n25-04,drone_range,24,10,10000,0.1,0.4,0.997,100,528.155835,528.155835,0.0,0.0,0.0,0,0.0,1.0,0.0,0.0,0.0,0.0,True,18.960035,True,528.1558349031161
RDL-n25-04,drone_range,30,10,10000,0.1,0.4,0.997,100,528.155835,528.155835,0.0,0.0,0.0,0,0.0,1.0,0.0,0.0,0.0,0.0,True,18.829538,True,528.1558349031161
RDL-n25-04,number_of_lockers,2,1,10000,0.1,0.4,0.997,100,529.242839,529.242839,0.0,0.0,0.0,0,0.0,1.0,0.0,0.0,0.0,0.0,True,15.855833,False,
RDL-n25-04,number_of_lockers,3,1,10000,0.1,0.4,0.997,100,528.155835,528.155835,0.0,0.0,0.0,0,0.0,1.0,0.0,0.0,0.0,0.0,True,17.121751,True,529.2428392149772
RDL-n25-04,number_of_lockers,4,1,10000,0.1,0.4,0.997,100,528.155835,528.155835,0.0,0.0,0.0,0,0.0,1.0,0.0,0.0,0.0,0.0,True,19.133842,True,528.1558349031162
RDL-n25-04,number_of_lockers,5,1,10000,0.1,0.4,0.997,100,528.155835,528.155835,0.0,0.0,0.0,0,0.0,1.0,0.0,0.0,0.0,0.0,True,18.911448,True,528.1558349031162
RDL-n25-04,number_of_lockers,6,1,10000,0.1,0.4,0.997,100,528.155835,528.155835,0.0,0.0,0.0,0,0.0,1.0,0.0,0.0,0.0,0.0,True,18.043436,True,528.1558349031162
RDL-n25-04,number_of_lockers,8,1,10000,0.1,0.4,0.997,100,528.155835,528.155835,0.0,0.0,0.0,0,0.0,1.0,0.0,0.0,0.0,0.0,True,19.04503,True,528.1558349031162
RDL-n25-04,number_of_lockers,10,1,10000,0.1,0.4,0.997,100,528.155835,528.155835,0.0,0.0,0.0,0,0.0,1.0,0.0,0.0,0.0,0.0,True,19.410476,True,528.1558349031162
RDL-n25-04,number_of_lockers,2,2,10000,0.1,0.4,0.997,100,532.457913,532.457913,0.0,0.0,0.0,0,0.0,1.0,0.0,0.0,0.0,0.0,True,17.094749,False,
RDL-n25-04,number_of_lockers,3,2,10000,0.1,0.4,0.997,100,528.155835,528.155835,0.0,0.0,0.0,0,0.0,1.0,0.0,0.0,0.0,0.0,True,18.361219,True,532.4579125728854
RDL-n25-04,number_of_lockers,4,2,10000,0.1,0.4,0.997,100,528.155835,528.155835,0.0,0.0,0.0,0,0.0,1.0,0.0,0.0,0.0,0.0,True,20.139295,True,528.1558349031162
RDL-n25-04,number_of_lockers,5,2,10000,0.1,0.4,0.997,100,528.155835,528.155835,0.0,0.0,0.0,0,0.0,1.0,0.0,0.0,0.0,0.0,True,19.988446,True,528.1558349031162
RDL-n25-04,number_of_lockers,6,2,10000,0.1,0.4,0.997,100,528.155835,528.155835,0.0,0.0,0.0,0,0.0,1.0,0.0,0.0,0.0,0.0,True,19.916398,True,528.1558349031162
RDL-n25-04,number_of_lockers,8,2,10000,0.1,0.4,0.997,100,528.155835,528.155835,0.0,0.0,0.0,0,0.0,1.0,0.0,0.0,0.0,0.0,True,20.084306,True,528.1558349031162
RDL-n25-04,number_of_lockers,10,2,10000,0.1,0.4,0.997,100,528.155835,528.155835,0.0,0.0,0.0,0,0.0,1.0,0.0,0.0,0.0,0.0,True,19.986021,True,528.1558349031162
RDL-n25-04,number_of_lockers,2,3,10000,0.1,0.4,0.997,100,529.706649,529.706649,0.0,0.0,0.0,0,0.0,1.0,0.0,0.0,0.0,0.0,True,16.794535,False,
RDL-n25-04,number_of_lockers,3,3,10000,0.1,0.4,0.997,100,528.163933,528.163933,0.0,0.0,0.0,0,0.0,1.0,0.0,0.0,0.0,0.0,True,17.667151,True,529.7066494163236
RDL-n25-04,number_of_lockers,4,3,10000,0.1,0.4,0.997,100,528.163933,528.163933,0.0,0.0,0.0,0,0.0,1.0,0.0,0.0,0.0,0.0,True,20.363988,True,528.1639328321246
RDL-n25-04,number_of_lockers,5,3,10000,0.1,0.4,0.997,100,528.163933,528.163933,0.0,0.0,0.0,0,0.0,1.0,0.0,0.0,0.0,0.0,True,19.355328,True,528.1639328321246
RDL-n25-04,number_of_lockers,6,3,10000,0.1,0.4,0.997,100,528.163933,528.163933,0.0,0.0,0.0,0,0.0,1.0,0.0,0.0,0.0,0.0,True,19.508759,True,528.1639328321246
RDL-n25-04,number_of_lockers,8,3,10000,0.1,0.4,0.997,100,528.163933,528.163933,0.0,0.0,0.0,0,0.0,1.0,0.0,0.0,0.0,0.0,True,19.806161,True,528.1639328321246
RDL-n25-04,number_of_lockers,10,3,10000,0.1,0.4,0.997,100,528.163933,528.163933,0.0,0.0,0.0,0,0.0,1.0,0.0,0.0,0.0,0.0,True,19.817318,True,528.1639328321246
RDL-n25-04,number_of_lockers,2,4,10000,0.1,0.4,0.997,100,531.57073,531.57073,0.0,0.0,0.0,0,0.0,1.0,0.0,0.0,0.0,0.0,True,16.730089,False,
RDL-n25-04,number_of_lockers,3,4,10000,0.1,0.4,0.997,100,528.920307,528.920307,0.0,0.0,0.0,0,0.0,1.0,0.0,0.0,0.0,0.0,True,17.921502,True,531.5707300922406
RDL-n25-04,number_of_lockers,4,4,10000,0.1,0.4,0.997,100,528.920307,528.920307,0.0,0.0,0.0,0,0.0,1.0,0.0,0.0,0.0,0.0,True,18.70984,True,528.920307033665
RDL-n25-04,number_of_lockers,5,4,10000,0.1,0.4,0.997,100,528.163933,528.163933,0.0,0.0,0.0,0,0.0,1.0,0.0,0.0,0.0,0.0,True,19.23476,True,528.920307033665
RDL-n25-04,number_of_lockers,6,4,10000,0.1,0.4,0.997,100,528.163933,528.163933,0.0,0.0,0.0,0,0.0,1.0,0.0,0.0,0.0,0.0,True,19.333057,True,528.1639328321246
RDL-n25-04,number_of_lockers,8,4,10000,0.1,0.4,0.997,100,528.163933,528.163933,0.0,0.0,0.0,0,0.0,1.0,0.0,0.0,0.0,0.0,True,19.540419,True,528.1639328321246
RDL-n25-04,number_of_lockers,10,4,10000,0.1,0.4,0.997,100,528.163933,528.163933,0.0,0.0,0.0,0,0.0,1.0,0.0,0.0,0.0,0.0,True,19.556487,True,528.1639328321246
RDL-n25-04,number_of_lockers,2,5,10000,0.1,0.4,0.997,100,531.57073,531.57073,0.0,0.0,0.0,0,0.0,1.0,0.0,0.0,0.0,0.0,True,16.824003,False,
RDL-n25-04,number_of_lockers,3,5,10000,0.1,0.4,0.997,100,531.57073,531.57073,0.0,0.0,0.0,0,0.0,1.0,0.0,0.0,0.0,0.0,True,17.524337,True,531.5707300922406
RDL-n25-04,number_of_lockers,4,5,10000,0.1,0.4,0.997,100,529.234741,529.234741,0.0,0.0,0.0,0,0.0,1.0,0.0,0.0,0.0,0.0,True,20.200213,True,531.5707300922406
RDL-n25-04,number_of_lockers,5,5,10000,0.1,0.4,0.997,100,528.155835,528.155835,0.0,0.0,0.0,0,0.0,1.0,0.0,0.0,0.0,0.0,True,18.99638,True,529.2347412859689
RDL-n25-04,number_of_lockers,6,5,10000,0.1,0.4,0.997,100,528.155835,528.155835,0.0,0.0,0.0,0,0.0,1.0,0.0,0.0,0.0,0.0,True,19.507794,True,528.1558349031163
RDL-n25-04,number_of_lockers,8,5,10000,0.1,0.4,0.997,100,528.155835,528.155835,0.0,0.0,0.0,0,0.0,1.0,0.0,0.0,0.0,0.0,True,19.308078,True,528.1558349031163
RDL-n25-04,number_of_lockers,10,5,10000,0.1,0.4,0.997,100,528.155835,528.155835,0.0,0.0,0.0,0,0.0,1.0,0.0,0.0,0.0,0.0,True,19.457003,True,528.1558349031163
RDL-n25-04,number_of_lockers,2,6,10000,0.1,0.4,0.997,100,529.234741,529.234741,0.0,0.0,0.0,0,0.0,1.0,0.0,0.0,0.0,0.0,True,16.635245,False,
RDL-n25-04,number_of_lockers,3,6,10000,0.1,0.4,0.997,100,529.017587,529.017587,0.0,0.0,0.0,0,0.0,1.0,0.0,0.0,0.0,0.0,True,18.073471,True,529.2347412859687
RDL-n25-04,number_of_lockers,4,6,10000,0.1,0.4,0.997,100,528.912209,528.912209,0.0,0.0,0.0,0,0.0,1.0,0.0,0.0,0.0,0.0,True,19.776368,True,529.0175873976326
RDL-n25-04,number_of_lockers,5,6,10000,0.1,0.4,0.997,100,528.912209,528.912209,0.0,0.0,0.0,0,0.0,1.0,0.0,0.0,0.0,0.0,True,19.846106,True,528.9122091046565
RDL-n25-04,number_of_lockers,6,6,10000,0.1,0.4,0.997,100,528.912209,528.912209,0.0,0.0,0.0,0,0.0,1.0,0.0,0.0,0.0,0.0,True,19.73644,True,528.9122091046565
RDL-n25-04,number_of_lockers,8,6,10000,0.1,0.4,0.997,100,528.912209,528.912209,0.0,0.0,0.0,0,0.0,1.0,0.0,0.0,0.0,0.0,True,19.285271,True,528.9122091046565
RDL-n25-04,number_of_lockers,10,6,10000,0.1,0.4,0.997,100,528.912209,528.912209,0.0,0.0,0.0,0,0.0,1.0,0.0,0.0,0.0,0.0,True,19.335032,True,528.9122091046565
RDL-n25-04,number_of_lockers,2,7,10000,0.1,0.4,0.997,100,531.57073,531.57073,0.0,0.0,0.0,0,0.0,1.0,0.0,0.0,0.0,0.0,True,16.399007,False,
RDL-n25-04,number_of_lockers,3,7,10000,0.1,0.4,0.997,100,531.57073,531.57073,0.0,0.0,0.0,0,0.0,1.0,0.0,0.0,0.0,0.0,True,17.603653,True,531.5707300922406
RDL-n25-04,number_of_lockers,4,7,10000,0.1,0.4,0.997,100,531.57073,531.57073,0.0,0.0,0.0,0,0.0,1.0,0.0,0.0,0.0,0.0,True,18.973951,True,531.5707300922406
RDL-n25-04,number_of_lockers,5,7,10000,0.1,0.4,0.997,100,528.163933,528.163933,0.0,0.0,0.0,0,0.0,1.0,0.0,0.0,0.0,0.0,True,19.67019,True,531.5707300922406
RDL-n25-04,number_of_lockers,6,7,10000,0.1,0.4,0.997,100,528.163933,528.163933,0.0,0.0,0.0,0,0.0,1.0,0.0,0.0,0.0,0.0,True,19.427697,True,528.1639328321245
RDL-n25-04,number_of_lockers,8,7,10000,0.1,0.4,0.997,100,528.163933,528.163933,0.0,0.0,0.0,0,0.0,1.0,0.0,0.0,0.0,0.0,True,19.623581,True,528.1639328321245
RDL-n25-04,number_of_lockers,10,7,10000,0.1,0.4,0.997,100,528.163933,528.163933,0.0,0.0,0.0,0,0.0,1.0,0.0,0.0,0.0,0.0,True,19.641756,True,528.1639328321245
RDL-n25-04,number_of_lockers,2,8,10000,0.1,0.4,0.997,100,531.835016,531.835016,0.0,0.0,0.0,0,0.0,1.0,0.0,0.0,0.0,0.0,True,16.07342,False,
RDL-n25-04,number_of_lockers,3,8,10000,0.1,0.4,0.997,100,531.57073,531.57073,0.0,0.0,0.0,0,0.0,1.0,0.0,0.0,0.0,0.0,True,17.250669,True,531.8350161239114
RDL-n25-04,number_of_lockers,4,8,10000,0.1,0.4,0.997,100,531.57073,531.57073,0.0,0.0,0.0,0,0.0,1.0,0.0,0.0,0.0,0.0,True,19.006002,True,531.5707300922406
RDL-n25-04,number_of_lockers,5,8,10000,0.1,0.4,0.997,100,531.57073,531.57073,0.0,0.0,0.0,0,0.0,1.0,0.0,0.0,0.0,0.0,True,19.55849,True,531.5707300922406
RDL-n25-04,number_of_lockers,6,8,10000,0.1,0.4,0.997,100,531.57073,531.57073,0.0,0.0,0.0,0,0.0,1.0,0.0,0.0,0.0,0.0,True,19.435972,True,531.5707300922406
RDL-n25-04,number_of_lockers,8,8,10000,0.1,0.4,0.997,100,531.57073,531.57073,0.0,0.0,0.0,0,0.0,1.0,0.0,0.0,0.0,0.0,True,19.271278,True,531.5707300922406
RDL-n25-04,number_of_lockers,10,8,10000,0.1,0.4,0.997,100,531.57073,531.57073,0.0,0.0,0.0,0,0.0,1.0,0.0,0.0,0.0,0.0,True,19.280089,True,531.5707300922406
RDL-n25-04,number_of_lockers,2,9,10000,0.1,0.4,0.997,100,528.155835,528.155835,0.0,0.0,0.0,0,0.0,1.0,0.0,0.0,0.0,0.0,True,16.276383,False,
RDL-n25-04,number_of_lockers,3,9,10000,0.1,0.4,0.997,100,528.155835,528.155835,0.0,0.0,0.0,0,0.0,1.0,0.0,0.0,0.0,0.0,True,17.616214,True,528.1558349031161
RDL-n25-04,number_of_lockers,4,9,10000,0.1,0.4,0.997,100,528.155835,528.155835,0.0,0.0,0.0,0,0.0,1.0,0.0,0.0,0.0,0.0,True,18.820038,True,528.1558349031161
RDL-n25-04,number_of_lockers,5,9,10000,0.1,0.4,0.997,100,528.155835,528.155835,0.0,0.0,0.0,0,0.0,1.0,0.0,0.0,0.0,0.0,True,19.021094,True,528.1558349031161
RDL-n25-04,number_of_lockers,6,9,10000,0.1,0.4,0.997,100,528.155835,528.155835,0.0,0.0,0.0,0,0.0,1.0,0.0,0.0,0.0,0.0,True,18.907259,True,528.1558349031161
RDL-n25-04,number_of_lockers,8,9,10000,0.1,0.4,0.997,100,528.155835,528.155835,0.0,0.0,0.0,0,0.0,1.0,0.0,0.0,0.0,0.0,True,19.681539,True,528.1558349031161
RDL-n25-04,number_of_lockers,10,9,10000,0.1,0.4,0.997,100,528.155835,528.155835,0.0,0.0,0.0,0,0.0,1.0,0.0,0.0,0.0,0.0,True,19.709181,True,528.1558349031161
RDL-n25-04,number_of_lockers,2,10,10000,0.1,0.4,0.997,100,529.741607,529.741607,0.0,0.0,0.0,0,0.0,1.0,0.0,0.0,0.0,0.0,True,16.420104,False,
RDL-n25-04,number_of_lockers,3,10,10000,0.1,0.4,0.997,100,528.155835,528.155835,0.0,0.0,0.0,0,0.0,1.0,0.0,0.0,0.0,0.0,True,17.736053,True,529.7416071559012
RDL-n25-04,number_of_lockers,4,10,10000,0.1,0.4,0.997,100,528.155835,528.155835,0.0,0.0,0.0,0,0.0,1.0,0.0,0.0,0.0,0.0,True,19.552511,True,528.1558349031161
RDL-n25-04,number_of_lockers,5,10,10000,0.1,0.4,0.997,100,528.155835,528.155835,0.0,0.0,0.0,0,0.0,1.0,0.0,0.0,0.0,0.0,True,19.151809,True,528.1558349031161
RDL-n25-04,number_of_lockers,6,10,10000,0.1,0.4,0.997,100,528.155835,528.155835,0.0,0.0,0.0,0,0.0,1.0,0.0,0.0,0.0,0.0,True,19.359435,True,528.1558349031161
RDL-n25-04,number_of_lockers,8,10,10000,0.1,0.4,0.997,100,528.155835,528.155835,0.0,0.0,0.0,0,0.0,1.0,0.0,0.0,0.0,0.0,True,19.520887,True,528.1558349031161
RDL-n25-04,number_of_lockers,10,10,10000,0.1,0.4,0.997,100,528.155835,528.155835,0.0,0.0,0.0,0,0.0,1.0,0.0,0.0,0.0,0.0,True,19.601111,True,528.1558349031161
RDL-n25-04,self_pickup_compensation_cW,0,1,10000,0.1,0.4,0.997,100,529.211781,473.651652,55.56013,0.0,0.0,3,0.12,1.0,0.0,0.0,0.423752,0.375,True,19.457401,False,
RDL-n25-04,self_pickup_compensation_cW,1,1,10000,0.1,0.4,0.997,100,529.242839,529.242839,0.0,0.0,0.0,0,0.0,1.0,0.0,0.0,0.0,0.0,True,18.962268,False,
RDL-n25-04,self_pickup_compensation_cW,2,1,10000,0.1,0.4,0.997,100,531.57073,531.57073,0.0,0.0,0.0,0,0.0,1.0,0.0,0.0,0.0,0.0,True,19.486206,False,
RDL-n25-04,self_pickup_compensation_cW,4,1,10000,0.1,0.4,0.997,100,531.57073,531.57073,0.0,0.0,0.0,0,0.0,1.0,0.0,0.0,0.0,0.0,True,18.696912,False,
RDL-n25-04,self_pickup_compensation_cW,6,1,10000,0.1,0.4,0.997,100,528.155835,528.155835,0.0,0.0,0.0,0,0.0,1.0,0.0,0.0,0.0,0.0,True,19.168046,False,
RDL-n25-04,self_pickup_compensation_cW,8,1,10000,0.1,0.4,0.997,100,532.327104,532.327104,0.0,0.0,0.0,0,0.0,1.0,0.0,0.0,0.0,0.0,True,19.555688,False,
RDL-n25-04,self_pickup_compensation_cW,0,2,10000,0.1,0.4,0.997,100,530.702756,524.301975,6.400781,0.0,0.0,1,0.04,1.0,0.0,0.0,1.120089,0.125,True,19.475532,False,
RDL-n25-04,self_pickup_compensation_cW,1,2,10000,0.1,0.4,0.997,100,529.210492,472.379108,55.56013,0.0,1.271255,3,0.12,1.0,0.0,0.0,0.423752,0.375,True,19.770189,False,
RDL-n25-04,self_pickup_compensation_cW,2,2,10000,0.1,0.4,0.997,100,530.597242,472.494602,55.56013,0.0,2.54251,3,0.12,1.0,0.0,0.0,0.423752,0.375,True,19.606407,False,
RDL-n25-04,self_pickup_compensation_cW,4,2,10000,0.1,0.4,0.997,100,531.57073,531.57073,0.0,0.0,0.0,0,0.0,1.0,0.0,0.0,0.0,0.0,True,19.126186,False,
RDL-n25-04,self_pickup_compensation_cW,6,2,10000,0.1,0.4,0.997,100,529.706649,529.706649,0.0,0.0,0.0,0,0.0,1.0,0.0,0.0,0.0,0.0,True,19.601753,False,
RDL-n25-04,self_pickup_compensation_cW,8,2,10000,0.1,0.4,0.997,100,532.459902,532.459902,0.0,0.0,0.0,0,0.0,1.0,0.0,0.0,0.0,0.0,True,19.041768,False,
RDL-n25-04,self_pickup_compensation_cW,0,3,10000,0.1,0.4,0.997,100,526.966862,471.406732,55.56013,0.0,0.0,3,0.12,1.0,0.0,0.0,0.423752,0.375,True,19.557683,False,
RDL-n25-04,self_pickup_compensation_cW,1,3,10000,0.1,0.4,0.997,100,531.57073,531.57073,0.0,0.0,0.0,0,0.0,1.0,0.0,0.0,0.0,0.0,True,19.022043,False,
RDL-n25-04,self_pickup_compensation_cW,2,3,10000,0.1,0.4,0.997,100,531.516348,531.516348,0.0,0.0,0.0,0,0.0,1.0,0.0,0.0,0.0,0.0,True,19.253448,False,
RDL-n25-04,self_pickup_compensation_cW,4,3,10000,0.1,0.4,0.997,100,533.954167,533.954167,0.0,0.0,0.0,0,0.0,1.0,0.0,0.0,0.0,0.0,True,19.18528,False,
RDL-n25-04,self_pickup_compensation_cW,6,3,10000,0.1,0.4,0.997,100,528.155835,528.155835,0.0,0.0,0.0,0,0.0,1.0,0.0,0.0,0.0,0.0,True,19.476279,False,
RDL-n25-04,self_pickup_compensation_cW,8,3,10000,0.1,0.4,0.997,100,532.327104,532.327104,0.0,0.0,0.0,0,0.0,1.0,0.0,0.0,0.0,0.0,True,18.971622,False,
RDL-n25-04,self_pickup_compensation_cW,0,4,10000,0.1,0.4,0.997,100,526.696753,464.735842,61.960911,0.0,0.0,4,0.16,1.0,0.0,0.0,0.462943,0.5,True,19.608406,False,
RDL-n25-04,self_pickup_compensation_cW,1,4,10000,0.1,0.4,0.997,100,530.843777,523.322906,6.400781,0.0,1.120089,1,0.04,1.0,0.0,0.0,1.120089,0.125,True,19.507806,False,
RDL-n25-04,self_pickup_compensation_cW,2,4,10000,0.1,0.4,0.997,100,529.509372,471.406732,55.56013,0.0,2.54251,3,0.12,1.0,0.0,0.0,0.423752,0.375,True,19.268497,False,
RDL-n25-04,self_pickup_compensation_cW,4,4,10000,0.1,0.4,0.997,100,531.57073,531.57073,0.0,0.0,0.0,0,0.0,1.0,0.0,0.0,0.0,0.0,True,19.251303,False,
RDL-n25-04,self_pickup_compensation_cW,6,4,10000,0.1,0.4,0.997,100,528.155835,528.155835,0.0,0.0,0.0,0,0.0,1.0,0.0,0.0,0.0,0.0,True,19.352996,False,
RDL-n25-04,self_pickup_compensation_cW,8,4,10000,0.1,0.4,0.997,100,532.466011,532.466011,0.0,0.0,0.0,0,0.0,1.0,0.0,0.0,0.0,0.0,True,19.720439,False,
RDL-n25-04,self_pickup_compensation_cW,0,5,10000,0.1,0.4,0.997,100,531.57073,531.57073,0.0,0.0,0.0,0,0.0,1.0,0.0,0.0,0.0,0.0,True,19.167583,False,
RDL-n25-04,self_pickup_compensation_cW,1,5,10000,0.1,0.4,0.997,100,528.163933,528.163933,0.0,0.0,0.0,0,0.0,1.0,0.0,0.0,0.0,0.0,True,19.139002,False,
RDL-n25-04,self_pickup_compensation_cW,2,5,10000,0.1,0.4,0.997,100,532.464168,532.464168,0.0,0.0,0.0,0,0.0,1.0,0.0,0.0,0.0,0.0,True,19.466296,False,
RDL-n25-04,self_pickup_compensation_cW,4,5,10000,0.1,0.4,0.997,100,533.448626,472.803476,55.56013,0.0,5.085021,3,0.12,1.0,0.0,0.0,0.423752,0.375,True,19.191787,False,
RDL-n25-04,self_pickup_compensation_cW,6,5,10000,0.1,0.4,0.997,100,532.466011,532.466011,0.0,0.0,0.0,0,0.0,1.0,0.0,0.0,0.0,0.0,True,18.931896,False,
RDL-n25-04,self_pickup_compensation_cW,8,5,10000,0.1,0.4,0.997,100,531.57073,531.57073,0.0,0.0,0.0,0,0.0,1.0,0.0,0.0,0.0,0.0,True,19.228395,False,
RDL-n25-04,self_pickup_compensation_cW,0,6,10000,0.1,0.4,0.997,100,528.155835,528.155835,0.0,0.0,0.0,0,0.0,1.0,0.0,0.0,0.0,0.0,True,19.128686,False,
RDL-n25-04,self_pickup_compensation_cW,1,6,10000,0.1,0.4,0.997,100,528.238117,471.406732,55.56013,0.0,1.271255,3,0.12,1.0,0.0,0.0,0.423752,0.375,True,19.364994,False,
RDL-n25-04,self_pickup_compensation_cW,2,6,10000,0.1,0.4,0.997,100,532.327104,532.327104,0.0,0.0,0.0,0,0.0,1.0,0.0,0.0,0.0,0.0,True,18.379184,False,
RDL-n25-04,self_pickup_compensation_cW,4,6,10000,0.1,0.4,0.997,100,532.754085,472.108935,55.56013,0.0,5.085021,3,0.12,0.96,0.006669,0.166735,0.423752,0.375,True,18.823652,False,
RDL-n25-04,self_pickup_compensation_cW,6,6,10000,0.1,0.4,0.997,100,532.525691,532.525691,0.0,0.0,0.0,0,0.0,1.0,0.0,0.0,0.0,0.0,True,18.641173,False,
RDL-n25-04,self_pickup_compensation_cW,8,6,10000,0.1,0.4,0.997,100,528.155835,528.155835,0.0,0.0,0.0,0,0.0,1.0,0.0,0.0,0.0,0.0,True,19.421719,False,
RDL-n25-04,self_pickup_compensation_cW,0,7,10000,0.1,0.4,0.997,100,527.483698,465.522787,61.960911,0.0,0.0,4,0.16,1.0,0.0,0.0,0.462943,0.5,True,19.406071,False,
RDL-n25-04,self_pickup_compensation_cW,1,7,10000,0.1,0.4,0.997,100,528.155835,528.155835,0.0,0.0,0.0,0,0.0,1.0,0.0,0.0,0.0,0.0,True,19.052698,False,
RDL-n25-04,self_pickup_compensation_cW,2,7,10000,0.1,0.4,0.997,100,531.57073,531.57073,0.0,0.0,0.0,0,0.0,1.0,0.0,0.0,0.0,0.0,True,18.691209,False,
RDL-n25-04,self_pickup_compensation_cW,4,7,10000,0.1,0.4,0.997,100,531.57073,531.57073,0.0,0.0,0.0,0,0.0,1.0,0.0,0.0,0.0,0.0,True,18.738441,False,
RDL-n25-04,self_pickup_compensation_cW,6,7,10000,0.1,0.4,0.997,100,528.155835,528.155835,0.0,0.0,0.0,0,0.0,1.0,0.0,0.0,0.0,0.0,True,19.33224,False,
RDL-n25-04,self_pickup_compensation_cW,8,7,10000,0.1,0.4,0.997,100,533.113447,533.113447,0.0,0.0,0.0,0,0.0,1.0,0.0,0.0,0.0,0.0,True,19.197777,False,
RDL-n25-04,self_pickup_compensation_cW,0,8,10000,0.1,0.4,0.997,100,528.180209,528.180209,0.0,0.0,0.0,0,0.0,1.0,0.0,0.0,0.0,0.0,True,19.241535,False,
RDL-n25-04,self_pickup_compensation_cW,1,8,10000,0.1,0.4,0.997,100,530.730006,530.730006,0.0,0.0,0.0,0,0.0,1.0,0.0,0.0,0.0,0.0,True,18.924695,False,
RDL-n25-04,self_pickup_compensation_cW,2,8,10000,0.1,0.4,0.997,100,531.337477,522.696518,6.400781,0.0,2.240179,1,0.04,1.0,0.0,0.0,1.120089,0.125,True,19.290177,False,
RDL-n25-04,self_pickup_compensation_cW,4,8,10000,0.1,0.4,0.997,100,532.327104,532.327104,0.0,0.0,0.0,0,0.0,1.0,0.0,0.0,0.0,0.0,True,19.294704,False,
RDL-n25-04,self_pickup_compensation_cW,6,8,10000,0.1,0.4,0.997,100,531.57073,531.57073,0.0,0.0,0.0,0,0.0,1.0,0.0,0.0,0.0,0.0,True,19.154822,False,
RDL-n25-04,self_pickup_compensation_cW,8,8,10000,0.1,0.4,0.997,100,528.163933,528.163933,0.0,0.0,0.0,0,0.0,1.0,0.0,0.0,0.0,0.0,True,19.089626,False,
RDL-n25-04,self_pickup_compensation_cW,0,9,10000,0.1,0.4,0.997,100,529.097299,522.696518,6.400781,0.0,0.0,1,0.04,1.0,0.0,0.0,1.120089,0.125,True,18.327372,False,
RDL-n25-04,self_pickup_compensation_cW,1,9,10000,0.1,0.4,0.997,100,529.698551,529.698551,0.0,0.0,0.0,0,0.0,1.0,0.0,0.0,0.0,0.0,True,19.019958,False,
RDL-n25-04,self_pickup_compensation_cW,2,9,10000,0.1,0.4,0.997,100,530.906116,472.803476,55.56013,0.0,2.54251,3,0.12,1.0,0.0,0.0,0.423752,0.375,True,19.475158,False,
RDL-n25-04,self_pickup_compensation_cW,4,9,10000,0.1,0.4,0.997,100,529.652518,529.652518,0.0,0.0,0.0,0,0.0,1.0,0.0,0.0,0.0,0.0,True,18.848902,False,
RDL-n25-04,self_pickup_compensation_cW,6,9,10000,0.1,0.4,0.997,100,531.57073,531.57073,0.0,0.0,0.0,0,0.0,1.0,0.0,0.0,0.0,0.0,True,19.094056,False,
RDL-n25-04,self_pickup_compensation_cW,8,9,10000,0.1,0.4,0.997,100,528.155835,528.155835,0.0,0.0,0.0,0,0.0,1.0,0.0,0.0,0.0,0.0,True,19.16694,False,
RDL-n25-04,self_pickup_compensation_cW,0,10,10000,0.1,0.4,0.997,100,528.363605,472.803476,55.56013,0.0,0.0,3,0.12,1.0,0.0,0.0,0.423752,0.375,True,19.429295,False,
RDL-n25-04,self_pickup_compensation_cW,1,10,10000,0.1,0.4,0.997,100,528.155835,528.155835,0.0,0.0,0.0,0,0.0,1.0,0.0,0.0,0.0,0.0,True,19.218917,False,
RDL-n25-04,self_pickup_compensation_cW,2,10,10000,0.1,0.4,0.997,100,528.920307,528.920307,0.0,0.0,0.0,0,0.0,1.0,0.0,0.0,0.0,0.0,True,18.745537,False,
RDL-n25-04,self_pickup_compensation_cW,4,10,10000,0.1,0.4,0.997,100,531.57073,531.57073,0.0,0.0,0.0,0,0.0,1.0,0.0,0.0,0.0,0.0,True,18.845811,False,
RDL-n25-04,self_pickup_compensation_cW,6,10,10000,0.1,0.4,0.997,100,531.57073,531.57073,0.0,0.0,0.0,0,0.0,1.0,0.0,0.0,0.0,0.0,True,19.018718,False,
RDL-n25-04,self_pickup_compensation_cW,8,10,10000,0.1,0.4,0.997,100,529.698551,529.698551,0.0,0.0,0.0,0,0.0,1.0,0.0,0.0,0.0,0.0,True,19.478913,False,
RDL-n25-04,delay_penalty_cP,1,1,10000,0.1,0.4,0.997,100,528.155835,528.155835,0.0,0.0,0.0,0,0.0,1.0,0.0,0.0,0.0,0.0,True,19.722969,False,
RDL-n25-04,delay_penalty_cP,5,1,10000,0.1,0.4,0.997,100,531.57073,531.57073,0.0,0.0,0.0,0,0.0,1.0,0.0,0.0,0.0,0.0,True,18.632205,False,
RDL-n25-04,delay_penalty_cP,10,1,10000,0.1,0.4,0.997,100,531.57073,531.57073,0.0,0.0,0.0,0,0.0,1.0,0.0,0.0,0.0,0.0,True,19.051069,False,
RDL-n25-04,delay_penalty_cP,20,1,10000,0.1,0.4,0.997,100,529.220077,529.220077,0.0,0.0,0.0,0,0.0,1.0,0.0,0.0,0.0,0.0,True,19.12917,False,
RDL-n25-04,delay_penalty_cP,30,1,10000,0.1,0.4,0.997,100,529.509372,471.406732,55.56013,0.0,2.54251,3,0.12,1.0,0.0,0.0,0.423752,0.375,True,19.850925,False,
RDL-n25-04,delay_penalty_cP,50,1,10000,0.1,0.4,0.997,100,528.155835,528.155835,0.0,0.0,0.0,0,0.0,1.0,0.0,0.0,0.0,0.0,True,19.673002,False,
RDL-n25-04,delay_penalty_cP,1,2,10000,0.1,0.4,0.997,100,533.43784,531.558527,0.0,1.879313,0.0,0,0.0,0.92,0.075173,1.110837,0.0,0.0,True,19.523986,False,
RDL-n25-04,delay_penalty_cP,5,2,10000,0.1,0.4,0.997,100,528.155835,528.155835,0.0,0.0,0.0,0,0.0,1.0,0.0,0.0,0.0,0.0,True,19.331342,False,
RDL-n25-04,delay_penalty_cP,10,2,10000,0.1,0.4,0.997,100,530.597242,472.494602,55.56013,0.0,2.54251,3,0.12,1.0,0.0,0.0,0.423752,0.375,True,19.223708,False,
RDL-n25-04,delay_penalty_cP,20,2,10000,0.1,0.4,0.997,100,531.57073,531.57073,0.0,0.0,0.0,0,0.0,1.0,0.0,0.0,0.0,0.0,True,19.840843,False,
RDL-n25-04,delay_penalty_cP,30,2,10000,0.1,0.4,0.997,100,528.163933,528.163933,0.0,0.0,0.0,0,0.0,1.0,0.0,0.0,0.0,0.0,True,19.342013,False,
RDL-n25-04,delay_penalty_cP,50,2,10000,0.1,0.4,0.997,100,528.920307,528.920307,0.0,0.0,0.0,0,0.0,1.0,0.0,0.0,0.0,0.0,True,18.69813,False,
RDL-n25-04,delay_penalty_cP,1,3,10000,0.1,0.4,0.997,100,533.464587,533.464587,0.0,0.0,0.0,0,0.0,1.0,0.0,0.0,0.0,0.0,True,19.846981,False,
RDL-n25-04,delay_penalty_cP,5,3,10000,0.1,0.4,0.997,100,532.464168,532.464168,0.0,0.0,0.0,0,0.0,1.0,0.0,0.0,0.0,0.0,True,18.955003,False,
RDL-n25-04,delay_penalty_cP,10,3,10000,0.1,0.4,0.997,100,531.516348,531.516348,0.0,0.0,0.0,0,0.0,1.0,0.0,0.0,0.0,0.0,True,19.039277,False,
RDL-n25-04,delay_penalty_cP,20,3,10000,0.1,0.4,0.997,100,531.57073,531.57073,0.0,0.0,0.0,0,0.0,1.0,0.0,0.0,0.0,0.0,True,18.962381,False,
RDL-n25-04,delay_penalty_cP,30,3,10000,0.1,0.4,0.997,100,532.466011,532.466011,0.0,0.0,0.0,0,0.0,1.0,0.0,0.0,0.0,0.0,True,19.731374,False,
RDL-n25-04,delay_penalty_cP,50,3,10000,0.1,0.4,0.997,100,531.57073,531.57073,0.0,0.0,0.0,0,0.0,1.0,0.0,0.0,0.0,0.0,True,19.352948,False,
RDL-n25-04,delay_penalty_cP,1,4,10000,0.1,0.4,0.997,100,528.155835,528.155835,0.0,0.0,0.0,0,0.0,1.0,0.0,0.0,0.0,0.0,True,18.4613,False,
RDL-n25-04,delay_penalty_cP,5,4,10000,0.1,0.4,0.997,100,528.172111,528.172111,0.0,0.0,0.0,0,0.0,1.0,0.0,0.0,0.0,0.0,True,19.246688,False,
RDL-n25-04,delay_penalty_cP,10,4,10000,0.1,0.4,0.997,100,529.509372,471.406732,55.56013,0.0,2.54251,3,0.12,1.0,0.0,0.0,0.423752,0.375,True,19.042898,False,
RDL-n25-04,delay_penalty_cP,20,4,10000,0.1,0.4,0.997,100,531.57073,531.57073,0.0,0.0,0.0,0,0.0,1.0,0.0,0.0,0.0,0.0,True,19.173569,False,
RDL-n25-04,delay_penalty_cP,30,4,10000,0.1,0.4,0.997,100,528.163933,528.163933,0.0,0.0,0.0,0,0.0,1.0,0.0,0.0,0.0,0.0,True,19.413417,False,
RDL-n25-04,delay_penalty_cP,50,4,10000,0.1,0.4,0.997,100,528.163933,528.163933,0.0,0.0,0.0,0,0.0,1.0,0.0,0.0,0.0,0.0,True,19.462546,False,
RDL-n25-04,delay_penalty_cP,1,5,10000,0.1,0.4,0.997,100,535.016217,528.242538,0.0,6.773679,0.0,0,0.0,0.92,0.270947,5.662842,0.0,0.0,True,19.250067,False,
RDL-n25-04,delay_penalty_cP,5,5,10000,0.1,0.4,0.997,100,531.337477,522.696518,6.400781,0.0,2.240179,1,0.04,1.0,0.0,0.0,1.120089,0.125,True,18.855718,False,
RDL-n25-04,delay_penalty_cP,10,5,10000,0.1,0.4,0.997,100,532.464168,532.464168,0.0,0.0,0.0,0,0.0,1.0,0.0,0.0,0.0,0.0,True,19.012529,False,
RDL-n25-04,delay_penalty_cP,20,5,10000,0.1,0.4,0.997,100,529.990283,471.887643,55.56013,0.0,2.54251,3,0.12,1.0,0.0,0.0,0.423752,0.375,True,19.533805,False,
RDL-n25-04,delay_penalty_cP,30,5,10000,0.1,0.4,0.997,100,531.963866,523.322906,6.400781,0.0,2.240179,1,0.04,1.0,0.0,0.0,1.120089,0.125,True,18.733643,False,
RDL-n25-04,delay_penalty_cP,50,5,10000,0.1,0.4,0.997,100,528.163933,528.163933,0.0,0.0,0.0,0,0.0,1.0,0.0,0.0,0.0,0.0,True,18.624629,False,
RDL-n25-04,delay_penalty_cP,1,6,10000,0.1,0.4,0.997,100,532.525691,532.525691,0.0,0.0,0.0,0,0.0,1.0,0.0,0.0,0.0,0.0,True,19.419358,False,
RDL-n25-04,delay_penalty_cP,5,6,10000,0.1,0.4,0.997,100,529.234741,529.234741,0.0,0.0,0.0,0,0.0,1.0,0.0,0.0,0.0,0.0,True,19.092067,False,
RDL-n25-04,delay_penalty_cP,10,6,10000,0.1,0.4,0.997,100,532.327104,532.327104,0.0,0.0,0.0,0,0.0,1.0,0.0,0.0,0.0,0.0,True,18.440929,False,
RDL-n25-04,delay_penalty_cP,20,6,10000,0.1,0.4,0.997,100,528.912209,528.912209,0.0,0.0,0.0,0,0.0,1.0,0.0,0.0,0.0,0.0,True,18.826848,False,
RDL-n25-04,delay_penalty_cP,30,6,10000,0.1,0.4,0.997,100,531.754292,473.651652,55.56013,0.0,2.54251,3,0.12,1.0,0.0,0.0,0.423752,0.375,True,18.882784,False,
RDL-n25-04,delay_penalty_cP,50,6,10000,0.1,0.4,0.997,100,530.906116,472.803476,55.56013,0.0,2.54251,3,0.12,1.0,0.0,0.0,0.423752,0.375,True,18.918608,False,
RDL-n25-04,delay_penalty_cP,1,7,10000,0.1,0.4,0.997,100,530.020197,516.591491,0.0,13.428706,0.0,0,0.0,0.92,0.537148,8.234323,0.0,0.0,True,18.645954,False,
RDL-n25-04,delay_penalty_cP,5,7,10000,0.1,0.4,0.997,100,528.163933,528.163933,0.0,0.0,0.0,0,0.0,1.0,0.0,0.0,0.0,0.0,True,18.845049,False,
RDL-n25-04,delay_penalty_cP,10,7,10000,0.1,0.4,0.997,100,531.57073,531.57073,0.0,0.0,0.0,0,0.0,1.0,0.0,0.0,0.0,0.0,True,18.793549,False,
RDL-n25-04,delay_penalty_cP,20,7,10000,0.1,0.4,0.997,100,529.509372,471.406732,55.56013,0.0,2.54251,3,0.12,1.0,0.0,0.0,0.423752,0.375,True,18.693273,False,
RDL-n25-04,delay_penalty_cP,30,7,10000,0.1,0.4,0.997,100,528.155835,528.155835,0.0,0.0,0.0,0,0.0,1.0,0.0,0.0,0.0,0.0,True,18.589313,False,
RDL-n25-04,delay_penalty_cP,50,7,10000,0.1,0.4,0.997,100,528.155835,528.155835,0.0,0.0,0.0,0,0.0,1.0,0.0,0.0,0.0,0.0,True,18.9631,False,
RDL-n25-04,delay_penalty_cP,1,8,10000,0.1,0.4,0.997,100,531.415839,516.508358,0.0,14.907482,0.0,0,0.0,0.88,0.596299,8.418292,0.0,0.0,True,18.978691,False,
RDL-n25-04,delay_penalty_cP,5,8,10000,0.1,0.4,0.997,100,528.920307,528.920307,0.0,0.0,0.0,0,0.0,1.0,0.0,0.0,0.0,0.0,True,19.160201,False,
RDL-n25-04,delay_penalty_cP,10,8,10000,0.1,0.4,0.997,100,531.337477,522.696518,6.400781,0.0,2.240179,1,0.04,1.0,0.0,0.0,1.120089,0.125,True,19.02623,False,
RDL-n25-04,delay_penalty_cP,20,8,10000,0.1,0.4,0.997,100,532.448832,474.346192,55.56013,0.0,2.54251,3,0.12,1.0,0.0,0.0,0.423752,0.375,True,18.694607,False,
RDL-n25-04,delay_penalty_cP,30,8,10000,0.1,0.4,0.997,100,528.163933,528.163933,0.0,0.0,0.0,0,0.0,1.0,0.0,0.0,0.0,0.0,True,19.217337,False,
RDL-n25-04,delay_penalty_cP,50,8,10000,0.1,0.4,0.997,100,532.327104,532.327104,0.0,0.0,0.0,0,0.0,1.0,0.0,0.0,0.0,0.0,True,18.90989,False,
RDL-n25-04,delay_penalty_cP,1,9,10000,0.1,0.4,0.997,100,528.920307,528.920307,0.0,0.0,0.0,0,0.0,1.0,0.0,0.0,0.0,0.0,True,19.038113,False,
RDL-n25-04,delay_penalty_cP,5,9,10000,0.1,0.4,0.997,100,529.706649,529.706649,0.0,0.0,0.0,0,0.0,1.0,0.0,0.0,0.0,0.0,True,18.595148,False,
RDL-n25-04,delay_penalty_cP,10,9,10000,0.1,0.4,0.997,100,530.906116,472.803476,55.56013,0.0,2.54251,3,0.12,1.0,0.0,0.0,0.423752,0.375,True,19.18481,False,
RDL-n25-04,delay_penalty_cP,20,9,10000,0.1,0.4,0.997,100,529.509372,471.406732,55.56013,0.0,2.54251,3,0.12,1.0,0.0,0.0,0.423752,0.375,True,18.823196,False,
RDL-n25-04,delay_penalty_cP,30,9,10000,0.1,0.4,0.997,100,529.509372,471.406732,55.56013,0.0,2.54251,3,0.12,1.0,0.0,0.0,0.423752,0.375,True,19.261593,False,
RDL-n25-04,delay_penalty_cP,50,9,10000,0.1,0.4,0.997,100,531.57073,531.57073,0.0,0.0,0.0,0,0.0,1.0,0.0,0.0,0.0,0.0,True,18.42667,False,
RDL-n25-04,delay_penalty_cP,1,10,10000,0.1,0.4,0.997,100,533.43784,531.558527,0.0,1.879313,0.0,0,0.0,0.92,0.075173,1.110837,0.0,0.0,True,19.467504,False,
RDL-n25-04,delay_penalty_cP,5,10,10000,0.1,0.4,0.997,100,528.155835,528.155835,0.0,0.0,0.0,0,0.0,1.0,0.0,0.0,0.0,0.0,True,18.991057,False,
RDL-n25-04,delay_penalty_cP,10,10,10000,0.1,0.4,0.997,100,528.920307,528.920307,0.0,0.0,0.0,0,0.0,1.0,0.0,0.0,0.0,0.0,True,18.525736,False,
RDL-n25-04,delay_penalty_cP,20,10,10000,0.1,0.4,0.997,100,532.464168,532.464168,0.0,0.0,0.0,0,0.0,1.0,0.0,0.0,0.0,0.0,True,19.302688,False,
RDL-n25-04,delay_penalty_cP,30,10,10000,0.1,0.4,0.997,100,528.163933,528.163933,0.0,0.0,0.0,0,0.0,1.0,0.0,0.0,0.0,0.0,True,18.841283,False,
RDL-n25-04,delay_penalty_cP,50,10,10000,0.1,0.4,0.997,100,531.57073,531.57073,0.0,0.0,0.0,0,0.0,1.0,0.0,0.0,0.0,0.0,True,18.843051,False,
RDL-n25-04,drone_cost_cD,0.4,1,10000,0.1,0.4,0.997,100,494.771267,442.969737,44.655091,0.0,7.146438,7,0.28,1.0,0.0,0.0,0.51046,0.875,True,20.208246,False,
RDL-n25-04,drone_cost_cD,0.8,1,10000,0.1,0.4,0.997,100,522.485375,455.639551,61.986924,0.0,4.8589,5,0.2,1.0,0.0,0.0,0.48589,0.625,True,19.346967,False,
RDL-n25-04,drone_cost_cD,1.0,1,10000,0.1,0.4,0.997,100,531.57073,531.57073,0.0,0.0,0.0,0,0.0,1.0,0.0,0.0,0.0,0.0,True,18.952906,False,
RDL-n25-04,drone_cost_cD,2.0,1,10000,0.1,0.4,0.997,100,531.57073,531.57073,0.0,0.0,0.0,0,0.0,1.0,0.0,0.0,0.0,0.0,True,19.857597,False,
RDL-n25-04,drone_cost_cD,3.0,1,10000,0.1,0.4,0.997,100,528.163933,528.163933,0.0,0.0,0.0,0,0.0,1.0,0.0,0.0,0.0,0.0,True,19.80275,False,
RDL-n25-04,drone_cost_cD,4.0,1,10000,0.1,0.4,0.997,100,528.163933,528.163933,0.0,0.0,0.0,0,0.0,1.0,0.0,0.0,0.0,0.0,True,20.089845,False,
RDL-n25-04,drone_cost_cD,0.4,2,10000,0.1,0.4,0.997,100,493.223751,464.735842,24.784364,0.0,3.703544,4,0.16,1.0,0.0,0.0,0.462943,0.5,True,20.26311,False,
RDL-n25-04,drone_cost_cD,0.8,2,10000,0.1,0.4,0.997,100,518.008115,464.735842,49.568729,0.0,3.703544,4,0.16,1.0,0.0,0.0,0.462943,0.5,True,19.360033,False,
RDL-n25-04,drone_cost_cD,1.0,2,10000,0.1,0.4,0.997,100,530.597242,472.494602,55.56013,0.0,2.54251,3,0.12,1.0,0.0,0.0,0.423752,0.375,True,19.215919,False,
RDL-n25-04,drone_cost_cD,2.0,2,10000,0.1,0.4,0.997,100,528.155835,528.155835,0.0,0.0,0.0,0,0.0,1.0,0.0,0.0,0.0,0.0,True,19.305759,False,
RDL-n25-04,drone_cost_cD,3.0,2,10000,0.1,0.4,0.997,100,531.57073,531.57073,0.0,0.0,0.0,0,0.0,1.0,0.0,0.0,0.0,0.0,True,19.539704,False,
RDL-n25-04,drone_cost_cD,4.0,2,10000,0.1,0.4,0.997,100,528.155835,528.155835,0.0,0.0,0.0,0,0.0,1.0,0.0,0.0,0.0,0.0,True,20.341113,False,
RDL-n25-04,drone_cost_cD,0.4,3,10000,0.1,0.4,0.997,100,489.824375,457.298876,28.43315,0.0,4.092349,4,0.16,1.0,0.0,0.0,0.511544,0.5,True,19.909685,False,
RDL-n25-04,drone_cost_cD,0.8,3,10000,0.1,0.4,0.997,100,530.542406,467.158643,59.353166,0.0,4.030596,4,0.16,1.0,0.0,0.0,0.503825,0.5,True,18.401669,False,
RDL-n25-04,drone_cost_cD,1.0,3,10000,0.1,0.4,0.997,100,531.516348,531.516348,0.0,0.0,0.0,0,0.0,1.0,0.0,0.0,0.0,0.0,True,18.909226,False,
RDL-n25-04,drone_cost_cD,2.0,3,10000,0.1,0.4,0.997,100,531.57073,531.57073,0.0,0.0,0.0,0,0.0,1.0,0.0,0.0,0.0,0.0,True,19.036992,False,
RDL-n25-04,drone_cost_cD,3.0,3,10000,0.1,0.4,0.997,100,528.163933,528.163933,0.0,0.0,0.0,0,0.0,1.0,0.0,0.0,0.0,0.0,True,19.457278,False,
RDL-n25-04,drone_cost_cD,4.0,3,10000,0.1,0.4,0.997,100,528.163933,528.163933,0.0,0.0,0.0,0,0.0,1.0,0.0,0.0,0.0,0.0,True,20.087536,False,
RDL-n25-04,drone_cost_cD,0.4,4,10000,0.1,0.4,0.997,100,494.008497,449.634297,36.114087,0.0,8.260112,7,0.28,1.0,0.0,0.0,0.590008,0.875,True,20.45514,False,
RDL-n25-04,drone_cost_cD,0.8,4,10000,0.1,0.4,0.997,100,521.29842,474.307806,44.448104,0.0,2.54251,3,0.12,1.0,0.0,0.0,0.423752,0.375,True,19.535341,False,
RDL-n25-04,drone_cost_cD,1.0,4,10000,0.1,0.4,0.997,100,529.509372,471.406732,55.56013,0.0,2.54251,3,0.12,1.0,0.0,0.0,0.423752,0.375,True,19.04186,False,
RDL-n25-04,drone_cost_cD,2.0,4,10000,0.1,0.4,0.997,100,531.50825,531.50825,0.0,0.0,0.0,0,0.0,1.0,0.0,0.0,0.0,0.0,True,18.932658,False,
RDL-n25-04,drone_cost_cD,3.0,4,10000,0.1,0.4,0.997,100,531.57073,531.57073,0.0,0.0,0.0,0,0.0,1.0,0.0,0.0,0.0,0.0,True,19.335544,False,
RDL-n25-04,drone_cost_cD,4.0,4,10000,0.1,0.4,0.997,100,531.57073,531.57073,0.0,0.0,0.0,0,0.0,1.0,0.0,0.0,0.0,0.0,True,19.968382,False,
RDL-n25-04,drone_cost_cD,0.4,5,10000,0.1,0.4,0.997,100,491.491913,455.639551,30.993462,0.0,4.8589,5,0.2,1.0,0.0,0.0,0.48589,0.625,True,19.746533,False,
RDL-n25-04,drone_cost_cD,0.8,5,10000,0.1,0.4,0.997,100,530.057321,522.696518,5.120625,0.0,2.240179,1,0.04,1.0,0.0,0.0,1.120089,0.125,True,18.307097,False,
RDL-n25-04,drone_cost_cD,1.0,5,10000,0.1,0.4,0.997,100,532.464168,532.464168,0.0,0.0,0.0,0,0.0,1.0,0.0,0.0,0.0,0.0,True,18.712126,False,
RDL-n25-04,drone_cost_cD,2.0,5,10000,0.1,0.4,0.997,100,532.327104,532.327104,0.0,0.0,0.0,0,0.0,1.0,0.0,0.0,0.0,0.0,True,18.692966,False,
RDL-n25-04,drone_cost_cD,3.0,5,10000,0.1,0.4,0.997,100,528.155835,528.155835,0.0,0.0,0.0,0,0.0,1.0,0.0,0.0,0.0,0.0,True,19.21717,False,
RDL-n25-04,drone_cost_cD,4.0,5,10000,0.1,0.4,0.997,100,532.327104,532.327104,0.0,0.0,0.0,0,0.0,1.0,0.0,0.0,0.0,0.0,True,20.074804,False,
RDL-n25-04,drone_cost_cD,0.4,6,10000,0.1,0.4,0.997,100,490.72392,445.536458,38.445994,0.0,6.741469,6,0.24,1.0,0.0,0.0,0.561789,0.75,True,19.533712,False,
RDL-n25-04,drone_cost_cD,0.8,6,10000,0.1,0.4,0.997,100,528.155835,528.155835,0.0,0.0,0.0,0,0.0,1.0,0.0,0.0,0.0,0.0,True,18.456017,False,
RDL-n25-04,drone_cost_cD,1.0,6,10000,0.1,0.4,0.997,100,532.327104,532.327104,0.0,0.0,0.0,0,0.0,1.0,0.0,0.0,0.0,0.0,True,18.3066,False,
RDL-n25-04,drone_cost_cD,2.0,6,10000,0.1,0.4,0.997,100,532.457913,532.457913,0.0,0.0,0.0,0,0.0,1.0,0.0,0.0,0.0,0.0,True,18.237013,False,
RDL-n25-04,drone_cost_cD,3.0,6,10000,0.1,0.4,0.997,100,531.57073,531.57073,0.0,0.0,0.0,0,0.0,1.0,0.0,0.0,0.0,0.0,True,19.061711,False,
RDL-n25-04,drone_cost_cD,4.0,6,10000,0.1,0.4,0.997,100,531.57073,531.57073,0.0,0.0,0.0,0,0.0,1.0,0.0,0.0,0.0,0.0,True,19.581832,False,
RDL-n25-04,drone_cost_cD,0.4,7,10000,0.1,0.4,0.997,100,491.060934,450.408081,33.553775,0.0,7.099078,6,0.24,1.0,0.0,0.0,0.59159,0.75,True,19.62733,False,
RDL-n25-04,drone_cost_cD,0.8,7,10000,0.1,0.4,0.997,100,518.008115,464.735842,49.568729,0.0,3.703544,4,0.16,1.0,0.0,0.0,0.462943,0.5,True,19.274147,False,
RDL-n25-04,drone_cost_cD,1.0,7,10000,0.1,0.4,0.997,100,531.57073,531.57073,0.0,0.0,0.0,0,0.0,1.0,0.0,0.0,0.0,0.0,True,18.512746,False,
RDL-n25-04,drone_cost_cD,2.0,7,10000,0.1,0.4,0.997,100,531.57073,531.57073,0.0,0.0,0.0,0,0.0,1.0,0.0,0.0,0.0,0.0,True,19.214591,False,
RDL-n25-04,drone_cost_cD,3.0,7,10000,0.1,0.4,0.997,100,528.163933,528.163933,0.0,0.0,0.0,0,0.0,1.0,0.0,0.0,0.0,0.0,True,19.79503,False,
RDL-n25-04,drone_cost_cD,4.0,7,10000,0.1,0.4,0.997,100,528.155835,528.155835,0.0,0.0,0.0,0,0.0,1.0,0.0,0.0,0.0,0.0,True,20.346231,False,
RDL-n25-04,drone_cost_cD,0.4,8,10000,0.1,0.4,0.997,100,491.491913,455.639551,30.993462,0.0,4.8589,5,0.2,1.0,0.0,0.0,0.48589,0.625,True,19.931459,False,
RDL-n25-04,drone_cost_cD,0.8,8,10000,0.1,0.4,0.997,100,518.278288,465.006015,49.568729,0.0,3.703544,4,0.16,1.0,0.0,0.0,0.462943,0.5,True,19.068909,False,
RDL-n25-04,drone_cost_cD,1.0,8,10000,0.1,0.4,0.997,100,531.337477,522.696518,6.400781,0.0,2.240179,1,0.04,1.0,0.0,0.0,1.120089,0.125,True,18.989004,False,
RDL-n25-04,drone_cost_cD,2.0,8,10000,0.1,0.4,0.997,100,528.155835,528.155835,0.0,0.0,0.0,0,0.0,1.0,0.0,0.0,0.0,0.0,True,18.871163,False,
RDL-n25-04,drone_cost_cD,3.0,8,10000,0.1,0.4,0.997,100,529.698551,529.698551,0.0,0.0,0.0,0,0.0,1.0,0.0,0.0,0.0,0.0,True,19.47251,False,
RDL-n25-04,drone_cost_cD,4.0,8,10000,0.1,0.4,0.997,100,529.706649,529.706649,0.0,0.0,0.0,0,0.0,1.0,0.0,0.0,0.0,0.0,True,19.826464,False,
RDL-n25-04,drone_cost_cD,0.4,9,10000,0.1,0.4,0.997,100,492.834189,456.981827,30.993462,0.0,4.8589,5,0.2,1.0,0.0,0.0,0.48589,0.625,True,19.23431,False,
RDL-n25-04,drone_cost_cD,0.8,9,10000,0.1,0.4,0.997,100,519.099549,472.108935,44.448104,0.0,2.54251,3,0.12,0.96,0.006669,0.166735,0.423752,0.375,True,18.86981,False,
RDL-n25-04,drone_cost_cD,1.0,9,10000,0.1,0.4,0.997,100,530.906116,472.803476,55.56013,0.0,2.54251,3,0.12,1.0,0.0,0.0,0.423752,0.375,True,19.203399,False,
RDL-n25-04,drone_cost_cD,2.0,9,10000,0.1,0.4,0.997,100,531.57073,531.57073,0.0,0.0,0.0,0,0.0,1.0,0.0,0.0,0.0,0.0,True,19.39784,False,
RDL-n25-04,drone_cost_cD,3.0,9,10000,0.1,0.4,0.997,100,531.57073,531.57073,0.0,0.0,0.0,0,0.0,1.0,0.0,0.0,0.0,0.0,True,19.289906,False,
RDL-n25-04,drone_cost_cD,4.0,9,10000,0.1,0.4,0.997,100,531.57073,531.57073,0.0,0.0,0.0,0,0.0,1.0,0.0,0.0,0.0,0.0,True,19.670778,False,
RDL-n25-04,drone_cost_cD,0.4,10,10000,0.1,0.4,0.997,100,492.040483,456.188121,30.993462,0.0,4.8589,5,0.2,0.96,0.006669,0.166735,0.48589,0.625,True,20.335246,False,
RDL-n25-04,drone_cost_cD,0.8,10,10000,0.1,0.4,0.997,100,517.990543,457.031895,56.866299,0.0,4.092349,4,0.16,1.0,0.0,0.0,0.511544,0.5,True,18.65972,False,
RDL-n25-04,drone_cost_cD,1.0,10,10000,0.1,0.4,0.997,100,528.920307,528.920307,0.0,0.0,0.0,0,0.0,1.0,0.0,0.0,0.0,0.0,True,18.640201,False,
RDL-n25-04,drone_cost_cD,2.0,10,10000,0.1,0.4,0.997,100,531.57073,531.57073,0.0,0.0,0.0,0,0.0,1.0,0.0,0.0,0.0,0.0,True,18.864841,False,
RDL-n25-04,drone_cost_cD,3.0,10,10000,0.1,0.4,0.997,100,531.57073,531.57073,0.0,0.0,0.0,0,0.0,1.0,0.0,0.0,0.0,0.0,True,18.877038,False,
RDL-n25-04,drone_cost_cD,4.0,10,10000,0.1,0.4,0.997,100,531.57073,531.57073,0.0,0.0,0.0,0,0.0,1.0,0.0,0.0,0.0,0.0,True,19.601747,False,
RDL-n25-05,number_of_drones,0,1,10000,0.1,0.4,0.997,100,830.811745,774.378744,0.0,56.433001,0.0,0,0.0,0.92,0.225732,4.40823,0.0,0.0,True,15.220417,False,
RDL-n25-05,number_of_drones,2,1,10000,0.1,0.4,0.997,100,731.87991,693.501131,27.548926,8.026557,2.803297,2,0.08,0.92,0.032106,0.518327,0.700824,1.0,True,15.667932,True,830.8117445809936
RDL-n25-05,number_of_drones,4,1,10000,0.1,0.4,0.997,100,712.464219,653.769984,54.801414,0.0,3.892822,4,0.16,1.0,0.0,0.0,0.486603,1.0,True,17.170782,True,731.8799096253676
RDL-n25-05,number_of_drones,6,1,10000,0.1,0.4,0.997,100,712.051993,637.986765,68.946519,0.0,5.118709,5,0.2,1.0,0.0,0.0,0.511871,0.833333,True,19.208254,True,712.464219335887
RDL-n25-05,number_of_drones,8,1,10000,0.1,0.4,0.997,100,712.051993,637.986765,68.946519,0.0,5.118709,5,0.2,1.0,0.0,0.0,0.511871,0.625,True,19.93931,True,712.0519925036584
RDL-n25-05,number_of_drones,10,1,10000,0.1,0.4,0.997,100,712.051993,637.986765,68.946519,0.0,5.118709,5,0.2,1.0,0.0,0.0,0.511871,0.5,True,19.793554,True,712.0519925036584
RDL-n25-05,number_of_drones,12,1,10000,0.1,0.4,0.997,100,712.051993,637.986765,68.946519,0.0,5.118709,5,0.2,1.0,0.0,0.0,0.511871,0.416667,True,19.927548,True,712.0519925036584
RDL-n25-05,number_of_drones,0,2,10000,0.1,0.4,0.997,100,830.811745,774.378744,0.0,56.433001,0.0,0,0.0,0.92,0.225732,4.40823,0.0,0.0,True,15.322361,False,
RDL-n25-05,number_of_drones,2,2,10000,0.1,0.4,0.997,100,731.87991,693.501131,27.548926,8.026557,2.803297,2,0.08,0.92,0.032106,0.518327,0.700824,1.0,True,15.54474,True,830.8117445809937
RDL-n25-05,number_of_drones,4,2,10000,0.1,0.4,0.997,100,712.464219,653.769984,54.801414,0.0,3.892822,4,0.16,1.0,0.0,0.0,0.486603,1.0,True,16.803893,True,731.8799096253676
RDL-n25-05,number_of_drones,6,2,10000,0.1,0.4,0.997,100,712.051993,637.986765,68.946519,0.0,5.118709,5,0.2,1.0,0.0,0.0,0.511871,0.833333,True,19.436484,True,712.4642193358868
RDL-n25-05,number_of_drones,8,2,10000,0.1,0.4,0.997,100,712.051993,637.986765,68.946519,0.0,5.118709,5,0.2,1.0,0.0,0.0,0.511871,0.625,True,19.863337,True,712.0519925036582
RDL-n25-05,number_of_drones,10,2,10000,0.1,0.4,0.997,100,712.051993,637.986765,68.946519,0.0,5.118709,5,0.2,1.0,0.0,0.0,0.511871,0.5,True,20.459076,True,712.0519925036582
RDL-n25-05,number_of_drones,12,2,10000,0.1,0.4,0.997,100,712.051993,637.986765,68.946519,0.0,5.118709,5,0.2,1.0,0.0,0.0,0.511871,0.416667,True,20.065962,True,712.0519925036582
RDL-n25-05,number_of_drones,0,3,10000,0.1,0.4,0.997,100,830.811745,774.378744,0.0,56.433001,0.0,0,0.0,0.92,0.225732,4.40823,0.0,0.0,True,15.771667,False,
RDL-n25-05,number_of_drones,2,3,10000,0.1,0.4,0.997,100,731.87991,693.501131,27.548926,8.026557,2.803297,2,0.08,0.92,0.032106,0.518327,0.700824,1.0,True,15.659559,True,830.8117445809937
RDL-n25-05,number_of_drones,4,3,10000,0.1,0.4,0.997,100,712.464219,653.769984,54.801414,0.0,3.892822,4,0.16,1.0,0.0,0.0,0.486603,1.0,True,17.451587,True,731.8799096253676
RDL-n25-05,number_of_drones,6,3,10000,0.1,0.4,0.997,100,712.051993,637.986765,68.946519,0.0,5.118709,5,0.2,1.0,0.0,0.0,0.511871,0.833333,True,19.173768,True,712.4642193358869
RDL-n25-05,number_of_drones,8,3,10000,0.1,0.4,0.997,100,712.051993,637.986765,68.946519,0.0,5.118709,5,0.2,1.0,0.0,0.0,0.511871,0.625,True,19.619229,True,712.0519925036582
RDL-n25-05,number_of_drones,10,3,10000,0.1,0.4,0.997,100,712.051993,637.986765,68.946519,0.0,5.118709,5,0.2,1.0,0.0,0.0,0.511871,0.5,True,20.29087,True,712.0519925036582
RDL-n25-05,number_of_drones,12,3,10000,0.1,0.4,0.997,100,712.051993,637.986765,68.946519,0.0,5.118709,5,0.2,1.0,0.0,0.0,0.511871,0.416667,True,20.085362,True,712.0519925036582
RDL-n25-05,number_of_drones,0,4,10000,0.1,0.4,0.997,100,830.811745,774.378744,0.0,56.433001,0.0,0,0.0,0.92,0.225732,4.40823,0.0,0.0,True,15.71668,False,
RDL-n25-05,number_of_drones,2,4,10000,0.1,0.4,0.997,100,732.032329,693.65355,27.548926,8.026557,2.803297,2,0.08,0.92,0.032106,0.518327,0.700824,1.0,True,15.913448,True,830.8117445809937
RDL-n25-05,number_of_drones,4,4,10000,0.1,0.4,0.997,100,712.464219,653.769984,54.801414,0.0,3.892822,4,0.16,1.0,0.0,0.0,0.486603,1.0,True,17.164595,True,732.0323286288328
RDL-n25-05,number_of_drones,6,4,10000,0.1,0.4,0.997,100,712.051993,637.986765,68.946519,0.0,5.118709,5,0.2,1.0,0.0,0.0,0.511871,0.833333,True,19.026129,True,712.4642193358868
RDL-n25-05,number_of_drones,8,4,10000,0.1,0.4,0.997,100,712.051993,637.986765,68.946519,0.0,5.118709,5,0.2,1.0,0.0,0.0,0.511871,0.625,True,19.732355,True,712.0519925036582
RDL-n25-05,number_of_drones,10,4,10000,0.1,0.4,0.997,100,712.051993,637.986765,68.946519,0.0,5.118709,5,0.2,1.0,0.0,0.0,0.511871,0.5,True,20.026489,True,712.0519925036582
RDL-n25-05,number_of_drones,12,4,10000,0.1,0.4,0.997,100,712.051993,637.986765,68.946519,0.0,5.118709,5,0.2,1.0,0.0,0.0,0.511871,0.416667,True,19.795702,True,712.0519925036582
RDL-n25-05,number_of_drones,0,5,10000,0.1,0.4,0.997,100,830.811745,774.378744,0.0,56.433001,0.0,0,0.0,0.92,0.225732,4.40823,0.0,0.0,True,15.363899,False,
RDL-n25-05,number_of_drones,2,5,10000,0.1,0.4,0.997,100,731.87991,693.501131,27.548926,8.026557,2.803297,2,0.08,0.92,0.032106,0.518327,0.700824,1.0,True,15.21338,True,830.8117445809935
RDL-n25-05,number_of_drones,4,5,10000,0.1,0.4,0.997,100,712.464219,653.769984,54.801414,0.0,3.892822,4,0.16,1.0,0.0,0.0,0.486603,1.0,True,17.346024,True,731.8799096253676
RDL-n25-05,number_of_drones,6,5,10000,0.1,0.4,0.997,100,712.051993,637.986765,68.946519,0.0,5.118709,5,0.2,1.0,0.0,0.0,0.511871,0.833333,True,19.192793,True,712.4642193358869
RDL-n25-05,number_of_drones,8,5,10000,0.1,0.4,0.997,100,712.051993,637.986765,68.946519,0.0,5.118709,5,0.2,1.0,0.0,0.0,0.511871,0.625,True,19.739535,True,712.0519925036583
RDL-n25-05,number_of_drones,10,5,10000,0.1,0.4,0.997,100,712.051993,637.986765,68.946519,0.0,5.118709,5,0.2,1.0,0.0,0.0,0.511871,0.5,True,20.272304,True,712.0519925036583
RDL-n25-05,number_of_drones,12,5,10000,0.1,0.4,0.997,100,712.051993,637.986765,68.946519,0.0,5.118709,5,0.2,1.0,0.0,0.0,0.511871,0.416667,True,20.40801,True,712.0519925036583
RDL-n25-05,number_of_drones,0,6,10000,0.1,0.4,0.997,100,830.811745,774.378744,0.0,56.433001,0.0,0,0.0,0.92,0.225732,4.40823,0.0,0.0,True,15.545736,False,
RDL-n25-05,number_of_drones,2,6,10000,0.1,0.4,0.997,100,731.87991,693.501131,27.548926,8.026557,2.803297,2,0.08,0.92,0.032106,0.518327,0.700824,1.0,True,15.74159,True,830.8117445809936
RDL-n25-05,number_of_drones,4,6,10000,0.1,0.4,0.997,100,712.464219,653.769984,54.801414,0.0,3.892822,4,0.16,1.0,0.0,0.0,0.486603,1.0,True,16.939314,True,731.8799096253676
RDL-n25-05,number_of_drones,6,6,10000,0.1,0.4,0.997,100,712.051993,637.986765,68.946519,0.0,5.118709,5,0.2,1.0,0.0,0.0,0.511871,0.833333,True,19.373166,True,712.4642193358869
RDL-n25-05,number_of_drones,8,6,10000,0.1,0.4,0.997,100,712.051993,637.986765,68.946519,0.0,5.118709,5,0.2,1.0,0.0,0.0,0.511871,0.625,True,19.63917,True,712.0519925036583
RDL-n25-05,number_of_drones,10,6,10000,0.1,0.4,0.997,100,712.051993,637.986765,68.946519,0.0,5.118709,5,0.2,1.0,0.0,0.0,0.511871,0.5,True,19.779387,True,712.0519925036583
RDL-n25-05,number_of_drones,12,6,10000,0.1,0.4,0.997,100,712.051993,637.986765,68.946519,0.0,5.118709,5,0.2,1.0,0.0,0.0,0.511871,0.416667,True,19.770273,True,712.0519925036583
RDL-n25-05,number_of_drones,0,7,10000,0.1,0.4,0.997,100,830.811745,774.378744,0.0,56.433001,0.0,0,0.0,0.92,0.225732,4.40823,0.0,0.0,True,15.417059,False,
RDL-n25-05,number_of_drones,2,7,10000,0.1,0.4,0.997,100,731.87991,693.501131,27.548926,8.026557,2.803297,2,0.08,0.92,0.032106,0.518327,0.700824,1.0,True,15.6952,True,830.8117445809937
RDL-n25-05,number_of_drones,4,7,10000,0.1,0.4,0.997,100,712.464219,653.769984,54.801414,0.0,3.892822,4,0.16,1.0,0.0,0.0,0.486603,1.0,True,17.377554,True,731.8799096253676
RDL-n25-05,number_of_drones,6,7,10000,0.1,0.4,0.997,100,712.051993,637.986765,68.946519,0.0,5.118709,5,0.2,1.0,0.0,0.0,0.511871,0.833333,True,19.607728,True,712.4642193358868
RDL-n25-05,number_of_drones,8,7,10000,0.1,0.4,0.997,100,712.051993,637.986765,68.946519,0.0,5.118709,5,0.2,1.0,0.0,0.0,0.511871,0.625,True,19.847468,True,712.0519925036582
RDL-n25-05,number_of_drones,10,7,10000,0.1,0.4,0.997,100,712.051993,637.986765,68.946519,0.0,5.118709,5,0.2,1.0,0.0,0.0,0.511871,0.5,True,20.436727,True,712.0519925036582
RDL-n25-05,number_of_drones,12,7,10000,0.1,0.4,0.997,100,712.051993,637.986765,68.946519,0.0,5.118709,5,0.2,1.0,0.0,0.0,0.511871,0.416667,True,20.576689,True,712.0519925036582
RDL-n25-05,number_of_drones,0,8,10000,0.1,0.4,0.997,100,830.811745,774.378744,0.0,56.433001,0.0,0,0.0,0.92,0.225732,4.40823,0.0,0.0,True,15.550956,False,
RDL-n25-05,number_of_drones,2,8,10000,0.1,0.4,0.997,100,746.65198,699.202592,27.548926,17.097167,2.803297,2,0.08,0.92,0.068389,1.425388,0.700824,1.0,True,15.516937,True,830.8117445809935
RDL-n25-05,number_of_drones,4,8,10000,0.1,0.4,0.997,100,712.464219,653.769984,54.801414,0.0,3.892822,4,0.16,1.0,0.0,0.0,0.486603,1.0,True,16.471149,True,746.6519801921999
RDL-n25-05,number_of_drones,6,8,10000,0.1,0.4,0.997,100,712.051993,637.986765,68.946519,0.0,5.118709,5,0.2,1.0,0.0,0.0,0.511871,0.833333,True,19.506224,True,712.4642193358869
RDL-n25-05,number_of_drones,8,8,10000,0.1,0.4,0.997,100,712.051993,637.986765,68.946519,0.0,5.118709,5,0.2,1.0,0.0,0.0,0.511871,0.625,True,19.570433,True,712.0519925036584
RDL-n25-05,number_of_drones,10,8,10000,0.1,0.4,0.997,100,712.051993,637.986765,68.946519,0.0,5.118709,5,0.2,1.0,0.0,0.0,0.511871,0.5,True,19.779575,True,712.0519925036584
RDL-n25-05,number_of_drones,12,8,10000,0.1,0.4,0.997,100,712.051993,637.986765,68.946519,0.0,5.118709,5,0.2,1.0,0.0,0.0,0.511871,0.416667,True,19.54514,True,712.0519925036584
RDL-n25-05,number_of_drones,0,9,10000,0.1,0.4,0.997,100,830.811745,774.378744,0.0,56.433001,0.0,0,0.0,0.92,0.225732,4.40823,0.0,0.0,True,14.703259,False,
RDL-n25-05,number_of_drones,2,9,10000,0.1,0.4,0.997,100,731.87991,693.501131,27.548926,8.026557,2.803297,2,0.08,0.92,0.032106,0.518327,0.700824,1.0,True,14.912608,True,830.8117445809937
RDL-n25-05,number_of_drones,4,9,10000,0.1,0.4,0.997,100,712.464219,653.769984,54.801414,0.0,3.892822,4,0.16,1.0,0.0,0.0,0.486603,1.0,True,15.787972,True,731.8799096253676
RDL-n25-05,number_of_drones,6,9,10000,0.1,0.4,0.997,100,712.051993,637.986765,68.946519,0.0,5.118709,5,0.2,1.0,0.0,0.0,0.511871,0.833333,True,17.909666,True,712.4642193358872
RDL-n25-05,number_of_drones,8,9,10000,0.1,0.4,0.997,100,712.051993,637.986765,68.946519,0.0,5.118709,5,0.2,1.0,0.0,0.0,0.511871,0.625,True,19.011036,True,712.0519925036585
RDL-n25-05,number_of_drones,10,9,10000,0.1,0.4,0.997,100,712.051993,637.986765,68.946519,0.0,5.118709,5,0.2,1.0,0.0,0.0,0.511871,0.5,True,18.967187,True,712.0519925036585
RDL-n25-05,number_of_drones,12,9,10000,0.1,0.4,0.997,100,712.051993,637.986765,68.946519,0.0,5.118709,5,0.2,1.0,0.0,0.0,0.511871,0.416667,True,18.958884,True,712.0519925036585
RDL-n25-05,number_of_drones,0,10,10000,0.1,0.4,0.997,100,830.811745,774.378744,0.0,56.433001,0.0,0,0.0,0.92,0.225732,4.40823,0.0,0.0,True,14.627355,False,
RDL-n25-05,number_of_drones,2,10,10000,0.1,0.4,0.997,100,731.87991,693.501131,27.548926,8.026557,2.803297,2,0.08,0.92,0.032106,0.518327,0.700824,1.0,True,15.346317,True,830.8117445809938
RDL-n25-05,number_of_drones,4,10,10000,0.1,0.4,0.997,100,712.464219,653.769984,54.801414,0.0,3.892822,4,0.16,1.0,0.0,0.0,0.486603,1.0,True,15.882628,True,731.8799096253676
RDL-n25-05,number_of_drones,6,10,10000,0.1,0.4,0.997,100,712.051993,637.986765,68.946519,0.0,5.118709,5,0.2,1.0,0.0,0.0,0.511871,0.833333,True,18.525385,True,712.4642193358868
RDL-n25-05,number_of_drones,8,10,10000,0.1,0.4,0.997,100,712.051993,637.986765,68.946519,0.0,5.118709,5,0.2,1.0,0.0,0.0,0.511871,0.625,True,18.747447,True,712.0519925036583
RDL-n25-05,number_of_drones,10,10,10000,0.1,0.4,0.997,100,712.051993,637.986765,68.946519,0.0,5.118709,5,0.2,1.0,0.0,0.0,0.511871,0.5,True,18.847124,True,712.0519925036583
RDL-n25-05,number_of_drones,12,10,10000,0.1,0.4,0.997,100,712.051993,637.986765,68.946519,0.0,5.118709,5,0.2,1.0,0.0,0.0,0.511871,0.416667,True,18.838911,True,712.0519925036583
RDL-n25-05,drone_range,8,1,10000,0.1,0.4,0.997,100,830.811745,774.378744,0.0,56.433001,0.0,0,0.0,0.92,0.225732,4.40823,0.0,0.0,True,20.696265,False,
RDL-n25-05,drone_range,12,1,10000,0.1,0.4,0.997,100,830.811745,774.378744,0.0,56.433001,0.0,0,0.0,0.92,0.225732,4.40823,0.0,0.0,True,21.414538,True,830.8117445809936
RDL-n25-05,drone_range,16,1,10000,0.1,0.4,0.997,100,712.051993,637.986765,68.946519,0.0,5.118709,5,0.2,1.0,0.0,0.0,0.511871,0.625,True,18.723199,True,830.8117445809936
RDL-n25-05,drone_range,20,1,10000,0.1,0.4,0.997,100,712.051993,637.986765,68.946519,0.0,5.118709,5,0.2,1.0,0.0,0.0,0.511871,0.625,True,18.359375,True,712.0519925036582
RDL-n25-05,drone_range,24,1,10000,0.1,0.4,0.997,100,712.051993,637.986765,68.946519,0.0,5.118709,5,0.2,1.0,0.0,0.0,0.511871,0.625,True,18.722517,True,712.0519925036582
RDL-n25-05,drone_range,30,1,10000,0.1,0.4,0.997,100,712.051993,637.986765,68.946519,0.0,5.118709,5,0.2,1.0,0.0,0.0,0.511871,0.625,True,18.590579,True,712.0519925036582
RDL-n25-05,drone_range,8,2,10000,0.1,0.4,0.997,100,830.811745,774.378744,0.0,56.433001,0.0,0,0.0,0.92,0.225732,4.40823,0.0,0.0,True,21.195274,False,
RDL-n25-05,drone_range,12,2,10000,0.1,0.4,0.997,100,830.811745,774.378744,0.0,56.433001,0.0,0,0.0,0.92,0.225732,4.40823,0.0,0.0,True,21.498866,True,830.8117445809937
RDL-n25-05,drone_range,16,2,10000,0.1,0.4,0.997,100,712.051993,637.986765,68.946519,0.0,5.118709,5,0.2,1.0,0.0,0.0,0.511871,0.625,True,19.296134,True,830.8117445809937
RDL-n25-05,drone_range,20,2,10000,0.1,0.4,0.997,100,712.051993,637.986765,68.946519,0.0,5.118709,5,0.2,1.0,0.0,0.0,0.511871,0.625,True,18.862486,True,712.0519925036582
RDL-n25-05,drone_range,24,2,10000,0.1,0.4,0.997,100,712.051993,637.986765,68.946519,0.0,5.118709,5,0.2,1.0,0.0,0.0,0.511871,0.625,True,18.891022,True,712.0519925036582
RDL-n25-05,drone_range,30,2,10000,0.1,0.4,0.997,100,712.051993,637.986765,68.946519,0.0,5.118709,5,0.2,1.0,0.0,0.0,0.511871,0.625,True,19.037245,True,712.0519925036582
RDL-n25-05,drone_range,8,3,10000,0.1,0.4,0.997,100,830.811745,774.378744,0.0,56.433001,0.0,0,0.0,0.92,0.225732,4.40823,0.0,0.0,True,21.669119,False,
RDL-n25-05,drone_range,12,3,10000,0.1,0.4,0.997,100,830.811745,774.378744,0.0,56.433001,0.0,0,0.0,0.92,0.225732,4.40823,0.0,0.0,True,21.647668,True,830.8117445809937
RDL-n25-05,drone_range,16,3,10000,0.1,0.4,0.997,100,712.051993,637.986765,68.946519,0.0,5.118709,5,0.2,1.0,0.0,0.0,0.511871,0.625,True,19.142812,True,830.8117445809937
RDL-n25-05,drone_range,20,3,10000,0.1,0.4,0.997,100,712.051993,637.986765,68.946519,0.0,5.118709,5,0.2,1.0,0.0,0.0,0.511871,0.625,True,18.497356,True,712.0519925036582
RDL-n25-05,drone_range,24,3,10000,0.1,0.4,0.997,100,712.051993,637.986765,68.946519,0.0,5.118709,5,0.2,1.0,0.0,0.0,0.511871,0.625,True,18.936306,True,712.0519925036582
RDL-n25-05,drone_range,30,3,10000,0.1,0.4,0.997,100,712.051993,637.986765,68.946519,0.0,5.118709,5,0.2,1.0,0.0,0.0,0.511871,0.625,True,18.805178,True,712.0519925036582
RDL-n25-05,drone_range,8,4,10000,0.1,0.4,0.997,100,830.811745,774.378744,0.0,56.433001,0.0,0,0.0,0.92,0.225732,4.40823,0.0,0.0,True,21.436995,False,
RDL-n25-05,drone_range,12,4,10000,0.1,0.4,0.997,100,830.811745,774.378744,0.0,56.433001,0.0,0,0.0,0.92,0.225732,4.40823,0.0,0.0,True,21.246252,True,830.8117445809937
RDL-n25-05,drone_range,16,4,10000,0.1,0.4,0.997,100,712.051993,637.986765,68.946519,0.0,5.118709,5,0.2,1.0,0.0,0.0,0.511871,0.625,True,19.71327,True,830.8117445809937
RDL-n25-05,drone_range,20,4,10000,0.1,0.4,0.997,100,712.051993,637.986765,68.946519,0.0,5.118709,5,0.2,1.0,0.0,0.0,0.511871,0.625,True,18.286856,True,712.0519925036585
RDL-n25-05,drone_range,24,4,10000,0.1,0.4,0.997,100,712.051993,637.986765,68.946519,0.0,5.118709,5,0.2,1.0,0.0,0.0,0.511871,0.625,True,17.566395,True,712.0519925036585
RDL-n25-05,drone_range,30,4,10000,0.1,0.4,0.997,100,712.051993,637.986765,68.946519,0.0,5.118709,5,0.2,1.0,0.0,0.0,0.511871,0.625,True,19.954657,True,712.0519925036585
RDL-n25-05,drone_range,8,5,10000,0.1,0.4,0.997,100,830.811745,774.378744,0.0,56.433001,0.0,0,0.0,0.92,0.225732,4.40823,0.0,0.0,True,22.913579,False,
RDL-n25-05,drone_range,12,5,10000,0.1,0.4,0.997,100,830.811745,774.378744,0.0,56.433001,0.0,0,0.0,0.92,0.225732,4.40823,0.0,0.0,True,22.82563,True,830.8117445809935
RDL-n25-05,drone_range,16,5,10000,0.1,0.4,0.997,100,712.051993,637.986765,68.946519,0.0,5.118709,5,0.2,1.0,0.0,0.0,0.511871,0.625,True,20.829533,True,830.8117445809935
RDL-n25-05,drone_range,20,5,10000,0.1,0.4,0.997,100,712.051993,637.986765,68.946519,0.0,5.118709,5,0.2,1.0,0.0,0.0,0.511871,0.625,True,21.009625,True,712.0519925036583
RDL-n25-05,drone_range,24,5,10000,0.1,0.4,0.997,100,712.051993,637.986765,68.946519,0.0,5.118709,5,0.2,1.0,0.0,0.0,0.511871,0.625,True,20.402508,True,712.0519925036583
RDL-n25-05,drone_range,30,5,10000,0.1,0.4,0.997,100,712.051993,637.986765,68.946519,0.0,5.118709,5,0.2,1.0,0.0,0.0,0.511871,0.625,True,20.30582,True,712.0519925036583
RDL-n25-05,drone_range,8,6,10000,0.1,0.4,0.997,100,830.811745,774.378744,0.0,56.433001,0.0,0,0.0,0.92,0.225732,4.40823,0.0,0.0,True,23.317359,False,
RDL-n25-05,drone_range,12,6,10000,0.1,0.4,0.997,100,830.811745,774.378744,0.0,56.433001,0.0,0,0.0,0.92,0.225732,4.40823,0.0,0.0,True,23.345976,True,830.8117445809936
RDL-n25-05,drone_range,16,6,10000,0.1,0.4,0.997,100,712.051993,637.986765,68.946519,0.0,5.118709,5,0.2,1.0,0.0,0.0,0.511871,0.625,True,20.455306,True,830.8117445809936
RDL-n25-05,drone_range,20,6,10000,0.1,0.4,0.997,100,712.051993,637.986765,68.946519,0.0,5.118709,5,0.2,1.0,0.0,0.0,0.511871,0.625,True,19.8645,True,712.0519925036582
RDL-n25-05,drone_range,24,6,10000,0.1,0.4,0.997,100,712.051993,637.986765,68.946519,0.0,5.118709,5,0.2,1.0,0.0,0.0,0.511871,0.625,True,19.442527,True,712.0519925036582
RDL-n25-05,drone_range,30,6,10000,0.1,0.4,0.997,100,712.051993,637.986765,68.946519,0.0,5.118709,5,0.2,1.0,0.0,0.0,0.511871,0.625,True,19.396603,True,712.0519925036582
RDL-n25-05,drone_range,8,7,10000,0.1,0.4,0.997,100,830.811745,774.378744,0.0,56.433001,0.0,0,0.0,0.92,0.225732,4.40823,0.0,0.0,True,22.313797,False,
RDL-n25-05,drone_range,12,7,10000,0.1,0.4,0.997,100,830.811745,774.378744,0.0,56.433001,0.0,0,0.0,0.92,0.225732,4.40823,0.0,0.0,True,22.690813,True,830.8117445809937
RDL-n25-05,drone_range,16,7,10000,0.1,0.4,0.997,100,712.051993,637.986765,68.946519,0.0,5.118709,5,0.2,1.0,0.0,0.0,0.511871,0.625,True,19.982531,True,830.8117445809937
RDL-n25-05,drone_range,20,7,10000,0.1,0.4,0.997,100,712.051993,637.986765,68.946519,0.0,5.118709,5,0.2,1.0,0.0,0.0,0.511871,0.625,True,19.789778,True,712.0519925036582
RDL-n25-05,drone_range,24,7,10000,0.1,0.4,0.997,100,712.051993,637.986765,68.946519,0.0,5.118709,5,0.2,1.0,0.0,0.0,0.511871,0.625,True,19.570279,True,712.0519925036582
RDL-n25-05,drone_range,30,7,10000,0.1,0.4,0.997,100,712.051993,637.986765,68.946519,0.0,5.118709,5,0.2,1.0,0.0,0.0,0.511871,0.625,True,19.635334,True,712.0519925036582
RDL-n25-05,drone_range,8,8,10000,0.1,0.4,0.997,100,830.811745,774.378744,0.0,56.433001,0.0,0,0.0,0.92,0.225732,4.40823,0.0,0.0,True,22.583198,False,
RDL-n25-05,drone_range,12,8,10000,0.1,0.4,0.997,100,830.811745,774.378744,0.0,56.433001,0.0,0,0.0,0.92,0.225732,4.40823,0.0,0.0,True,23.108303,True,830.8117445809935
RDL-n25-05,drone_range,16,8,10000,0.1,0.4,0.997,100,712.051993,637.986765,68.946519,0.0,5.118709,5,0.2,1.0,0.0,0.0,0.511871,0.625,True,20.093086,True,830.8117445809935
RDL-n25-05,drone_range,20,8,10000,0.1,0.4,0.997,100,712.051993,637.986765,68.946519,0.0,5.118709,5,0.2,1.0,0.0,0.0,0.511871,0.625,True,20.075844,True,712.0519925036582
RDL-n25-05,drone_range,24,8,10000,0.1,0.4,0.997,100,712.051993,637.986765,68.946519,0.0,5.118709,5,0.2,1.0,0.0,0.0,0.511871,0.625,True,20.097207,True,712.0519925036582
RDL-n25-05,drone_range,30,8,10000,0.1,0.4,0.997,100,712.051993,637.986765,68.946519,0.0,5.118709,5,0.2,1.0,0.0,0.0,0.511871,0.625,True,20.076133,True,712.0519925036582
RDL-n25-05,drone_range,8,9,10000,0.1,0.4,0.997,100,830.811745,774.378744,0.0,56.433001,0.0,0,0.0,0.92,0.225732,4.40823,0.0,0.0,True,22.355889,False,
RDL-n25-05,drone_range,12,9,10000,0.1,0.4,0.997,100,830.811745,774.378744,0.0,56.433001,0.0,0,0.0,0.92,0.225732,4.40823,0.0,0.0,True,23.241361,True,830.8117445809937
RDL-n25-05,drone_range,16,9,10000,0.1,0.4,0.997,100,712.051993,637.986765,68.946519,0.0,5.118709,5,0.2,1.0,0.0,0.0,0.511871,0.625,True,20.154864,True,830.8117445809937
RDL-n25-05,drone_range,20,9,10000,0.1,0.4,0.997,100,712.051993,637.986765,68.946519,0.0,5.118709,5,0.2,1.0,0.0,0.0,0.511871,0.625,True,20.141175,True,712.0519925036585
RDL-n25-05,drone_range,24,9,10000,0.1,0.4,0.997,100,712.051993,637.986765,68.946519,0.0,5.118709,5,0.2,1.0,0.0,0.0,0.511871,0.625,True,19.682772,True,712.0519925036585
RDL-n25-05,drone_range,30,9,10000,0.1,0.4,0.997,100,712.051993,637.986765,68.946519,0.0,5.118709,5,0.2,1.0,0.0,0.0,0.511871,0.625,True,19.597661,True,712.0519925036585
RDL-n25-05,drone_range,8,10,10000,0.1,0.4,0.997,100,830.811745,774.378744,0.0,56.433001,0.0,0,0.0,0.92,0.225732,4.40823,0.0,0.0,True,22.568453,False,
RDL-n25-05,drone_range,12,10,10000,0.1,0.4,0.997,100,830.811745,774.378744,0.0,56.433001,0.0,0,0.0,0.92,0.225732,4.40823,0.0,0.0,True,23.199705,True,830.8117445809938
RDL-n25-05,drone_range,16,10,10000,0.1,0.4,0.997,100,712.051993,637.986765,68.946519,0.0,5.118709,5,0.2,1.0,0.0,0.0,0.511871,0.625,True,20.585084,True,830.8117445809938
RDL-n25-05,drone_range,20,10,10000,0.1,0.4,0.997,100,712.051993,637.986765,68.946519,0.0,5.118709,5,0.2,1.0,0.0,0.0,0.511871,0.625,True,19.852922,True,712.0519925036582
RDL-n25-05,drone_range,24,10,10000,0.1,0.4,0.997,100,712.051993,637.986765,68.946519,0.0,5.118709,5,0.2,1.0,0.0,0.0,0.511871,0.625,True,19.899323,True,712.0519925036582
RDL-n25-05,drone_range,30,10,10000,0.1,0.4,0.997,100,712.051993,637.986765,68.946519,0.0,5.118709,5,0.2,1.0,0.0,0.0,0.511871,0.625,True,19.810798,True,712.0519925036582
RDL-n25-05,number_of_lockers,2,1,10000,0.1,0.4,0.997,100,742.67229,699.40242,40.211461,0.0,3.058409,3,0.12,1.0,0.0,0.0,0.509735,0.375,True,16.384976,False,
RDL-n25-05,number_of_lockers,3,1,10000,0.1,0.4,0.997,100,712.246367,637.986765,68.501671,0.0,5.757931,5,0.2,1.0,0.0,0.0,0.575793,0.625,True,19.796706,True,742.6722902097322
RDL-n25-05,number_of_lockers,4,1,10000,0.1,0.4,0.997,100,712.246367,637.986765,68.501671,0.0,5.757931,5,0.2,1.0,0.0,0.0,0.575793,0.625,True,19.583457,True,712.2463672278873
RDL-n25-05,number_of_lockers,5,1,10000,0.1,0.4,0.997,100,712.051993,637.986765,68.946519,0.0,5.118709,5,0.2,1.0,0.0,0.0,0.511871,0.625,True,20.348411,True,712.2463672278873
RDL-n25-05,number_of_lockers,6,1,10000,0.1,0.4,0.997,100,712.051993,637.986765,68.946519,0.0,5.118709,5,0.2,1.0,0.0,0.0,0.511871,0.625,True,20.41722,True,712.0519925036583
RDL-n25-05,number_of_lockers,8,1,10000,0.1,0.4,0.997,100,712.051993,637.986765,68.946519,0.0,5.118709,5,0.2,1.0,0.0,0.0,0.511871,0.625,True,20.310693,True,712.0519925036583
RDL-n25-05,number_of_lockers,10,1,10000,0.1,0.4,0.997,100,712.051993,637.986765,68.946519,0.0,5.118709,5,0.2,1.0,0.0,0.0,0.511871,0.625,True,20.093744,True,712.0519925036583
RDL-n25-05,number_of_lockers,2,2,10000,0.1,0.4,0.997,100,742.67229,699.40242,40.211461,0.0,3.058409,3,0.12,1.0,0.0,0.0,0.509735,0.375,True,17.938846,False,
RDL-n25-05,number_of_lockers,3,2,10000,0.1,0.4,0.997,100,712.246367,637.986765,68.501671,0.0,5.757931,5,0.2,1.0,0.0,0.0,0.575793,0.625,True,19.911388,True,742.6722902097322
RDL-n25-05,number_of_lockers,4,2,10000,0.1,0.4,0.997,100,712.246367,637.986765,68.501671,0.0,5.757931,5,0.2,1.0,0.0,0.0,0.575793,0.625,True,19.83549,True,712.2463672278872
RDL-n25-05,number_of_lockers,5,2,10000,0.1,0.4,0.997,100,712.051993,637.986765,68.946519,0.0,5.118709,5,0.2,1.0,0.0,0.0,0.511871,0.625,True,20.409426,True,712.2463672278872
RDL-n25-05,number_of_lockers,6,2,10000,0.1,0.4,0.997,100,712.051993,637.986765,68.946519,0.0,5.118709,5,0.2,1.0,0.0,0.0,0.511871,0.625,True,20.262732,True,712.0519925036582
RDL-n25-05,number_of_lockers,8,2,10000,0.1,0.4,0.997,100,712.051993,637.986765,68.946519,0.0,5.118709,5,0.2,1.0,0.0,0.0,0.511871,0.625,True,20.254929,True,712.0519925036582
RDL-n25-05,number_of_lockers,10,2,10000,0.1,0.4,0.997,100,712.051993,637.986765,68.946519,0.0,5.118709,5,0.2,1.0,0.0,0.0,0.511871,0.625,True,20.051609,True,712.0519925036582
RDL-n25-05,number_of_lockers,2,3,10000,0.1,0.4,0.997,100,742.67229,699.40242,40.211461,0.0,3.058409,3,0.12,1.0,0.0,0.0,0.509735,0.375,True,17.224622,False,
RDL-n25-05,number_of_lockers,3,3,10000,0.1,0.4,0.997,100,712.246367,637.986765,68.501671,0.0,5.757931,5,0.2,1.0,0.0,0.0,0.575793,0.625,True,19.828848,True,742.672290209732
RDL-n25-05,number_of_lockers,4,3,10000,0.1,0.4,0.997,100,712.246367,637.986765,68.501671,0.0,5.757931,5,0.2,1.0,0.0,0.0,0.575793,0.625,True,20.461413,True,712.246367227887
RDL-n25-05,number_of_lockers,5,3,10000,0.1,0.4,0.997,100,712.051993,637.986765,68.946519,0.0,5.118709,5,0.2,1.0,0.0,0.0,0.511871,0.625,True,20.082016,True,712.246367227887
RDL-n25-05,number_of_lockers,6,3,10000,0.1,0.4,0.997,100,712.051993,637.986765,68.946519,0.0,5.118709,5,0.2,1.0,0.0,0.0,0.511871,0.625,True,19.975945,True,712.0519925036581
RDL-n25-05,number_of_lockers,8,3,10000,0.1,0.4,0.997,100,712.051993,637.986765,68.946519,0.0,5.118709,5,0.2,1.0,0.0,0.0,0.511871,0.625,True,19.97567,True,712.0519925036581
RDL-n25-05,number_of_lockers,10,3,10000,0.1,0.4,0.997,100,712.051993,637.986765,68.946519,0.0,5.118709,5,0.2,1.0,0.0,0.0,0.511871,0.625,True,20.168677,True,712.0519925036581
RDL-n25-05,number_of_lockers,2,4,10000,0.1,0.4,0.997,100,742.67229,699.40242,40.211461,0.0,3.058409,3,0.12,1.0,0.0,0.0,0.509735,0.375,True,16.984465,False,
RDL-n25-05,number_of_lockers,3,4,10000,0.1,0.4,0.997,100,712.246367,637.986765,68.501671,0.0,5.757931,5,0.2,1.0,0.0,0.0,0.575793,0.625,True,20.038039,True,742.6722902097321
RDL-n25-05,number_of_lockers,4,4,10000,0.1,0.4,0.997,100,712.246367,637.986765,68.501671,0.0,5.757931,5,0.2,1.0,0.0,0.0,0.575793,0.625,True,20.175666,True,712.2463672278873
RDL-n25-05,number_of_lockers,5,4,10000,0.1,0.4,0.997,100,712.051993,637.986765,68.946519,0.0,5.118709,5,0.2,1.0,0.0,0.0,0.511871,0.625,True,20.219852,True,712.2463672278873
RDL-n25-05,number_of_lockers,6,4,10000,0.1,0.4,0.997,100,712.051993,637.986765,68.946519,0.0,5.118709,5,0.2,1.0,0.0,0.0,0.511871,0.625,True,20.389134,True,712.0519925036583
RDL-n25-05,number_of_lockers,8,4,10000,0.1,0.4,0.997,100,712.051993,637.986765,68.946519,0.0,5.118709,5,0.2,1.0,0.0,0.0,0.511871,0.625,True,20.420714,True,712.0519925036583
RDL-n25-05,number_of_lockers,10,4,10000,0.1,0.4,0.997,100,712.051993,637.986765,68.946519,0.0,5.118709,5,0.2,1.0,0.0,0.0,0.511871,0.625,True,19.51385,True,712.0519925036583
RDL-n25-05,number_of_lockers,2,5,10000,0.1,0.4,0.997,100,742.67229,699.40242,40.211461,0.0,3.058409,3,0.12,1.0,0.0,0.0,0.509735,0.375,True,17.057172,False,
RDL-n25-05,number_of_lockers,3,5,10000,0.1,0.4,0.997,100,712.246367,637.986765,68.501671,0.0,5.757931,5,0.2,1.0,0.0,0.0,0.575793,0.625,True,19.765426,True,742.6722902097322
RDL-n25-05,number_of_lockers,4,5,10000,0.1,0.4,0.997,100,712.246367,637.986765,68.501671,0.0,5.757931,5,0.2,1.0,0.0,0.0,0.575793,0.625,True,20.291093,True,712.2463672278874
RDL-n25-05,number_of_lockers,5,5,10000,0.1,0.4,0.997,100,712.051993,637.986765,68.946519,0.0,5.118709,5,0.2,1.0,0.0,0.0,0.511871,0.625,True,20.059777,True,712.2463672278874
RDL-n25-05,number_of_lockers,6,5,10000,0.1,0.4,0.997,100,712.051993,637.986765,68.946519,0.0,5.118709,5,0.2,1.0,0.0,0.0,0.511871,0.625,True,20.392018,True,712.0519925036584
RDL-n25-05,number_of_lockers,8,5,10000,0.1,0.4,0.997,100,712.051993,637.986765,68.946519,0.0,5.118709,5,0.2,1.0,0.0,0.0,0.511871,0.625,True,20.639183,True,712.0519925036584
RDL-n25-05,number_of_lockers,10,5,10000,0.1,0.4,0.997,100,712.051993,637.986765,68.946519,0.0,5.118709,5,0.2,1.0,0.0,0.0,0.511871,0.625,True,20.026042,True,712.0519925036584
RDL-n25-05,number_of_lockers,2,6,10000,0.1,0.4,0.997,100,737.3345,660.094565,67.019102,4.67815,5.542683,5,0.2,0.92,0.018713,0.284328,0.554268,0.625,True,16.666863,False,
RDL-n25-05,number_of_lockers,3,6,10000,0.1,0.4,0.997,100,712.246367,637.986765,68.501671,0.0,5.757931,5,0.2,1.0,0.0,0.0,0.575793,0.625,True,19.570823,True,737.3344995525943
RDL-n25-05,number_of_lockers,4,6,10000,0.1,0.4,0.997,100,712.246367,637.986765,68.501671,0.0,5.757931,5,0.2,1.0,0.0,0.0,0.575793,0.625,True,20.471976,True,712.2463672278875
RDL-n25-05,number_of_lockers,5,6,10000,0.1,0.4,0.997,100,712.051993,637.986765,68.946519,0.0,5.118709,5,0.2,1.0,0.0,0.0,0.511871,0.625,True,20.108386,True,712.2463672278875
RDL-n25-05,number_of_lockers,6,6,10000,0.1,0.4,0.997,100,712.051993,637.986765,68.946519,0.0,5.118709,5,0.2,1.0,0.0,0.0,0.511871,0.625,True,20.083279,True,712.0519925036585
RDL-n25-05,number_of_lockers,8,6,10000,0.1,0.4,0.997,100,712.051993,637.986765,68.946519,0.0,5.118709,5,0.2,1.0,0.0,0.0,0.511871,0.625,True,20.087744,True,712.0519925036585
RDL-n25-05,number_of_lockers,10,6,10000,0.1,0.4,0.997,100,712.051993,637.986765,68.946519,0.0,5.118709,5,0.2,1.0,0.0,0.0,0.511871,0.625,True,19.960361,True,712.0519925036585
RDL-n25-05,number_of_lockers,2,7,10000,0.1,0.4,0.997,100,742.67229,699.40242,40.211461,0.0,3.058409,3,0.12,1.0,0.0,0.0,0.509735,0.375,True,16.380713,False,
RDL-n25-05,number_of_lockers,3,7,10000,0.1,0.4,0.997,100,712.246367,637.986765,68.501671,0.0,5.757931,5,0.2,1.0,0.0,0.0,0.575793,0.625,True,19.545906,True,742.6722902097322
RDL-n25-05,number_of_lockers,4,7,10000,0.1,0.4,0.997,100,712.246367,637.986765,68.501671,0.0,5.757931,5,0.2,1.0,0.0,0.0,0.575793,0.625,True,20.283979,True,712.2463672278874
RDL-n25-05,number_of_lockers,5,7,10000,0.1,0.4,0.997,100,712.051993,637.986765,68.946519,0.0,5.118709,5,0.2,1.0,0.0,0.0,0.511871,0.625,True,20.238169,True,712.2463672278874
RDL-n25-05,number_of_lockers,6,7,10000,0.1,0.4,0.997,100,712.051993,637.986765,68.946519,0.0,5.118709,5,0.2,1.0,0.0,0.0,0.511871,0.625,True,19.654834,True,712.0519925036584
RDL-n25-05,number_of_lockers,8,7,10000,0.1,0.4,0.997,100,712.051993,637.986765,68.946519,0.0,5.118709,5,0.2,1.0,0.0,0.0,0.511871,0.625,True,19.669191,True,712.0519925036584
RDL-n25-05,number_of_lockers,10,7,10000,0.1,0.4,0.997,100,712.051993,637.986765,68.946519,0.0,5.118709,5,0.2,1.0,0.0,0.0,0.511871,0.625,True,20.044223,True,712.0519925036584
RDL-n25-05,number_of_lockers,2,8,10000,0.1,0.4,0.997,100,737.3345,660.094565,67.019102,4.67815,5.542683,5,0.2,0.92,0.018713,0.284328,0.554268,0.625,True,17.812665,False,
RDL-n25-05,number_of_lockers,3,8,10000,0.1,0.4,0.997,100,712.246367,637.986765,68.501671,0.0,5.757931,5,0.2,1.0,0.0,0.0,0.575793,0.625,True,19.62926,True,737.334499552594
RDL-n25-05,number_of_lockers,4,8,10000,0.1,0.4,0.997,100,712.246367,637.986765,68.501671,0.0,5.757931,5,0.2,1.0,0.0,0.0,0.575793,0.625,True,20.547102,True,712.2463672278872
RDL-n25-05,number_of_lockers,5,8,10000,0.1,0.4,0.997,100,712.051993,637.986765,68.946519,0.0,5.118709,5,0.2,1.0,0.0,0.0,0.511871,0.625,True,20.373147,True,712.2463672278872
RDL-n25-05,number_of_lockers,6,8,10000,0.1,0.4,0.997,100,712.051993,637.986765,68.946519,0.0,5.118709,5,0.2,1.0,0.0,0.0,0.511871,0.625,True,20.029124,True,712.0519925036582
RDL-n25-05,number_of_lockers,8,8,10000,0.1,0.4,0.997,100,712.051993,637.986765,68.946519,0.0,5.118709,5,0.2,1.0,0.0,0.0,0.511871,0.625,True,20.106245,True,712.0519925036582
RDL-n25-05,number_of_lockers,10,8,10000,0.1,0.4,0.997,100,712.051993,637.986765,68.946519,0.0,5.118709,5,0.2,1.0,0.0,0.0,0.511871,0.625,True,20.565152,True,712.0519925036582
RDL-n25-05,number_of_lockers,2,9,10000,0.1,0.4,0.997,100,742.67229,699.40242,40.211461,0.0,3.058409,3,0.12,1.0,0.0,0.0,0.509735,0.375,True,16.914174,False,
RDL-n25-05,number_of_lockers,3,9,10000,0.1,0.4,0.997,100,712.246367,637.986765,68.501671,0.0,5.757931,5,0.2,1.0,0.0,0.0,0.575793,0.625,True,19.085594,True,742.6722902097322
RDL-n25-05,number_of_lockers,4,9,10000,0.1,0.4,0.997,100,712.246367,637.986765,68.501671,0.0,5.757931,5,0.2,1.0,0.0,0.0,0.575793,0.625,True,20.09883,True,712.2463672278873
RDL-n25-05,number_of_lockers,5,9,10000,0.1,0.4,0.997,100,712.051993,637.986765,68.946519,0.0,5.118709,5,0.2,1.0,0.0,0.0,0.511871,0.625,True,20.026955,True,712.2463672278873
RDL-n25-05,number_of_lockers,6,9,10000,0.1,0.4,0.997,100,712.051993,637.986765,68.946519,0.0,5.118709,5,0.2,1.0,0.0,0.0,0.511871,0.625,True,20.044148,True,712.0519925036583
RDL-n25-05,number_of_lockers,8,9,10000,0.1,0.4,0.997,100,712.051993,637.986765,68.946519,0.0,5.118709,5,0.2,1.0,0.0,0.0,0.511871,0.625,True,20.070143,True,712.0519925036583
RDL-n25-05,number_of_lockers,10,9,10000,0.1,0.4,0.997,100,712.051993,637.986765,68.946519,0.0,5.118709,5,0.2,1.0,0.0,0.0,0.511871,0.625,True,19.630778,True,712.0519925036583
RDL-n25-05,number_of_lockers,2,10,10000,0.1,0.4,0.997,100,742.67229,699.40242,40.211461,0.0,3.058409,3,0.12,1.0,0.0,0.0,0.509735,0.375,True,16.464541,False,
RDL-n25-05,number_of_lockers,3,10,10000,0.1,0.4,0.997,100,712.246367,637.986765,68.501671,0.0,5.757931,5,0.2,1.0,0.0,0.0,0.575793,0.625,True,19.613007,True,742.6722902097321
RDL-n25-05,number_of_lockers,4,10,10000,0.1,0.4,0.997,100,712.246367,637.986765,68.501671,0.0,5.757931,5,0.2,1.0,0.0,0.0,0.575793,0.625,True,20.405957,True,712.2463672278873
RDL-n25-05,number_of_lockers,5,10,10000,0.1,0.4,0.997,100,712.051993,637.986765,68.946519,0.0,5.118709,5,0.2,1.0,0.0,0.0,0.511871,0.625,True,19.872283,True,712.2463672278873
RDL-n25-05,number_of_lockers,6,10,10000,0.1,0.4,0.997,100,712.051993,637.986765,68.946519,0.0,5.118709,5,0.2,1.0,0.0,0.0,0.511871,0.625,True,20.200035,True,712.0519925036583
RDL-n25-05,number_of_lockers,8,10,10000,0.1,0.4,0.997,100,712.051993,637.986765,68.946519,0.0,5.118709,5,0.2,1.0,0.0,0.0,0.511871,0.625,True,20.292877,True,712.0519925036583
RDL-n25-05,number_of_lockers,10,10,10000,0.1,0.4,0.997,100,712.051993,637.986765,68.946519,0.0,5.118709,5,0.2,1.0,0.0,0.0,0.511871,0.625,True,19.498546,True,712.0519925036583
RDL-n25-05,self_pickup_compensation_cW,0,1,10000,0.1,0.4,0.997,100,706.488436,637.986765,68.501671,0.0,0.0,5,0.2,1.0,0.0,0.0,0.575793,0.625,True,20.579781,False,
RDL-n25-05,self_pickup_compensation_cW,1,1,10000,0.1,0.4,0.997,100,709.367402,637.986765,68.501671,0.0,2.878966,5,0.2,1.0,0.0,0.0,0.575793,0.625,True,20.512716,False,
RDL-n25-05,self_pickup_compensation_cW,2,1,10000,0.1,0.4,0.997,100,712.051993,637.986765,68.946519,0.0,5.118709,5,0.2,1.0,0.0,0.0,0.511871,0.625,True,20.308633,False,
RDL-n25-05,self_pickup_compensation_cW,4,1,10000,0.1,0.4,0.997,100,716.357041,653.769984,54.801414,0.0,7.785643,4,0.16,1.0,0.0,0.0,0.486603,0.5,True,19.669652,False,
RDL-n25-05,self_pickup_compensation_cW,6,1,10000,0.1,0.4,0.997,100,720.137809,653.769984,55.246261,0.0,11.121564,4,0.16,1.0,0.0,0.0,0.463399,0.5,True,20.125337,False,
RDL-n25-05,self_pickup_compensation_cW,8,1,10000,0.1,0.4,0.997,100,723.844997,653.769984,55.246261,0.0,14.828752,4,0.16,1.0,0.0,0.0,0.463399,0.5,True,19.860054,False,
RDL-n25-05,self_pickup_compensation_cW,0,2,10000,0.1,0.4,0.997,100,706.488436,637.986765,68.501671,0.0,0.0,5,0.2,1.0,0.0,0.0,0.575793,0.625,True,19.918085,False,
RDL-n25-05,self_pickup_compensation_cW,1,2,10000,0.1,0.4,0.997,100,709.367402,637.986765,68.501671,0.0,2.878966,5,0.2,1.0,0.0,0.0,0.575793,0.625,True,20.867136,False,
RDL-n25-05,self_pickup_compensation_cW,2,2,10000,0.1,0.4,0.997,100,712.051993,637.986765,68.946519,0.0,5.118709,5,0.2,1.0,0.0,0.0,0.511871,0.625,True,20.470692,False,
RDL-n25-05,self_pickup_compensation_cW,4,2,10000,0.1,0.4,0.997,100,716.357041,653.769984,54.801414,0.0,7.785643,4,0.16,1.0,0.0,0.0,0.486603,0.5,True,20.03025,False,
RDL-n25-05,self_pickup_compensation_cW,6,2,10000,0.1,0.4,0.997,100,720.137809,653.769984,55.246261,0.0,11.121564,4,0.16,1.0,0.0,0.0,0.463399,0.5,True,20.474529,False,
RDL-n25-05,self_pickup_compensation_cW,8,2,10000,0.1,0.4,0.997,100,723.844997,653.769984,55.246261,0.0,14.828752,4,0.16,1.0,0.0,0.0,0.463399,0.5,True,19.864318,False,
RDL-n25-05,self_pickup_compensation_cW,0,3,10000,0.1,0.4,0.997,100,706.488436,637.986765,68.501671,0.0,0.0,5,0.2,1.0,0.0,0.0,0.575793,0.625,True,19.806251,False,
RDL-n25-05,self_pickup_compensation_cW,1,3,10000,0.1,0.4,0.997,100,709.367402,637.986765,68.501671,0.0,2.878966,5,0.2,1.0,0.0,0.0,0.575793,0.625,True,19.876692,False,
RDL-n25-05,self_pickup_compensation_cW,2,3,10000,0.1,0.4,0.997,100,712.051993,637.986765,68.946519,0.0,5.118709,5,0.2,1.0,0.0,0.0,0.511871,0.625,True,20.106548,False,
RDL-n25-05,self_pickup_compensation_cW,4,3,10000,0.1,0.4,0.997,100,716.357041,653.769984,54.801414,0.0,7.785643,4,0.16,1.0,0.0,0.0,0.486603,0.5,True,20.130393,False,
RDL-n25-05,self_pickup_compensation_cW,6,3,10000,0.1,0.4,0.997,100,720.137809,653.769984,55.246261,0.0,11.121564,4,0.16,1.0,0.0,0.0,0.463399,0.5,True,19.987438,False,
RDL-n25-05,self_pickup_compensation_cW,8,3,10000,0.1,0.4,0.997,100,723.844997,653.769984,55.246261,0.0,14.828752,4,0.16,1.0,0.0,0.0,0.463399,0.5,True,20.573104,False,
RDL-n25-05,self_pickup_compensation_cW,0,4,10000,0.1,0.4,0.997,100,706.488436,637.986765,68.501671,0.0,0.0,5,0.2,1.0,0.0,0.0,0.575793,0.625,True,20.576584,False,
RDL-n25-05,self_pickup_compensation_cW,1,4,10000,0.1,0.4,0.997,100,709.367402,637.986765,68.501671,0.0,2.878966,5,0.2,1.0,0.0,0.0,0.575793,0.625,True,20.604554,False,
RDL-n25-05,self_pickup_compensation_cW,2,4,10000,0.1,0.4,0.997,100,712.051993,637.986765,68.946519,0.0,5.118709,5,0.2,1.0,0.0,0.0,0.511871,0.625,True,20.069835,False,
RDL-n25-05,self_pickup_compensation_cW,4,4,10000,0.1,0.4,0.997,100,716.357041,653.769984,54.801414,0.0,7.785643,4,0.16,1.0,0.0,0.0,0.486603,0.5,True,20.227795,False,
RDL-n25-05,self_pickup_compensation_cW,6,4,10000,0.1,0.4,0.997,100,720.137809,653.769984,55.246261,0.0,11.121564,4,0.16,1.0,0.0,0.0,0.463399,0.5,True,19.909056,False,
RDL-n25-05,self_pickup_compensation_cW,8,4,10000,0.1,0.4,0.997,100,723.844997,653.769984,55.246261,0.0,14.828752,4,0.16,1.0,0.0,0.0,0.463399,0.5,True,19.776201,False,
RDL-n25-05,self_pickup_compensation_cW,0,5,10000,0.1,0.4,0.997,100,706.488436,637.986765,68.501671,0.0,0.0,5,0.2,1.0,0.0,0.0,0.575793,0.625,True,20.654364,False,
RDL-n25-05,self_pickup_compensation_cW,1,5,10000,0.1,0.4,0.997,100,709.367402,637.986765,68.501671,0.0,2.878966,5,0.2,1.0,0.0,0.0,0.575793,0.625,True,20.210036,False,
RDL-n25-05,self_pickup_compensation_cW,2,5,10000,0.1,0.4,0.997,100,712.051993,637.986765,68.946519,0.0,5.118709,5,0.2,1.0,0.0,0.0,0.511871,0.625,True,20.321504,False,
RDL-n25-05,self_pickup_compensation_cW,4,5,10000,0.1,0.4,0.997,100,716.357041,653.769984,54.801414,0.0,7.785643,4,0.16,1.0,0.0,0.0,0.486603,0.5,True,19.533042,False,
RDL-n25-05,self_pickup_compensation_cW,6,5,10000,0.1,0.4,0.997,100,722.017759,655.649934,55.246261,0.0,11.121564,4,0.16,1.0,0.0,0.0,0.463399,0.5,True,19.261381,False,
RDL-n25-05,self_pickup_compensation_cW,8,5,10000,0.1,0.4,0.997,100,723.844997,653.769984,55.246261,0.0,14.828752,4,0.16,1.0,0.0,0.0,0.463399,0.5,True,19.822499,False,
RDL-n25-05,self_pickup_compensation_cW,0,6,10000,0.1,0.4,0.997,100,706.488436,637.986765,68.501671,0.0,0.0,5,0.2,1.0,0.0,0.0,0.575793,0.625,True,20.018051,False,
RDL-n25-05,self_pickup_compensation_cW,1,6,10000,0.1,0.4,0.997,100,709.367402,637.986765,68.501671,0.0,2.878966,5,0.2,1.0,0.0,0.0,0.575793,0.625,True,19.820724,False,
RDL-n25-05,self_pickup_compensation_cW,2,6,10000,0.1,0.4,0.997,100,712.051993,637.986765,68.946519,0.0,5.118709,5,0.2,1.0,0.0,0.0,0.511871,0.625,True,19.868443,False,
RDL-n25-05,self_pickup_compensation_cW,4,6,10000,0.1,0.4,0.997,100,716.357041,653.769984,54.801414,0.0,7.785643,4,0.16,1.0,0.0,0.0,0.486603,0.5,True,19.749848,False,
RDL-n25-05,self_pickup_compensation_cW,6,6,10000,0.1,0.4,0.997,100,720.137809,653.769984,55.246261,0.0,11.121564,4,0.16,1.0,0.0,0.0,0.463399,0.5,True,19.610109,False,
RDL-n25-05,self_pickup_compensation_cW,8,6,10000,0.1,0.4,0.997,100,723.844997,653.769984,55.246261,0.0,14.828752,4,0.16,1.0,0.0,0.0,0.463399,0.5,True,19.551408,False,
RDL-n25-05,self_pickup_compensation_cW,0,7,10000,0.1,0.4,0.997,100,706.488436,637.986765,68.501671,0.0,0.0,5,0.2,1.0,0.0,0.0,0.575793,0.625,True,20.041565,False,
RDL-n25-05,self_pickup_compensation_cW,1,7,10000,0.1,0.4,0.997,100,709.367402,637.986765,68.501671,0.0,2.878966,5,0.2,1.0,0.0,0.0,0.575793,0.625,True,20.24741,False,
RDL-n25-05,self_pickup_compensation_cW,2,7,10000,0.1,0.4,0.997,100,712.051993,637.986765,68.946519,0.0,5.118709,5,0.2,1.0,0.0,0.0,0.511871,0.625,True,19.697811,False,
RDL-n25-05,self_pickup_compensation_cW,4,7,10000,0.1,0.4,0.997,100,716.357041,653.769984,54.801414,0.0,7.785643,4,0.16,1.0,0.0,0.0,0.486603,0.5,True,19.303644,False,
RDL-n25-05,self_pickup_compensation_cW,6,7,10000,0.1,0.4,0.997,100,720.137809,653.769984,55.246261,0.0,11.121564,4,0.16,1.0,0.0,0.0,0.463399,0.5,True,19.638086,False,
RDL-n25-05,self_pickup_compensation_cW,8,7,10000,0.1,0.4,0.997,100,723.844997,653.769984,55.246261,0.0,14.828752,4,0.16,1.0,0.0,0.0,0.463399,0.5,True,19.52797,False,
RDL-n25-05,self_pickup_compensation_cW,0,8,10000,0.1,0.4,0.997,100,706.488436,637.986765,68.501671,0.0,0.0,5,0.2,1.0,0.0,0.0,0.575793,0.625,True,19.891699,False,
RDL-n25-05,self_pickup_compensation_cW,1,8,10000,0.1,0.4,0.997,100,709.367402,637.986765,68.501671,0.0,2.878966,5,0.2,1.0,0.0,0.0,0.575793,0.625,True,20.149099,False,
RDL-n25-05,self_pickup_compensation_cW,2,8,10000,0.1,0.4,0.997,100,712.051993,637.986765,68.946519,0.0,5.118709,5,0.2,1.0,0.0,0.0,0.511871,0.625,True,19.706564,False,
RDL-n25-05,self_pickup_compensation_cW,4,8,10000,0.1,0.4,0.997,100,716.357041,653.769984,54.801414,0.0,7.785643,4,0.16,1.0,0.0,0.0,0.486603,0.5,True,20.003853,False,
RDL-n25-05,self_pickup_compensation_cW,6,8,10000,0.1,0.4,0.997,100,720.137809,653.769984,55.246261,0.0,11.121564,4,0.16,1.0,0.0,0.0,0.463399,0.5,True,19.947981,False,
RDL-n25-05,self_pickup_compensation_cW,8,8,10000,0.1,0.4,0.997,100,723.844997,653.769984,55.246261,0.0,14.828752,4,0.16,1.0,0.0,0.0,0.463399,0.5,True,20.183281,False,
RDL-n25-05,self_pickup_compensation_cW,0,9,10000,0.1,0.4,0.997,100,706.488436,637.986765,68.501671,0.0,0.0,5,0.2,1.0,0.0,0.0,0.575793,0.625,True,20.014062,False,
RDL-n25-05,self_pickup_compensation_cW,1,9,10000,0.1,0.4,0.997,100,709.367402,637.986765,68.501671,0.0,2.878966,5,0.2,1.0,0.0,0.0,0.575793,0.625,True,20.331765,False,
RDL-n25-05,self_pickup_compensation_cW,2,9,10000,0.1,0.4,0.997,100,712.051993,637.986765,68.946519,0.0,5.118709,5,0.2,1.0,0.0,0.0,0.511871,0.625,True,20.555748,False,
RDL-n25-05,self_pickup_compensation_cW,4,9,10000,0.1,0.4,0.997,100,716.357041,653.769984,54.801414,0.0,7.785643,4,0.16,1.0,0.0,0.0,0.486603,0.5,True,20.378146,False,
RDL-n25-05,self_pickup_compensation_cW,6,9,10000,0.1,0.4,0.997,100,720.137809,653.769984,55.246261,0.0,11.121564,4,0.16,1.0,0.0,0.0,0.463399,0.5,True,20.107069,False,
RDL-n25-05,self_pickup_compensation_cW,8,9,10000,0.1,0.4,0.997,100,723.844997,653.769984,55.246261,0.0,14.828752,4,0.16,1.0,0.0,0.0,0.463399,0.5,True,20.155923,False,
RDL-n25-05,self_pickup_compensation_cW,0,10,10000,0.1,0.4,0.997,100,706.488436,637.986765,68.501671,0.0,0.0,5,0.2,1.0,0.0,0.0,0.575793,0.625,True,20.409833,False,
RDL-n25-05,self_pickup_compensation_cW,1,10,10000,0.1,0.4,0.997,100,709.367402,637.986765,68.501671,0.0,2.878966,5,0.2,1.0,0.0,0.0,0.575793,0.625,True,20.168635,False,
RDL-n25-05,self_pickup_compensation_cW,2,10,10000,0.1,0.4,0.997,100,712.051993,637.986765,68.946519,0.0,5.118709,5,0.2,1.0,0.0,0.0,0.511871,0.625,True,19.98378,False,
RDL-n25-05,self_pickup_compensation_cW,4,10,10000,0.1,0.4,0.997,100,716.357041,653.769984,54.801414,0.0,7.785643,4,0.16,1.0,0.0,0.0,0.486603,0.5,True,20.134262,False,
RDL-n25-05,self_pickup_compensation_cW,6,10,10000,0.1,0.4,0.997,100,720.137809,653.769984,55.246261,0.0,11.121564,4,0.16,1.0,0.0,0.0,0.463399,0.5,True,20.105614,False,
RDL-n25-05,self_pickup_compensation_cW,8,10,10000,0.1,0.4,0.997,100,723.844997,653.769984,55.246261,0.0,14.828752,4,0.16,1.0,0.0,0.0,0.463399,0.5,True,19.691821,False,
RDL-n25-05,delay_penalty_cP,1,1,10000,0.1,0.4,0.997,100,707.007107,646.97561,54.801414,1.337262,3.892822,4,0.16,0.96,0.05349,1.337262,0.486603,0.5,True,18.223413,False,
RDL-n25-05,delay_penalty_cP,5,1,10000,0.1,0.4,0.997,100,712.051993,637.986765,68.946519,0.0,5.118709,5,0.2,1.0,0.0,0.0,0.511871,0.625,True,20.278703,False,
RDL-n25-05,delay_penalty_cP,10,1,10000,0.1,0.4,0.997,100,712.051993,637.986765,68.946519,0.0,5.118709,5,0.2,1.0,0.0,0.0,0.511871,0.625,True,20.521846,False,
RDL-n25-05,delay_penalty_cP,20,1,10000,0.1,0.4,0.997,100,712.051993,637.986765,68.946519,0.0,5.118709,5,0.2,1.0,0.0,0.0,0.511871,0.625,True,19.38676,False,
RDL-n25-05,delay_penalty_cP,30,1,10000,0.1,0.4,0.997,100,712.051993,637.986765,68.946519,0.0,5.118709,5,0.2,1.0,0.0,0.0,0.511871,0.625,True,20.4275,False,
RDL-n25-05,delay_penalty_cP,50,1,10000,0.1,0.4,0.997,100,712.051993,637.986765,68.946519,0.0,5.118709,5,0.2,1.0,0.0,0.0,0.511871,0.625,True,20.211864,False,
RDL-n25-05,delay_penalty_cP,1,2,10000,0.1,0.4,0.997,100,707.007107,646.97561,54.801414,1.337262,3.892822,4,0.16,0.96,0.05349,1.337262,0.486603,0.5,True,18.317797,False,
RDL-n25-05,delay_penalty_cP,5,2,10000,0.1,0.4,0.997,100,712.051993,637.986765,68.946519,0.0,5.118709,5,0.2,1.0,0.0,0.0,0.511871,0.625,True,20.750083,False,
RDL-n25-05,delay_penalty_cP,10,2,10000,0.1,0.4,0.997,100,712.051993,637.986765,68.946519,0.0,5.118709,5,0.2,1.0,0.0,0.0,0.511871,0.625,True,20.768169,False,
RDL-n25-05,delay_penalty_cP,20,2,10000,0.1,0.4,0.997,100,712.051993,637.986765,68.946519,0.0,5.118709,5,0.2,1.0,0.0,0.0,0.511871,0.625,True,20.671961,False,
RDL-n25-05,delay_penalty_cP,30,2,10000,0.1,0.4,0.997,100,712.051993,637.986765,68.946519,0.0,5.118709,5,0.2,1.0,0.0,0.0,0.511871,0.625,True,20.66182,False,
RDL-n25-05,delay_penalty_cP,50,2,10000,0.1,0.4,0.997,100,712.051993,637.986765,68.946519,0.0,5.118709,5,0.2,1.0,0.0,0.0,0.511871,0.625,True,20.347831,False,
RDL-n25-05,delay_penalty_cP,1,3,10000,0.1,0.4,0.997,100,710.779095,650.747597,54.801414,1.337262,3.892822,4,0.16,0.96,0.05349,1.337262,0.486603,0.5,True,18.447278,False,
RDL-n25-05,delay_penalty_cP,5,3,10000,0.1,0.4,0.997,100,712.051993,637.986765,68.946519,0.0,5.118709,5,0.2,1.0,0.0,0.0,0.511871,0.625,True,20.110929,False,
RDL-n25-05,delay_penalty_cP,10,3,10000,0.1,0.4,0.997,100,712.051993,637.986765,68.946519,0.0,5.118709,5,0.2,1.0,0.0,0.0,0.511871,0.625,True,20.300294,False,
RDL-n25-05,delay_penalty_cP,20,3,10000,0.1,0.4,0.997,100,712.051993,637.986765,68.946519,0.0,5.118709,5,0.2,1.0,0.0,0.0,0.511871,0.625,True,20.101395,False,
RDL-n25-05,delay_penalty_cP,30,3,10000,0.1,0.4,0.997,100,712.051993,637.986765,68.946519,0.0,5.118709,5,0.2,1.0,0.0,0.0,0.511871,0.625,True,20.263479,False,
RDL-n25-05,delay_penalty_cP,50,3,10000,0.1,0.4,0.997,100,712.051993,637.986765,68.946519,0.0,5.118709,5,0.2,1.0,0.0,0.0,0.511871,0.625,True,20.146709,False,
RDL-n25-05,delay_penalty_cP,1,4,10000,0.1,0.4,0.997,100,707.007107,646.97561,54.801414,1.337262,3.892822,4,0.16,0.96,0.05349,1.337262,0.486603,0.5,True,17.863943,False,
RDL-n25-05,delay_penalty_cP,5,4,10000,0.1,0.4,0.997,100,712.051993,637.986765,68.946519,0.0,5.118709,5,0.2,1.0,0.0,0.0,0.511871,0.625,True,19.826656,False,
RDL-n25-05,delay_penalty_cP,10,4,10000,0.1,0.4,0.997,100,712.051993,637.986765,68.946519,0.0,5.118709,5,0.2,1.0,0.0,0.0,0.511871,0.625,True,20.407151,False,
RDL-n25-05,delay_penalty_cP,20,4,10000,0.1,0.4,0.997,100,712.051993,637.986765,68.946519,0.0,5.118709,5,0.2,1.0,0.0,0.0,0.511871,0.625,True,20.455804,False,
RDL-n25-05,delay_penalty_cP,30,4,10000,0.1,0.4,0.997,100,712.051993,637.986765,68.946519,0.0,5.118709,5,0.2,1.0,0.0,0.0,0.511871,0.625,True,20.174161,False,
RDL-n25-05,delay_penalty_cP,50,4,10000,0.1,0.4,0.997,100,713.917269,655.223034,54.801414,0.0,3.892822,4,0.16,1.0,0.0,0.0,0.486603,0.5,True,19.782786,False,
RDL-n25-05,delay_penalty_cP,1,5,10000,0.1,0.4,0.997,100,707.007107,646.97561,54.801414,1.337262,3.892822,4,0.16,0.96,0.05349,1.337262,0.486603,0.5,True,17.909647,False,
RDL-n25-05,delay_penalty_cP,5,5,10000,0.1,0.4,0.997,100,712.051993,637.986765,68.946519,0.0,5.118709,5,0.2,1.0,0.0,0.0,0.511871,0.625,True,19.977654,False,
RDL-n25-05,delay_penalty_cP,10,5,10000,0.1,0.4,0.997,100,712.051993,637.986765,68.946519,0.0,5.118709,5,0.2,1.0,0.0,0.0,0.511871,0.625,True,20.803096,False,
RDL-n25-05,delay_penalty_cP,20,5,10000,0.1,0.4,0.997,100,712.051993,637.986765,68.946519,0.0,5.118709,5,0.2,1.0,0.0,0.0,0.511871,0.625,True,20.537528,False,
RDL-n25-05,delay_penalty_cP,30,5,10000,0.1,0.4,0.997,100,712.051993,637.986765,68.946519,0.0,5.118709,5,0.2,1.0,0.0,0.0,0.511871,0.625,True,19.971342,False,
RDL-n25-05,delay_penalty_cP,50,5,10000,0.1,0.4,0.997,100,712.051993,637.986765,68.946519,0.0,5.118709,5,0.2,1.0,0.0,0.0,0.511871,0.625,True,20.133619,False,
RDL-n25-05,delay_penalty_cP,1,6,10000,0.1,0.4,0.997,100,710.779095,650.747597,54.801414,1.337262,3.892822,4,0.16,0.96,0.05349,1.337262,0.486603,0.5,True,18.275372,False,
RDL-n25-05,delay_penalty_cP,5,6,10000,0.1,0.4,0.997,100,712.051993,637.986765,68.946519,0.0,5.118709,5,0.2,1.0,0.0,0.0,0.511871,0.625,True,20.278683,False,
RDL-n25-05,delay_penalty_cP,10,6,10000,0.1,0.4,0.997,100,712.051993,637.986765,68.946519,0.0,5.118709,5,0.2,1.0,0.0,0.0,0.511871,0.625,True,20.288316,False,
RDL-n25-05,delay_penalty_cP,20,6,10000,0.1,0.4,0.997,100,712.051993,637.986765,68.946519,0.0,5.118709,5,0.2,1.0,0.0,0.0,0.511871,0.625,True,20.188455,False,
RDL-n25-05,delay_penalty_cP,30,6,10000,0.1,0.4,0.997,100,712.051993,637.986765,68.946519,0.0,5.118709,5,0.2,1.0,0.0,0.0,0.511871,0.625,True,20.060109,False,
RDL-n25-05,delay_penalty_cP,50,6,10000,0.1,0.4,0.997,100,712.051993,637.986765,68.946519,0.0,5.118709,5,0.2,1.0,0.0,0.0,0.511871,0.625,True,19.91401,False,
RDL-n25-05,delay_penalty_cP,1,7,10000,0.1,0.4,0.997,100,707.007107,646.97561,54.801414,1.337262,3.892822,4,0.16,0.96,0.05349,1.337262,0.486603,0.5,True,18.268185,False,
RDL-n25-05,delay_penalty_cP,5,7,10000,0.1,0.4,0.997,100,712.051993,637.986765,68.946519,0.0,5.118709,5,0.2,1.0,0.0,0.0,0.511871,0.625,True,19.82016,False,
RDL-n25-05,delay_penalty_cP,10,7,10000,0.1,0.4,0.997,100,712.051993,637.986765,68.946519,0.0,5.118709,5,0.2,1.0,0.0,0.0,0.511871,0.625,True,20.061296,False,
RDL-n25-05,delay_penalty_cP,20,7,10000,0.1,0.4,0.997,100,712.051993,637.986765,68.946519,0.0,5.118709,5,0.2,1.0,0.0,0.0,0.511871,0.625,True,19.939512,False,
RDL-n25-05,delay_penalty_cP,30,7,10000,0.1,0.4,0.997,100,712.051993,637.986765,68.946519,0.0,5.118709,5,0.2,1.0,0.0,0.0,0.511871,0.625,True,20.281119,False,
RDL-n25-05,delay_penalty_cP,50,7,10000,0.1,0.4,0.997,100,712.051993,637.986765,68.946519,0.0,5.118709,5,0.2,1.0,0.0,0.0,0.511871,0.625,True,20.213843,False,
RDL-n25-05,delay_penalty_cP,1,8,10000,0.1,0.4,0.997,100,707.104029,647.072532,54.801414,1.337262,3.892822,4,0.16,0.96,0.05349,1.337262,0.486603,0.5,True,18.119349,False,
RDL-n25-05,delay_penalty_cP,5,8,10000,0.1,0.4,0.997,100,712.051993,637.986765,68.946519,0.0,5.118709,5,0.2,1.0,0.0,0.0,0.511871,0.625,True,19.600877,False,
RDL-n25-05,delay_penalty_cP,10,8,10000,0.1,0.4,0.997,100,712.051993,637.986765,68.946519,0.0,5.118709,5,0.2,1.0,0.0,0.0,0.511871,0.625,True,19.981674,False,
RDL-n25-05,delay_penalty_cP,20,8,10000,0.1,0.4,0.997,100,712.051993,637.986765,68.946519,0.0,5.118709,5,0.2,1.0,0.0,0.0,0.511871,0.625,True,20.068835,False,
RDL-n25-05,delay_penalty_cP,30,8,10000,0.1,0.4,0.997,100,712.051993,637.986765,68.946519,0.0,5.118709,5,0.2,1.0,0.0,0.0,0.511871,0.625,True,20.435678,False,
RDL-n25-05,delay_penalty_cP,50,8,10000,0.1,0.4,0.997,100,712.051993,637.986765,68.946519,0.0,5.118709,5,0.2,1.0,0.0,0.0,0.511871,0.625,True,20.203544,False,
RDL-n25-05,delay_penalty_cP,1,9,10000,0.1,0.4,0.997,100,708.227151,647.738137,54.801414,1.794778,3.892822,4,0.16,0.96,0.071791,1.794778,0.486603,0.5,True,18.310473,False,
RDL-n25-05,delay_penalty_cP,5,9,10000,0.1,0.4,0.997,100,712.051993,637.986765,68.946519,0.0,5.118709,5,0.2,1.0,0.0,0.0,0.511871,0.625,True,20.168722,False,
RDL-n25-05,delay_penalty_cP,10,9,10000,0.1,0.4,0.997,100,712.051993,637.986765,68.946519,0.0,5.118709,5,0.2,1.0,0.0,0.0,0.511871,0.625,True,20.607421,False,
RDL-n25-05,delay_penalty_cP,20,9,10000,0.1,0.4,0.997,100,712.051993,637.986765,68.946519,0.0,5.118709,5,0.2,1.0,0.0,0.0,0.511871,0.625,True,19.920618,False,
RDL-n25-05,delay_penalty_cP,30,9,10000,0.1,0.4,0.997,100,712.051993,637.986765,68.946519,0.0,5.118709,5,0.2,1.0,0.0,0.0,0.511871,0.625,True,20.100265,False,
RDL-n25-05,delay_penalty_cP,50,9,10000,0.1,0.4,0.997,100,712.051993,637.986765,68.946519,0.0,5.118709,5,0.2,1.0,0.0,0.0,0.511871,0.625,True,20.342196,False,
RDL-n25-05,delay_penalty_cP,1,10,10000,0.1,0.4,0.997,100,707.007107,646.97561,54.801414,1.337262,3.892822,4,0.16,0.96,0.05349,1.337262,0.486603,0.5,True,18.24715,False,
RDL-n25-05,delay_penalty_cP,5,10,10000,0.1,0.4,0.997,100,712.051993,637.986765,68.946519,0.0,5.118709,5,0.2,1.0,0.0,0.0,0.511871,0.625,True,19.477855,False,
RDL-n25-05,delay_penalty_cP,10,10,10000,0.1,0.4,0.997,100,712.051993,637.986765,68.946519,0.0,5.118709,5,0.2,1.0,0.0,0.0,0.511871,0.625,True,19.992945,False,
RDL-n25-05,delay_penalty_cP,20,10,10000,0.1,0.4,0.997,100,712.051993,637.986765,68.946519,0.0,5.118709,5,0.2,1.0,0.0,0.0,0.511871,0.625,True,20.289129,False,
RDL-n25-05,delay_penalty_cP,30,10,10000,0.1,0.4,0.997,100,712.051993,637.986765,68.946519,0.0,5.118709,5,0.2,1.0,0.0,0.0,0.511871,0.625,True,20.122847,False,
RDL-n25-05,delay_penalty_cP,50,10,10000,0.1,0.4,0.997,100,712.051993,637.986765,68.946519,0.0,5.118709,5,0.2,1.0,0.0,0.0,0.511871,0.625,True,20.300415,False,
RDL-n25-05,drone_cost_cD,0.4,1,10000,0.1,0.4,0.997,100,670.676387,637.986765,27.756547,0.0,4.933075,5,0.2,1.0,0.0,0.0,0.493308,0.625,True,20.36318,False,
RDL-n25-05,drone_cost_cD,0.8,1,10000,0.1,0.4,0.997,100,698.262689,637.986765,55.157215,0.0,5.118709,5,0.2,1.0,0.0,0.0,0.511871,0.625,True,21.068414,False,
RDL-n25-05,drone_cost_cD,1.0,1,10000,0.1,0.4,0.997,100,712.051993,637.986765,68.946519,0.0,5.118709,5,0.2,1.0,0.0,0.0,0.511871,0.625,True,20.490564,False,
RDL-n25-05,drone_cost_cD,2.0,1,10000,0.1,0.4,0.997,100,767.01516,653.769984,108.713132,0.0,4.532044,4,0.16,1.0,0.0,0.0,0.566505,0.5,True,19.513429,False,
RDL-n25-05,drone_cost_cD,3.0,1,10000,0.1,0.4,0.997,100,776.034602,731.650195,40.211461,2.843285,1.329662,1,0.04,0.96,0.011373,0.284328,0.664831,0.125,True,18.611814,False,
RDL-n25-05,drone_cost_cD,4.0,1,10000,0.1,0.4,0.997,100,789.438423,731.650195,53.615281,2.843285,1.329662,1,0.04,0.96,0.011373,0.284328,0.664831,0.125,True,18.456526,False,
RDL-n25-05,drone_cost_cD,0.4,2,10000,0.1,0.4,0.997,100,670.676387,637.986765,27.756547,0.0,4.933075,5,0.2,1.0,0.0,0.0,0.493308,0.625,True,20.985765,False,
RDL-n25-05,drone_cost_cD,0.8,2,10000,0.1,0.4,0.997,100,698.262689,637.986765,55.157215,0.0,5.118709,5,0.2,1.0,0.0,0.0,0.511871,0.625,True,20.359005,False,
RDL-n25-05,drone_cost_cD,1.0,2,10000,0.1,0.4,0.997,100,712.051993,637.986765,68.946519,0.0,5.118709,5,0.2,1.0,0.0,0.0,0.511871,0.625,True,20.790491,False,
RDL-n25-05,drone_cost_cD,2.0,2,10000,0.1,0.4,0.997,100,762.630782,731.650195,26.807641,2.843285,1.329662,1,0.04,0.96,0.011373,0.284328,0.664831,0.125,True,19.258026,False,
RDL-n25-05,drone_cost_cD,3.0,2,10000,0.1,0.4,0.997,100,776.034602,731.650195,40.211461,2.843285,1.329662,1,0.04,0.96,0.011373,0.284328,0.664831,0.125,True,17.995836,False,
RDL-n25-05,drone_cost_cD,4.0,2,10000,0.1,0.4,0.997,100,789.438423,731.650195,53.615281,2.843285,1.329662,1,0.04,0.96,0.011373,0.284328,0.664831,0.125,True,18.614775,False,
RDL-n25-05,drone_cost_cD,0.4,3,10000,0.1,0.4,0.997,100,670.676387,637.986765,27.756547,0.0,4.933075,5,0.2,1.0,0.0,0.0,0.493308,0.625,True,21.178251,False,
RDL-n25-05,drone_cost_cD,0.8,3,10000,0.1,0.4,0.997,100,698.262689,637.986765,55.157215,0.0,5.118709,5,0.2,1.0,0.0,0.0,0.511871,0.625,True,20.593264,False,
RDL-n25-05,drone_cost_cD,1.0,3,10000,0.1,0.4,0.997,100,712.051993,637.986765,68.946519,0.0,5.118709,5,0.2,1.0,0.0,0.0,0.511871,0.625,True,20.359125,False,
RDL-n25-05,drone_cost_cD,2.0,3,10000,0.1,0.4,0.997,100,767.01516,653.769984,108.713132,0.0,4.532044,4,0.16,1.0,0.0,0.0,0.566505,0.5,True,20.289662,False,
RDL-n25-05,drone_cost_cD,3.0,3,10000,0.1,0.4,0.997,100,776.034602,731.650195,40.211461,2.843285,1.329662,1,0.04,0.96,0.011373,0.284328,0.664831,0.125,True,18.261503,False,
RDL-n25-05,drone_cost_cD,4.0,3,10000,0.1,0.4,0.997,100,789.438423,731.650195,53.615281,2.843285,1.329662,1,0.04,0.96,0.011373,0.284328,0.664831,0.125,True,18.296619,False,
RDL-n25-05,drone_cost_cD,0.4,4,10000,0.1,0.4,0.997,100,670.676387,637.986765,27.756547,0.0,4.933075,5,0.2,1.0,0.0,0.0,0.493308,0.625,True,20.971969,False,
RDL-n25-05,drone_cost_cD,0.8,4,10000,0.1,0.4,0.997,100,698.262689,637.986765,55.157215,0.0,5.118709,5,0.2,1.0,0.0,0.0,0.511871,0.625,True,20.446514,False,
RDL-n25-05,drone_cost_cD,1.0,4,10000,0.1,0.4,0.997,100,712.051993,637.986765,68.946519,0.0,5.118709,5,0.2,1.0,0.0,0.0,0.511871,0.625,True,20.457573,False,
RDL-n25-05,drone_cost_cD,2.0,4,10000,0.1,0.4,0.997,100,767.01516,653.769984,108.713132,0.0,4.532044,4,0.16,1.0,0.0,0.0,0.566505,0.5,True,19.614824,False,
RDL-n25-05,drone_cost_cD,3.0,4,10000,0.1,0.4,0.997,100,776.034602,731.650195,40.211461,2.843285,1.329662,1,0.04,0.96,0.011373,0.284328,0.664831,0.125,True,18.175635,False,
RDL-n25-05,drone_cost_cD,4.0,4,10000,0.1,0.4,0.997,100,789.438423,731.650195,53.615281,2.843285,1.329662,1,0.04,0.96,0.011373,0.284328,0.664831,0.125,True,18.191869,False,
RDL-n25-05,drone_cost_cD,0.4,5,10000,0.1,0.4,0.997,100,670.676387,637.986765,27.756547,0.0,4.933075,5,0.2,1.0,0.0,0.0,0.493308,0.625,True,20.611046,False,
RDL-n25-05,drone_cost_cD,0.8,5,10000,0.1,0.4,0.997,100,698.262689,637.986765,55.157215,0.0,5.118709,5,0.2,1.0,0.0,0.0,0.511871,0.625,True,20.844837,False,
RDL-n25-05,drone_cost_cD,1.0,5,10000,0.1,0.4,0.997,100,712.051993,637.986765,68.946519,0.0,5.118709,5,0.2,1.0,0.0,0.0,0.511871,0.625,True,20.775669,False,
RDL-n25-05,drone_cost_cD,2.0,5,10000,0.1,0.4,0.997,100,767.01516,653.769984,108.713132,0.0,4.532044,4,0.16,1.0,0.0,0.0,0.566505,0.5,True,20.043312,False,
RDL-n25-05,drone_cost_cD,3.0,5,10000,0.1,0.4,0.997,100,776.034602,731.650195,40.211461,2.843285,1.329662,1,0.04,0.96,0.011373,0.284328,0.664831,0.125,True,18.412524,False,
RDL-n25-05,drone_cost_cD,4.0,5,10000,0.1,0.4,0.997,100,789.438423,731.650195,53.615281,2.843285,1.329662,1,0.04,0.96,0.011373,0.284328,0.664831,0.125,True,18.566879,False,
RDL-n25-05,drone_cost_cD,0.4,6,10000,0.1,0.4,0.997,100,670.676387,637.986765,27.756547,0.0,4.933075,5,0.2,1.0,0.0,0.0,0.493308,0.625,True,20.593002,False,
RDL-n25-05,drone_cost_cD,0.8,6,10000,0.1,0.4,0.997,100,698.262689,637.986765,55.157215,0.0,5.118709,5,0.2,1.0,0.0,0.0,0.511871,0.625,True,20.457924,False,
RDL-n25-05,drone_cost_cD,1.0,6,10000,0.1,0.4,0.997,100,712.051993,637.986765,68.946519,0.0,5.118709,5,0.2,1.0,0.0,0.0,0.511871,0.625,True,20.32512,False,
RDL-n25-05,drone_cost_cD,2.0,6,10000,0.1,0.4,0.997,100,762.630782,731.650195,26.807641,2.843285,1.329662,1,0.04,0.96,0.011373,0.284328,0.664831,0.125,True,18.479345,False,
RDL-n25-05,drone_cost_cD,3.0,6,10000,0.1,0.4,0.997,100,776.034602,731.650195,40.211461,2.843285,1.329662,1,0.04,0.96,0.011373,0.284328,0.664831,0.125,True,18.059159,False,
RDL-n25-05,drone_cost_cD,4.0,6,10000,0.1,0.4,0.997,100,789.438423,731.650195,53.615281,2.843285,1.329662,1,0.04,0.96,0.011373,0.284328,0.664831,0.125,True,17.314505,False,
RDL-n25-05,drone_cost_cD,0.4,7,10000,0.1,0.4,0.997,100,670.676387,637.986765,27.756547,0.0,4.933075,5,0.2,1.0,0.0,0.0,0.493308,0.625,True,20.414643,False,
RDL-n25-05,drone_cost_cD,0.8,7,10000,0.1,0.4,0.997,100,698.262689,637.986765,55.157215,0.0,5.118709,5,0.2,1.0,0.0,0.0,0.511871,0.625,True,20.325705,False,
RDL-n25-05,drone_cost_cD,1.0,7,10000,0.1,0.4,0.997,100,712.051993,637.986765,68.946519,0.0,5.118709,5,0.2,1.0,0.0,0.0,0.511871,0.625,True,20.125433,False,
RDL-n25-05,drone_cost_cD,2.0,7,10000,0.1,0.4,0.997,100,762.630782,731.650195,26.807641,2.843285,1.329662,1,0.04,0.96,0.011373,0.284328,0.664831,0.125,True,19.738733,False,
RDL-n25-05,drone_cost_cD,3.0,7,10000,0.1,0.4,0.997,100,776.034602,731.650195,40.211461,2.843285,1.329662,1,0.04,0.96,0.011373,0.284328,0.664831,0.125,True,18.209665,False,
RDL-n25-05,drone_cost_cD,4.0,7,10000,0.1,0.4,0.997,100,789.438423,731.650195,53.615281,2.843285,1.329662,1,0.04,0.96,0.011373,0.284328,0.664831,0.125,True,18.05607,False,
RDL-n25-05,drone_cost_cD,0.4,8,10000,0.1,0.4,0.997,100,670.676387,637.986765,27.756547,0.0,4.933075,5,0.2,1.0,0.0,0.0,0.493308,0.625,True,21.035557,False,
RDL-n25-05,drone_cost_cD,0.8,8,10000,0.1,0.4,0.997,100,698.262689,637.986765,55.157215,0.0,5.118709,5,0.2,1.0,0.0,0.0,0.511871,0.625,True,19.987405,False,
RDL-n25-05,drone_cost_cD,1.0,8,10000,0.1,0.4,0.997,100,712.051993,637.986765,68.946519,0.0,5.118709,5,0.2,1.0,0.0,0.0,0.511871,0.625,True,20.050022,False,
RDL-n25-05,drone_cost_cD,2.0,8,10000,0.1,0.4,0.997,100,770.32413,657.078953,108.713132,0.0,4.532044,4,0.16,1.0,0.0,0.0,0.566505,0.5,True,20.098986,False,
RDL-n25-05,drone_cost_cD,3.0,8,10000,0.1,0.4,0.997,100,776.034602,731.650195,40.211461,2.843285,1.329662,1,0.04,0.96,0.011373,0.284328,0.664831,0.125,True,18.064424,False,
RDL-n25-05,drone_cost_cD,4.0,8,10000,0.1,0.4,0.997,100,789.438423,731.650195,53.615281,2.843285,1.329662,1,0.04,0.96,0.011373,0.284328,0.664831,0.125,True,18.774506,False,
RDL-n25-05,drone_cost_cD,0.4,9,10000,0.1,0.4,0.997,100,670.676387,637.986765,27.756547,0.0,4.933075,5,0.2,1.0,0.0,0.0,0.493308,0.625,True,20.878179,False,
RDL-n25-05,drone_cost_cD,0.8,9,10000,0.1,0.4,0.997,100,698.262689,637.986765,55.157215,0.0,5.118709,5,0.2,1.0,0.0,0.0,0.511871,0.625,True,20.445308,False,
RDL-n25-05,drone_cost_cD,1.0,9,10000,0.1,0.4,0.997,100,712.051993,637.986765,68.946519,0.0,5.118709,5,0.2,1.0,0.0,0.0,0.511871,0.625,True,20.583913,False,
RDL-n25-05,drone_cost_cD,2.0,9,10000,0.1,0.4,0.997,100,767.01516,653.769984,108.713132,0.0,4.532044,4,0.16,1.0,0.0,0.0,0.566505,0.5,True,20.127877,False,
RDL-n25-05,drone_cost_cD,3.0,9,10000,0.1,0.4,0.997,100,776.034602,731.650195,40.211461,2.843285,1.329662,1,0.04,0.96,0.011373,0.284328,0.664831,0.125,True,18.368566,False,
RDL-n25-05,drone_cost_cD,4.0,9,10000,0.1,0.4,0.997,100,789.438423,731.650195,53.615281,2.843285,1.329662,1,0.04,0.96,0.011373,0.284328,0.664831,0.125,True,18.322906,False,
RDL-n25-05,drone_cost_cD,0.4,10,10000,0.1,0.4,0.997,100,670.676387,637.986765,27.756547,0.0,4.933075,5,0.2,1.0,0.0,0.0,0.493308,0.625,True,20.860947,False,
RDL-n25-05,drone_cost_cD,0.8,10,10000,0.1,0.4,0.997,100,698.262689,637.986765,55.157215,0.0,5.118709,5,0.2,1.0,0.0,0.0,0.511871,0.625,True,20.346057,False,
RDL-n25-05,drone_cost_cD,1.0,10,10000,0.1,0.4,0.997,100,712.051993,637.986765,68.946519,0.0,5.118709,5,0.2,1.0,0.0,0.0,0.511871,0.625,True,20.009181,False,
RDL-n25-05,drone_cost_cD,2.0,10,10000,0.1,0.4,0.997,100,767.01516,653.769984,108.713132,0.0,4.532044,4,0.16,1.0,0.0,0.0,0.566505,0.5,True,19.473819,False,
RDL-n25-05,drone_cost_cD,3.0,10,10000,0.1,0.4,0.997,100,776.034602,731.650195,40.211461,2.843285,1.329662,1,0.04,0.96,0.011373,0.284328,0.664831,0.125,True,18.310978,False,
RDL-n25-05,drone_cost_cD,4.0,10,10000,0.1,0.4,0.997,100,789.438423,731.650195,53.615281,2.843285,1.329662,1,0.04,0.96,0.011373,0.284328,0.664831,0.125,True,18.617791,False,
RDL-n25-06,number_of_drones,0,1,10000,0.1,0.4,0.997,100,442.749015,442.749015,0.0,0.0,0.0,0,0.0,1.0,0.0,0.0,0.0,0.0,True,16.299698,False,
RDL-n25-06,number_of_drones,2,1,10000,0.1,0.4,0.997,100,430.133129,419.099409,9.996569,0.0,1.037151,2,0.08,1.0,0.0,0.0,0.259288,1.0,True,17.415606,True,442.749014640642
RDL-n25-06,number_of_drones,4,1,10000,0.1,0.4,0.997,100,430.133129,419.099409,9.996569,0.0,1.037151,2,0.08,1.0,0.0,0.0,0.259288,0.5,True,19.460518,True,430.13312852747373
RDL-n25-06,number_of_drones,6,1,10000,0.1,0.4,0.997,100,430.133129,419.099409,9.996569,0.0,1.037151,2,0.08,1.0,0.0,0.0,0.259288,0.333333,True,20.264547,True,430.13312852747373
RDL-n25-06,number_of_drones,8,1,10000,0.1,0.4,0.997,100,430.133129,419.099409,9.996569,0.0,1.037151,2,0.08,1.0,0.0,0.0,0.259288,0.25,True,19.47593,True,430.13312852747373
RDL-n25-06,number_of_drones,10,1,10000,0.1,0.4,0.997,100,430.133129,419.099409,9.996569,0.0,1.037151,2,0.08,1.0,0.0,0.0,0.259288,0.2,True,19.41886,True,430.13312852747373
RDL-n25-06,number_of_drones,12,1,10000,0.1,0.4,0.997,100,430.133129,419.099409,9.996569,0.0,1.037151,2,0.08,1.0,0.0,0.0,0.259288,0.166667,True,19.552721,True,430.13312852747373
RDL-n25-06,number_of_drones,0,2,10000,0.1,0.4,0.997,100,442.749015,442.749015,0.0,0.0,0.0,0,0.0,1.0,0.0,0.0,0.0,0.0,True,16.208505,False,
RDL-n25-06,number_of_drones,2,2,10000,0.1,0.4,0.997,100,430.133129,419.099409,9.996569,0.0,1.037151,2,0.08,1.0,0.0,0.0,0.259288,1.0,True,18.015998,True,442.74901464064186
RDL-n25-06,number_of_drones,4,2,10000,0.1,0.4,0.997,100,430.133129,419.099409,9.996569,0.0,1.037151,2,0.08,1.0,0.0,0.0,0.259288,0.5,True,19.45324,True,430.13312852747373
RDL-n25-06,number_of_drones,6,2,10000,0.1,0.4,0.997,100,430.133129,419.099409,9.996569,0.0,1.037151,2,0.08,1.0,0.0,0.0,0.259288,0.333333,True,19.851908,True,430.13312852747373
RDL-n25-06,number_of_drones,8,2,10000,0.1,0.4,0.997,100,430.133129,419.099409,9.996569,0.0,1.037151,2,0.08,1.0,0.0,0.0,0.259288,0.25,True,19.396259,True,430.13312852747373
RDL-n25-06,number_of_drones,10,2,10000,0.1,0.4,0.997,100,430.133129,419.099409,9.996569,0.0,1.037151,2,0.08,1.0,0.0,0.0,0.259288,0.2,True,19.67121,True,430.13312852747373
RDL-n25-06,number_of_drones,12,2,10000,0.1,0.4,0.997,100,430.133129,419.099409,9.996569,0.0,1.037151,2,0.08,1.0,0.0,0.0,0.259288,0.166667,True,19.903538,True,430.13312852747373
RDL-n25-06,number_of_drones,0,3,10000,0.1,0.4,0.997,100,442.551771,442.551771,0.0,0.0,0.0,0,0.0,1.0,0.0,0.0,0.0,0.0,True,16.230419,False,
RDL-n25-06,number_of_drones,2,3,10000,0.1,0.4,0.997,100,430.939781,419.906062,9.996569,0.0,1.037151,2,0.08,1.0,0.0,0.0,0.259288,1.0,True,17.606993,True,442.55177073215066
RDL-n25-06,number_of_drones,4,3,10000,0.1,0.4,0.997,100,430.939781,419.906062,9.996569,0.0,1.037151,2,0.08,1.0,0.0,0.0,0.259288,0.5,True,19.428927,True,430.93978132664745
RDL-n25-06,number_of_drones,6,3,10000,0.1,0.4,0.997,100,430.939781,419.906062,9.996569,0.0,1.037151,2,0.08,1.0,0.0,0.0,0.259288,0.333333,True,19.482714,True,430.93978132664745
RDL-n25-06,number_of_drones,8,3,10000,0.1,0.4,0.997,100,430.939781,419.906062,9.996569,0.0,1.037151,2,0.08,1.0,0.0,0.0,0.259288,0.25,True,19.851762,True,430.93978132664745
RDL-n25-06,number_of_drones,10,3,10000,0.1,0.4,0.997,100,430.939781,419.906062,9.996569,0.0,1.037151,2,0.08,1.0,0.0,0.0,0.259288,0.2,True,20.165274,True,430.93978132664745
RDL-n25-06,number_of_drones,12,3,10000,0.1,0.4,0.997,100,430.939781,419.906062,9.996569,0.0,1.037151,2,0.08,1.0,0.0,0.0,0.259288,0.166667,True,19.869711,True,430.93978132664745
RDL-n25-06,number_of_drones,0,4,10000,0.1,0.4,0.997,100,442.551771,442.551771,0.0,0.0,0.0,0,0.0,1.0,0.0,0.0,0.0,0.0,True,16.892902,False,
RDL-n25-06,number_of_drones,2,4,10000,0.1,0.4,0.997,100,430.133129,419.099409,9.996569,0.0,1.037151,2,0.08,1.0,0.0,0.0,0.259288,1.0,True,16.875508,True,442.55177073215043
RDL-n25-06,number_of_drones,4,4,10000,0.1,0.4,0.997,100,430.133129,419.099409,9.996569,0.0,1.037151,2,0.08,1.0,0.0,0.0,0.259288,0.5,True,19.348491,True,430.1331285274736
RDL-n25-06,number_of_drones,6,4,10000,0.1,0.4,0.997,100,430.133129,419.099409,9.996569,0.0,1.037151,2,0.08,1.0,0.0,0.0,0.259288,0.333333,True,20.076982,True,430.1331285274736
RDL-n25-06,number_of_drones,8,4,10000,0.1,0.4,0.997,100,430.133129,419.099409,9.996569,0.0,1.037151,2,0.08,1.0,0.0,0.0,0.259288,0.25,True,19.800583,True,430.1331285274736
RDL-n25-06,number_of_drones,10,4,10000,0.1,0.4,0.997,100,430.133129,419.099409,9.996569,0.0,1.037151,2,0.08,1.0,0.0,0.0,0.259288,0.2,True,19.944294,True,430.1331285274736
RDL-n25-06,number_of_drones,12,4,10000,0.1,0.4,0.997,100,430.133129,419.099409,9.996569,0.0,1.037151,2,0.08,1.0,0.0,0.0,0.259288,0.166667,True,19.302049,True,430.1331285274736
RDL-n25-06,number_of_drones,0,5,10000,0.1,0.4,0.997,100,442.749015,442.749015,0.0,0.0,0.0,0,0.0,1.0,0.0,0.0,0.0,0.0,True,16.43345,False,
RDL-n25-06,number_of_drones,2,5,10000,0.1,0.4,0.997,100,430.939781,419.906062,9.996569,0.0,1.037151,2,0.08,1.0,0.0,0.0,0.259288,1.0,True,17.056641,True,442.74901464064203
RDL-n25-06,number_of_drones,4,5,10000,0.1,0.4,0.997,100,430.939781,419.906062,9.996569,0.0,1.037151,2,0.08,1.0,0.0,0.0,0.259288,0.5,True,19.134215,True,430.93978132664756
RDL-n25-06,number_of_drones,6,5,10000,0.1,0.4,0.997,100,430.939781,419.906062,9.996569,0.0,1.037151,2,0.08,1.0,0.0,0.0,0.259288,0.333333,True,19.439555,True,430.93978132664756
RDL-n25-06,number_of_drones,8,5,10000,0.1,0.4,0.997,100,430.939781,419.906062,9.996569,0.0,1.037151,2,0.08,1.0,0.0,0.0,0.259288,0.25,True,20.623679,True,430.93978132664756
RDL-n25-06,number_of_drones,10,5,10000,0.1,0.4,0.997,100,430.939781,419.906062,9.996569,0.0,1.037151,2,0.08,1.0,0.0,0.0,0.259288,0.2,True,20.611089,True,430.93978132664756
RDL-n25-06,number_of_drones,12,5,10000,0.1,0.4,0.997,100,430.939781,419.906062,9.996569,0.0,1.037151,2,0.08,1.0,0.0,0.0,0.259288,0.166667,True,20.639411,True,430.93978132664756
RDL-n25-06,number_of_drones,0,6,10000,0.1,0.4,0.997,100,442.749015,442.749015,0.0,0.0,0.0,0,0.0,1.0,0.0,0.0,0.0,0.0,True,16.389145,False,
RDL-n25-06,number_of_drones,2,6,10000,0.1,0.4,0.997,100,430.939781,419.906062,9.996569,0.0,1.037151,2,0.08,1.0,0.0,0.0,0.259288,1.0,True,17.724203,True,442.74901464064203
RDL-n25-06,number_of_drones,4,6,10000,0.1,0.4,0.997,100,430.939781,419.906062,9.996569,0.0,1.037151,2,0.08,1.0,0.0,0.0,0.259288,0.5,True,18.796061,True,430.9397813266475
RDL-n25-06,number_of_drones,6,6,10000,0.1,0.4,0.997,100,430.939781,419.906062,9.996569,0.0,1.037151,2,0.08,1.0,0.0,0.0,0.259288,0.333333,True,19.405624,True,430.9397813266475
RDL-n25-06,number_of_drones,8,6,10000,0.1,0.4,0.997,100,430.939781,419.906062,9.996569,0.0,1.037151,2,0.08,1.0,0.0,0.0,0.259288,0.25,True,19.414967,True,430.9397813266475
RDL-n25-06,number_of_drones,10,6,10000,0.1,0.4,0.997,100,430.939781,419.906062,9.996569,0.0,1.037151,2,0.08,1.0,0.0,0.0,0.259288,0.2,True,18.735105,True,430.9397813266475
RDL-n25-06,number_of_drones,12,6,10000,0.1,0.4,0.997,100,430.939781,419.906062,9.996569,0.0,1.037151,2,0.08,1.0,0.0,0.0,0.259288,0.166667,True,18.710524,True,430.9397813266475
RDL-n25-06,number_of_drones,0,7,10000,0.1,0.4,0.997,100,442.551771,442.551771,0.0,0.0,0.0,0,0.0,1.0,0.0,0.0,0.0,0.0,True,15.404691,False,
RDL-n25-06,number_of_drones,2,7,10000,0.1,0.4,0.997,100,430.939781,419.906062,9.996569,0.0,1.037151,2,0.08,1.0,0.0,0.0,0.259288,1.0,True,16.439295,True,442.5517707321506
RDL-n25-06,number_of_drones,4,7,10000,0.1,0.4,0.997,100,430.939781,419.906062,9.996569,0.0,1.037151,2,0.08,1.0,0.0,0.0,0.259288,0.5,True,18.575058,True,430.9397813266475
RDL-n25-06,number_of_drones,6,7,10000,0.1,0.4,0.997,100,430.939781,419.906062,9.996569,0.0,1.037151,2,0.08,1.0,0.0,0.0,0.259288,0.333333,True,18.798992,True,430.9397813266475
RDL-n25-06,number_of_drones,8,7,10000,0.1,0.4,0.997,100,430.939781,419.906062,9.996569,0.0,1.037151,2,0.08,1.0,0.0,0.0,0.259288,0.25,True,18.742258,True,430.9397813266475
RDL-n25-06,number_of_drones,10,7,10000,0.1,0.4,0.997,100,430.133129,419.099409,9.996569,0.0,1.037151,2,0.08,1.0,0.0,0.0,0.259288,0.2,True,18.478744,True,430.9397813266475
RDL-n25-06,number_of_drones,12,7,10000,0.1,0.4,0.997,100,430.133129,419.099409,9.996569,0.0,1.037151,2,0.08,1.0,0.0,0.0,0.259288,0.166667,True,18.63501,True,430.13312852747384
RDL-n25-06,number_of_drones,0,8,10000,0.1,0.4,0.997,100,442.551771,442.551771,0.0,0.0,0.0,0,0.0,1.0,0.0,0.0,0.0,0.0,True,15.426168,False,
RDL-n25-06,number_of_drones,2,8,10000,0.1,0.4,0.997,100,430.781675,418.032621,9.996569,1.715334,1.037151,2,0.08,0.96,0.006861,0.171533,0.259288,1.0,True,16.849735,True,442.5517707321506
RDL-n25-06,number_of_drones,4,8,10000,0.1,0.4,0.997,100,430.133129,419.099409,9.996569,0.0,1.037151,2,0.08,1.0,0.0,0.0,0.259288,0.5,True,18.118372,True,430.7816746539105
RDL-n25-06,number_of_drones,6,8,10000,0.1,0.4,0.997,100,430.133129,419.099409,9.996569,0.0,1.037151,2,0.08,1.0,0.0,0.0,0.259288,0.333333,True,19.186529,True,430.13312852747384
RDL-n25-06,number_of_drones,8,8,10000,0.1,0.4,0.997,100,430.133129,419.099409,9.996569,0.0,1.037151,2,0.08,1.0,0.0,0.0,0.259288,0.25,True,19.034742,True,430.13312852747384
RDL-n25-06,number_of_drones,10,8,10000,0.1,0.4,0.997,100,430.133129,419.099409,9.996569,0.0,1.037151,2,0.08,1.0,0.0,0.0,0.259288,0.2,True,18.89103,True,430.13312852747384
RDL-n25-06,number_of_drones,12,8,10000,0.1,0.4,0.997,100,430.133129,419.099409,9.996569,0.0,1.037151,2,0.08,1.0,0.0,0.0,0.259288,0.166667,True,19.080098,True,430.13312852747384
RDL-n25-06,number_of_drones,0,9,10000,0.1,0.4,0.997,100,442.749015,442.749015,0.0,0.0,0.0,0,0.0,1.0,0.0,0.0,0.0,0.0,True,15.578198,False,
RDL-n25-06,number_of_drones,2,9,10000,0.1,0.4,0.997,100,430.939781,419.906062,9.996569,0.0,1.037151,2,0.08,1.0,0.0,0.0,0.259288,1.0,True,16.596258,True,442.74901464064203
RDL-n25-06,number_of_drones,4,9,10000,0.1,0.4,0.997,100,430.939781,419.906062,9.996569,0.0,1.037151,2,0.08,1.0,0.0,0.0,0.259288,0.5,True,18.347054,True,430.93978132664733
RDL-n25-06,number_of_drones,6,9,10000,0.1,0.4,0.997,100,430.939781,419.906062,9.996569,0.0,1.037151,2,0.08,1.0,0.0,0.0,0.259288,0.333333,True,18.801731,True,430.93978132664733
RDL-n25-06,number_of_drones,8,9,10000,0.1,0.4,0.997,100,430.939781,419.906062,9.996569,0.0,1.037151,2,0.08,1.0,0.0,0.0,0.259288,0.25,True,19.014904,True,430.93978132664733
RDL-n25-06,number_of_drones,10,9,10000,0.1,0.4,0.997,100,430.939781,419.906062,9.996569,0.0,1.037151,2,0.08,1.0,0.0,0.0,0.259288,0.2,True,19.369839,True,430.93978132664733
RDL-n25-06,number_of_drones,12,9,10000,0.1,0.4,0.997,100,430.939781,419.906062,9.996569,0.0,1.037151,2,0.08,1.0,0.0,0.0,0.259288,0.166667,True,19.123375,True,430.93978132664733
RDL-n25-06,number_of_drones,0,10,10000,0.1,0.4,0.997,100,442.749015,442.749015,0.0,0.0,0.0,0,0.0,1.0,0.0,0.0,0.0,0.0,True,15.283241,False,
RDL-n25-06,number_of_drones,2,10,10000,0.1,0.4,0.997,100,430.939781,419.906062,9.996569,0.0,1.037151,2,0.08,1.0,0.0,0.0,0.259288,1.0,True,16.510587,True,442.7490146406419
RDL-n25-06,number_of_drones,4,10,10000,0.1,0.4,0.997,100,430.939781,419.906062,9.996569,0.0,1.037151,2,0.08,1.0,0.0,0.0,0.259288,0.5,True,18.36087,True,430.9397813266475
RDL-n25-06,number_of_drones,6,10,10000,0.1,0.4,0.997,100,430.939781,419.906062,9.996569,0.0,1.037151,2,0.08,1.0,0.0,0.0,0.259288,0.333333,True,18.918468,True,430.9397813266475
RDL-n25-06,number_of_drones,8,10,10000,0.1,0.4,0.997,100,430.939781,419.906062,9.996569,0.0,1.037151,2,0.08,1.0,0.0,0.0,0.259288,0.25,True,18.907445,True,430.9397813266475
RDL-n25-06,number_of_drones,10,10,10000,0.1,0.4,0.997,100,430.939781,419.906062,9.996569,0.0,1.037151,2,0.08,1.0,0.0,0.0,0.259288,0.2,True,19.505752,True,430.9397813266475
RDL-n25-06,number_of_drones,12,10,10000,0.1,0.4,0.997,100,430.939781,419.906062,9.996569,0.0,1.037151,2,0.08,1.0,0.0,0.0,0.259288,0.166667,True,18.991332,True,430.9397813266475
RDL-n25-06,drone_range,8,1,10000,0.1,0.4,0.997,100,433.86335,427.316947,6.362012,0.0,0.184391,1,0.04,1.0,0.0,0.0,0.092195,0.125,True,19.458561,False,
RDL-n25-06,drone_range,12,1,10000,0.1,0.4,0.997,100,432.011523,420.977803,9.996569,0.0,1.037151,2,0.08,1.0,0.0,0.0,0.259288,0.25,True,20.169508,True,433.8633504367489
RDL-n25-06,drone_range,16,1,10000,0.1,0.4,0.997,100,430.939781,419.906062,9.996569,0.0,1.037151,2,0.08,1.0,0.0,0.0,0.259288,0.25,True,19.978601,True,432.0115228367185
RDL-n25-06,drone_range,20,1,10000,0.1,0.4,0.997,100,430.939781,419.906062,9.996569,0.0,1.037151,2,0.08,1.0,0.0,0.0,0.259288,0.25,True,19.359614,True,430.93978132664733
RDL-n25-06,drone_range,24,1,10000,0.1,0.4,0.997,100,430.939781,419.906062,9.996569,0.0,1.037151,2,0.08,1.0,0.0,0.0,0.259288,0.25,True,18.735486,True,430.93978132664733
RDL-n25-06,drone_range,30,1,10000,0.1,0.4,0.997,100,430.939781,419.906062,9.996569,0.0,1.037151,2,0.08,1.0,0.0,0.0,0.259288,0.25,True,18.642958,True,430.93978132664733
RDL-n25-06,drone_range,8,2,10000,0.1,0.4,0.997,100,430.939781,419.906062,9.996569,0.0,1.037151,2,0.08,1.0,0.0,0.0,0.259288,0.25,True,19.700498,False,
RDL-n25-06,drone_range,12,2,10000,0.1,0.4,0.997,100,430.939781,419.906062,9.996569,0.0,1.037151,2,0.08,1.0,0.0,0.0,0.259288,0.25,True,19.34283,True,430.9397813266475
RDL-n25-06,drone_range,16,2,10000,0.1,0.4,0.997,100,430.939781,419.906062,9.996569,0.0,1.037151,2,0.08,1.0,0.0,0.0,0.259288,0.25,True,18.533541,True,430.9397813266475
RDL-n25-06,drone_range,20,2,10000,0.1,0.4,0.997,100,430.939781,419.906062,9.996569,0.0,1.037151,2,0.08,1.0,0.0,0.0,0.259288,0.25,True,19.933883,True,430.9397813266475
RDL-n25-06,drone_range,24,2,10000,0.1,0.4,0.997,100,430.939781,419.906062,9.996569,0.0,1.037151,2,0.08,1.0,0.0,0.0,0.259288,0.25,True,20.027746,True,430.9397813266475
RDL-n25-06,drone_range,30,2,10000,0.1,0.4,0.997,100,430.939781,419.906062,9.996569,0.0,1.037151,2,0.08,1.0,0.0,0.0,0.259288,0.25,True,19.7109,True,430.9397813266475
RDL-n25-06,drone_range,8,3,10000,0.1,0.4,0.997,100,432.521028,425.974625,6.362012,0.0,0.184391,1,0.04,1.0,0.0,0.0,0.092195,0.125,True,21.173461,False,
RDL-n25-06,drone_range,12,3,10000,0.1,0.4,0.997,100,430.939781,419.906062,9.996569,0.0,1.037151,2,0.08,1.0,0.0,0.0,0.259288,0.25,True,21.099808,True,432.52102770009293
RDL-n25-06,drone_range,16,3,10000,0.1,0.4,0.997,100,430.939781,419.906062,9.996569,0.0,1.037151,2,0.08,1.0,0.0,0.0,0.259288,0.25,True,21.143741,True,430.9397813266475
RDL-n25-06,drone_range,20,3,10000,0.1,0.4,0.997,100,430.939781,419.906062,9.996569,0.0,1.037151,2,0.08,1.0,0.0,0.0,0.259288,0.25,True,20.138683,True,430.9397813266475
RDL-n25-06,drone_range,24,3,10000,0.1,0.4,0.997,100,430.939781,419.906062,9.996569,0.0,1.037151,2,0.08,1.0,0.0,0.0,0.259288,0.25,True,20.217426,True,430.9397813266475
RDL-n25-06,drone_range,30,3,10000,0.1,0.4,0.997,100,430.939781,419.906062,9.996569,0.0,1.037151,2,0.08,1.0,0.0,0.0,0.259288,0.25,True,20.229267,True,430.9397813266475
RDL-n25-06,drone_range,8,4,10000,0.1,0.4,0.997,100,435.229647,421.113093,12.724025,0.0,1.39253,2,0.08,1.0,0.0,0.0,0.348132,0.25,True,21.339366,False,
RDL-n25-06,drone_range,12,4,10000,0.1,0.4,0.997,100,432.521028,425.974625,6.362012,0.0,0.184391,1,0.04,1.0,0.0,0.0,0.092195,0.125,True,20.924157,True,435.22964713285927
RDL-n25-06,drone_range,16,4,10000,0.1,0.4,0.997,100,432.521028,425.974625,6.362012,0.0,0.184391,1,0.04,1.0,0.0,0.0,0.092195,0.125,True,21.082913,True,432.5210277000929
RDL-n25-06,drone_range,20,4,10000,0.1,0.4,0.997,100,430.939781,419.906062,9.996569,0.0,1.037151,2,0.08,1.0,0.0,0.0,0.259288,0.25,True,20.250381,True,432.5210277000929
RDL-n25-06,drone_range,24,4,10000,0.1,0.4,0.997,100,430.939781,419.906062,9.996569,0.0,1.037151,2,0.08,1.0,0.0,0.0,0.259288,0.25,True,20.149717,True,430.93978132664745
RDL-n25-06,drone_range,30,4,10000,0.1,0.4,0.997,100,430.939781,419.906062,9.996569,0.0,1.037151,2,0.08,1.0,0.0,0.0,0.259288,0.25,True,20.059572,True,430.93978132664745
RDL-n25-06,drone_range,8,5,10000,0.1,0.4,0.997,100,433.86335,427.316947,6.362012,0.0,0.184391,1,0.04,1.0,0.0,0.0,0.092195,0.125,True,21.346844,False,
RDL-n25-06,drone_range,12,5,10000,0.1,0.4,0.997,100,432.521028,425.974625,6.362012,0.0,0.184391,1,0.04,1.0,0.0,0.0,0.092195,0.125,True,20.934491,True,433.863350436749
RDL-n25-06,drone_range,16,5,10000,0.1,0.4,0.997,100,430.939781,419.906062,9.996569,0.0,1.037151,2,0.08,1.0,0.0,0.0,0.259288,0.25,True,20.984553,True,432.5210277000928
RDL-n25-06,drone_range,20,5,10000,0.1,0.4,0.997,100,430.939781,419.906062,9.996569,0.0,1.037151,2,0.08,1.0,0.0,0.0,0.259288,0.25,True,20.913677,True,430.9397813266475
RDL-n25-06,drone_range,24,5,10000,0.1,0.4,0.997,100,430.939781,419.906062,9.996569,0.0,1.037151,2,0.08,1.0,0.0,0.0,0.259288,0.25,True,20.934091,True,430.9397813266475
RDL-n25-06,drone_range,30,5,10000,0.1,0.4,0.997,100,430.939781,419.906062,9.996569,0.0,1.037151,2,0.08,1.0,0.0,0.0,0.259288,0.25,True,20.870205,True,430.9397813266475
RDL-n25-06,drone_range,8,6,10000,0.1,0.4,0.997,100,432.521028,425.974625,6.362012,0.0,0.184391,1,0.04,1.0,0.0,0.0,0.092195,0.125,True,21.590385,False,
RDL-n25-06,drone_range,12,6,10000,0.1,0.4,0.997,100,430.939781,419.906062,9.996569,0.0,1.037151,2,0.08,1.0,0.0,0.0,0.259288,0.25,True,21.084712,True,432.5210277000928
RDL-n25-06,drone_range,16,6,10000,0.1,0.4,0.997,100,430.939781,419.906062,9.996569,0.0,1.037151,2,0.08,1.0,0.0,0.0,0.259288,0.25,True,21.525503,True,430.93978132664756
RDL-n25-06,drone_range,20,6,10000,0.1,0.4,0.997,100,430.939781,419.906062,9.996569,0.0,1.037151,2,0.08,1.0,0.0,0.0,0.259288,0.25,True,20.309284,True,430.93978132664756
RDL-n25-06,drone_range,24,6,10000,0.1,0.4,0.997,100,430.939781,419.906062,9.996569,0.0,1.037151,2,0.08,1.0,0.0,0.0,0.259288,0.25,True,20.357378,True,430.93978132664756
RDL-n25-06,drone_range,30,6,10000,0.1,0.4,0.997,100,430.939781,419.906062,9.996569,0.0,1.037151,2,0.08,1.0,0.0,0.0,0.259288,0.25,True,20.300308,True,430.93978132664756
RDL-n25-06,drone_range,8,7,10000,0.1,0.4,0.997,100,430.939781,419.906062,9.996569,0.0,1.037151,2,0.08,1.0,0.0,0.0,0.259288,0.25,True,21.126321,False,
RDL-n25-06,drone_range,12,7,10000,0.1,0.4,0.997,100,430.939781,419.906062,9.996569,0.0,1.037151,2,0.08,1.0,0.0,0.0,0.259288,0.25,True,21.175164,True,430.9397813266475
RDL-n25-06,drone_range,16,7,10000,0.1,0.4,0.997,100,430.939781,419.906062,9.996569,0.0,1.037151,2,0.08,1.0,0.0,0.0,0.259288,0.25,True,21.175296,True,430.9397813266475
RDL-n25-06,drone_range,20,7,10000,0.1,0.4,0.997,100,430.939781,419.906062,9.996569,0.0,1.037151,2,0.08,1.0,0.0,0.0,0.259288,0.25,True,20.323998,True,430.9397813266475
RDL-n25-06,drone_range,24,7,10000,0.1,0.4,0.997,100,430.939781,419.906062,9.996569,0.0,1.037151,2,0.08,1.0,0.0,0.0,0.259288,0.25,True,20.41688,True,430.9397813266475
RDL-n25-06,drone_range,30,7,10000,0.1,0.4,0.997,100,430.939781,419.906062,9.996569,0.0,1.037151,2,0.08,1.0,0.0,0.0,0.259288,0.25,True,20.359153,True,430.9397813266475
RDL-n25-06,drone_range,8,8,10000,0.1,0.4,0.997,100,432.584025,426.037622,6.362012,0.0,0.184391,1,0.04,1.0,0.0,0.0,0.092195,0.125,True,20.933339,False,
RDL-n25-06,drone_range,12,8,10000,0.1,0.4,0.997,100,431.826603,420.792883,9.996569,0.0,1.037151,2,0.08,1.0,0.0,0.0,0.259288,0.25,True,20.887251,True,432.58402486268164
RDL-n25-06,drone_range,16,8,10000,0.1,0.4,0.997,100,430.939781,419.906062,9.996569,0.0,1.037151,2,0.08,1.0,0.0,0.0,0.259288,0.25,True,20.480073,True,431.82660292859595
RDL-n25-06,drone_range,20,8,10000,0.1,0.4,0.997,100,430.939781,419.906062,9.996569,0.0,1.037151,2,0.08,1.0,0.0,0.0,0.259288,0.25,True,19.949966,True,430.9397813266475
RDL-n25-06,drone_range,24,8,10000,0.1,0.4,0.997,100,430.939781,419.906062,9.996569,0.0,1.037151,2,0.08,1.0,0.0,0.0,0.259288,0.25,True,19.928211,True,430.9397813266475
RDL-n25-06,drone_range,30,8,10000,0.1,0.4,0.997,100,430.939781,419.906062,9.996569,0.0,1.037151,2,0.08,1.0,0.0,0.0,0.259288,0.25,True,19.868583,True,430.9397813266475
RDL-n25-06,drone_range,8,9,10000,0.1,0.4,0.997,100,432.521028,425.974625,6.362012,0.0,0.184391,1,0.04,1.0,0.0,0.0,0.092195,0.125,True,21.292221,False,
RDL-n25-06,drone_range,12,9,10000,0.1,0.4,0.997,100,430.939781,419.906062,9.996569,0.0,1.037151,2,0.08,1.0,0.0,0.0,0.259288,0.25,True,20.876206,True,432.5210277000928
RDL-n25-06,drone_range,16,9,10000,0.1,0.4,0.997,100,430.939781,419.906062,9.996569,0.0,1.037151,2,0.08,1.0,0.0,0.0,0.259288,0.25,True,20.777364,True,430.9397813266475
RDL-n25-06,drone_range,20,9,10000,0.1,0.4,0.997,100,430.133129,419.099409,9.996569,0.0,1.037151,2,0.08,1.0,0.0,0.0,0.259288,0.25,True,20.0246,True,430.9397813266475
RDL-n25-06,drone_range,24,9,10000,0.1,0.4,0.997,100,430.133129,419.099409,9.996569,0.0,1.037151,2,0.08,1.0,0.0,0.0,0.259288,0.25,True,20.09257,True,430.13312852747373
RDL-n25-06,drone_range,30,9,10000,0.1,0.4,0.997,100,430.133129,419.099409,9.996569,0.0,1.037151,2,0.08,1.0,0.0,0.0,0.259288,0.25,True,20.105096,True,430.13312852747373
RDL-n25-06,drone_range,8,10,10000,0.1,0.4,0.997,100,433.86335,427.316947,6.362012,0.0,0.184391,1,0.04,1.0,0.0,0.0,0.092195,0.125,True,21.202585,False,
RDL-n25-06,drone_range,12,10,10000,0.1,0.4,0.997,100,431.799643,420.765923,9.996569,0.0,1.037151,2,0.08,1.0,0.0,0.0,0.259288,0.25,True,20.235169,True,433.8633504367491
RDL-n25-06,drone_range,16,10,10000,0.1,0.4,0.997,100,430.939781,419.906062,9.996569,0.0,1.037151,2,0.08,1.0,0.0,0.0,0.259288,0.25,True,20.990938,True,431.79964304221073
RDL-n25-06,drone_range,20,10,10000,0.1,0.4,0.997,100,430.939781,419.906062,9.996569,0.0,1.037151,2,0.08,1.0,0.0,0.0,0.259288,0.25,True,19.864862,True,430.93978132664756
RDL-n25-06,drone_range,24,10,10000,0.1,0.4,0.997,100,430.939781,419.906062,9.996569,0.0,1.037151,2,0.08,1.0,0.0,0.0,0.259288,0.25,True,19.820282,True,430.93978132664756
RDL-n25-06,drone_range,30,10,10000,0.1,0.4,0.997,100,430.939781,419.906062,9.996569,0.0,1.037151,2,0.08,1.0,0.0,0.0,0.259288,0.25,True,19.834842,True,430.93978132664756
RDL-n25-06,number_of_lockers,2,1,10000,0.1,0.4,0.997,100,442.749015,442.749015,0.0,0.0,0.0,0,0.0,1.0,0.0,0.0,0.0,0.0,True,16.383809,False,
RDL-n25-06,number_of_lockers,3,1,10000,0.1,0.4,0.997,100,430.939781,419.906062,9.996569,0.0,1.037151,2,0.08,1.0,0.0,0.0,0.259288,0.25,True,18.563341,True,442.74901464064203
RDL-n25-06,number_of_lockers,4,1,10000,0.1,0.4,0.997,100,430.939781,419.906062,9.996569,0.0,1.037151,2,0.08,1.0,0.0,0.0,0.259288,0.25,True,20.013029,True,430.9397813266475
RDL-n25-06,number_of_lockers,5,1,10000,0.1,0.4,0.997,100,430.939781,419.906062,9.996569,0.0,1.037151,2,0.08,1.0,0.0,0.0,0.259288,0.25,True,20.6176,True,430.9397813266475
RDL-n25-06,number_of_lockers,6,1,10000,0.1,0.4,0.997,100,430.939781,419.906062,9.996569,0.0,1.037151,2,0.08,1.0,0.0,0.0,0.259288,0.25,True,20.624156,True,430.9397813266475
RDL-n25-06,number_of_lockers,8,1,10000,0.1,0.4,0.997,100,430.939781,419.906062,9.996569,0.0,1.037151,2,0.08,1.0,0.0,0.0,0.259288,0.25,True,20.624008,True,430.9397813266475
RDL-n25-06,number_of_lockers,10,1,10000,0.1,0.4,0.997,100,430.637285,418.032621,8.440928,1.715334,2.448402,2,0.08,0.96,0.006861,0.171533,0.612101,0.25,True,20.314427,True,430.9397813266475
RDL-n25-06,number_of_lockers,2,2,10000,0.1,0.4,0.997,100,442.551771,442.551771,0.0,0.0,0.0,0,0.0,1.0,0.0,0.0,0.0,0.0,True,17.220991,False,
RDL-n25-06,number_of_lockers,3,2,10000,0.1,0.4,0.997,100,430.939781,419.906062,9.996569,0.0,1.037151,2,0.08,1.0,0.0,0.0,0.259288,0.25,True,17.886541,True,442.5517707321506
RDL-n25-06,number_of_lockers,4,2,10000,0.1,0.4,0.997,100,430.939781,419.906062,9.996569,0.0,1.037151,2,0.08,1.0,0.0,0.0,0.259288,0.25,True,20.415664,True,430.9397813266475
RDL-n25-06,number_of_lockers,5,2,10000,0.1,0.4,0.997,100,430.133129,419.099409,9.996569,0.0,1.037151,2,0.08,1.0,0.0,0.0,0.259288,0.25,True,20.398144,True,430.9397813266475
RDL-n25-06,number_of_lockers,6,2,10000,0.1,0.4,0.997,100,430.133129,419.099409,9.996569,0.0,1.037151,2,0.08,1.0,0.0,0.0,0.259288,0.25,True,19.820594,True,430.1331285274737
RDL-n25-06,number_of_lockers,8,2,10000,0.1,0.4,0.997,100,430.133129,419.099409,9.996569,0.0,1.037151,2,0.08,1.0,0.0,0.0,0.259288,0.25,True,19.889881,True,430.1331285274737
RDL-n25-06,number_of_lockers,10,2,10000,0.1,0.4,0.997,100,429.988739,419.099409,8.440928,0.0,2.448402,2,0.08,1.0,0.0,0.0,0.612101,0.25,True,19.845115,True,430.1331285274737
RDL-n25-06,number_of_lockers,2,3,10000,0.1,0.4,0.997,100,442.551771,442.551771,0.0,0.0,0.0,0,0.0,1.0,0.0,0.0,0.0,0.0,True,17.239619,False,
RDL-n25-06,number_of_lockers,3,3,10000,0.1,0.4,0.997,100,430.939781,419.906062,9.996569,0.0,1.037151,2,0.08,1.0,0.0,0.0,0.259288,0.25,True,18.28775,True,442.5517707321504
RDL-n25-06,number_of_lockers,4,3,10000,0.1,0.4,0.997,100,430.939781,419.906062,9.996569,0.0,1.037151,2,0.08,1.0,0.0,0.0,0.259288,0.25,True,20.186061,True,430.93978132664745
RDL-n25-06,number_of_lockers,5,3,10000,0.1,0.4,0.997,100,430.939781,419.906062,9.996569,0.0,1.037151,2,0.08,1.0,0.0,0.0,0.259288,0.25,True,20.137031,True,430.93978132664745
RDL-n25-06,number_of_lockers,6,3,10000,0.1,0.4,0.997,100,430.939781,419.906062,9.996569,0.0,1.037151,2,0.08,1.0,0.0,0.0,0.259288,0.25,True,20.295006,True,430.93978132664745
RDL-n25-06,number_of_lockers,8,3,10000,0.1,0.4,0.997,100,430.939781,419.906062,9.996569,0.0,1.037151,2,0.08,1.0,0.0,0.0,0.259288,0.25,True,20.385521,True,430.93978132664745
RDL-n25-06,number_of_lockers,10,3,10000,0.1,0.4,0.997,100,430.795392,419.906062,8.440928,0.0,2.448402,2,0.08,1.0,0.0,0.0,0.612101,0.25,True,20.695094,True,430.93978132664745
RDL-n25-06,number_of_lockers,2,4,10000,0.1,0.4,0.997,100,442.749015,442.749015,0.0,0.0,0.0,0,0.0,1.0,0.0,0.0,0.0,0.0,True,16.774088,False,
RDL-n25-06,number_of_lockers,3,4,10000,0.1,0.4,0.997,100,430.939781,419.906062,9.996569,0.0,1.037151,2,0.08,1.0,0.0,0.0,0.259288,0.25,True,18.455914,True,442.7490146406421
RDL-n25-06,number_of_lockers,4,4,10000,0.1,0.4,0.997,100,430.939781,419.906062,9.996569,0.0,1.037151,2,0.08,1.0,0.0,0.0,0.259288,0.25,True,19.881129,True,430.9397813266475
RDL-n25-06,number_of_lockers,5,4,10000,0.1,0.4,0.997,100,430.939781,419.906062,9.996569,0.0,1.037151,2,0.08,1.0,0.0,0.0,0.259288,0.25,True,19.798539,True,430.9397813266475
RDL-n25-06,number_of_lockers,6,4,10000,0.1,0.4,0.997,100,430.939781,419.906062,9.996569,0.0,1.037151,2,0.08,1.0,0.0,0.0,0.259288,0.25,True,20.246127,True,430.9397813266475
RDL-n25-06,number_of_lockers,8,4,10000,0.1,0.4,0.997,100,430.939781,419.906062,9.996569,0.0,1.037151,2,0.08,1.0,0.0,0.0,0.259288,0.25,True,20.243773,True,430.9397813266475
RDL-n25-06,number_of_lockers,10,4,10000,0.1,0.4,0.997,100,430.795392,419.906062,8.440928,0.0,2.448402,2,0.08,1.0,0.0,0.0,0.612101,0.25,True,20.412597,True,430.9397813266475
RDL-n25-06,number_of_lockers,2,5,10000,0.1,0.4,0.997,100,442.551771,442.551771,0.0,0.0,0.0,0,0.0,1.0,0.0,0.0,0.0,0.0,True,16.987843,False,
RDL-n25-06,number_of_lockers,3,5,10000,0.1,0.4,0.997,100,432.521028,425.974625,6.362012,0.0,0.184391,1,0.04,1.0,0.0,0.0,0.092195,0.125,True,18.017377,True,442.5517707321505
RDL-n25-06,number_of_lockers,4,5,10000,0.1,0.4,0.997,100,432.521028,425.974625,6.362012,0.0,0.184391,1,0.04,1.0,0.0,0.0,0.092195,0.125,True,20.4884,True,432.52102770009293
RDL-n25-06,number_of_lockers,5,5,10000,0.1,0.4,0.997,100,432.521028,425.974625,6.362012,0.0,0.184391,1,0.04,1.0,0.0,0.0,0.092195,0.125,True,20.117463,True,432.52102770009293
RDL-n25-06,number_of_lockers,6,5,10000,0.1,0.4,0.997,100,430.939781,419.906062,9.996569,0.0,1.037151,2,0.08,1.0,0.0,0.0,0.259288,0.25,True,20.016617,True,432.52102770009293
RDL-n25-06,number_of_lockers,8,5,10000,0.1,0.4,0.997,100,430.939781,419.906062,9.996569,0.0,1.037151,2,0.08,1.0,0.0,0.0,0.259288,0.25,True,20.104178,True,430.93978132664733
RDL-n25-06,number_of_lockers,10,5,10000,0.1,0.4,0.997,100,430.795392,419.906062,8.440928,0.0,2.448402,2,0.08,1.0,0.0,0.0,0.612101,0.25,True,20.268602,True,430.93978132664733
RDL-n25-06,number_of_lockers,2,6,10000,0.1,0.4,0.997,100,443.067053,443.067053,0.0,0.0,0.0,0,0.0,1.0,0.0,0.0,0.0,0.0,True,16.280861,False,
RDL-n25-06,number_of_lockers,3,6,10000,0.1,0.4,0.997,100,430.939781,419.906062,9.996569,0.0,1.037151,2,0.08,1.0,0.0,0.0,0.259288,0.25,True,18.179399,True,443.06705333499394
RDL-n25-06,number_of_lockers,4,6,10000,0.1,0.4,0.997,100,430.939781,419.906062,9.996569,0.0,1.037151,2,0.08,1.0,0.0,0.0,0.259288,0.25,True,19.946173,True,430.9397813266475
RDL-n25-06,number_of_lockers,5,6,10000,0.1,0.4,0.997,100,430.939781,419.906062,9.996569,0.0,1.037151,2,0.08,1.0,0.0,0.0,0.259288,0.25,True,19.937315,True,430.9397813266475
RDL-n25-06,number_of_lockers,6,6,10000,0.1,0.4,0.997,100,430.939781,419.906062,9.996569,0.0,1.037151,2,0.08,1.0,0.0,0.0,0.259288,0.25,True,20.08826,True,430.9397813266475
RDL-n25-06,number_of_lockers,8,6,10000,0.1,0.4,0.997,100,430.939781,419.906062,9.996569,0.0,1.037151,2,0.08,1.0,0.0,0.0,0.259288,0.25,True,20.13511,True,430.9397813266475
RDL-n25-06,number_of_lockers,10,6,10000,0.1,0.4,0.997,100,430.795392,419.906062,8.440928,0.0,2.448402,2,0.08,1.0,0.0,0.0,0.612101,0.25,True,19.560928,True,430.9397813266475
RDL-n25-06,number_of_lockers,2,7,10000,0.1,0.4,0.997,100,443.067053,443.067053,0.0,0.0,0.0,0,0.0,1.0,0.0,0.0,0.0,0.0,True,16.392113,False,
RDL-n25-06,number_of_lockers,3,7,10000,0.1,0.4,0.997,100,430.939781,419.906062,9.996569,0.0,1.037151,2,0.08,1.0,0.0,0.0,0.259288,0.25,True,17.79662,True,443.0670533349938
RDL-n25-06,number_of_lockers,4,7,10000,0.1,0.4,0.997,100,430.939781,419.906062,9.996569,0.0,1.037151,2,0.08,1.0,0.0,0.0,0.259288,0.25,True,19.768384,True,430.9397813266475
RDL-n25-06,number_of_lockers,5,7,10000,0.1,0.4,0.997,100,430.939781,419.906062,9.996569,0.0,1.037151,2,0.08,1.0,0.0,0.0,0.259288,0.25,True,19.977942,True,430.9397813266475
RDL-n25-06,number_of_lockers,6,7,10000,0.1,0.4,0.997,100,430.939781,419.906062,9.996569,0.0,1.037151,2,0.08,1.0,0.0,0.0,0.259288,0.25,True,20.173915,True,430.9397813266475
RDL-n25-06,number_of_lockers,8,7,10000,0.1,0.4,0.997,100,430.939781,419.906062,9.996569,0.0,1.037151,2,0.08,1.0,0.0,0.0,0.259288,0.25,True,20.192683,True,430.9397813266475
RDL-n25-06,number_of_lockers,10,7,10000,0.1,0.4,0.997,100,430.795392,419.906062,8.440928,0.0,2.448402,2,0.08,1.0,0.0,0.0,0.612101,0.25,True,20.187953,True,430.9397813266475
RDL-n25-06,number_of_lockers,2,8,10000,0.1,0.4,0.997,100,442.569332,442.569332,0.0,0.0,0.0,0,0.0,1.0,0.0,0.0,0.0,0.0,True,16.667196,False,
RDL-n25-06,number_of_lockers,3,8,10000,0.1,0.4,0.997,100,430.939781,419.906062,9.996569,0.0,1.037151,2,0.08,1.0,0.0,0.0,0.259288,0.25,True,17.699864,True,442.56933208161047
RDL-n25-06,number_of_lockers,4,8,10000,0.1,0.4,0.997,100,430.939781,419.906062,9.996569,0.0,1.037151,2,0.08,1.0,0.0,0.0,0.259288,0.25,True,20.095319,True,430.93978132664745
RDL-n25-06,number_of_lockers,5,8,10000,0.1,0.4,0.997,100,430.939781,419.906062,9.996569,0.0,1.037151,2,0.08,1.0,0.0,0.0,0.259288,0.25,True,20.156148,True,430.93978132664745
RDL-n25-06,number_of_lockers,6,8,10000,0.1,0.4,0.997,100,430.939781,419.906062,9.996569,0.0,1.037151,2,0.08,1.0,0.0,0.0,0.259288,0.25,True,20.091664,True,430.93978132664745
RDL-n25-06,number_of_lockers,8,8,10000,0.1,0.4,0.997,100,430.939781,419.906062,9.996569,0.0,1.037151,2,0.08,1.0,0.0,0.0,0.259288,0.25,True,20.120617,True,430.93978132664745
RDL-n25-06,number_of_lockers,10,8,10000,0.1,0.4,0.997,100,430.795392,419.906062,8.440928,0.0,2.448402,2,0.08,1.0,0.0,0.0,0.612101,0.25,True,19.950567,True,430.93978132664745
RDL-n25-06,number_of_lockers,2,9,10000,0.1,0.4,0.997,100,442.551771,442.551771,0.0,0.0,0.0,0,0.0,1.0,0.0,0.0,0.0,0.0,True,16.726448,False,
RDL-n25-06,number_of_lockers,3,9,10000,0.1,0.4,0.997,100,430.939781,419.906062,9.996569,0.0,1.037151,2,0.08,1.0,0.0,0.0,0.259288,0.25,True,17.890729,True,442.55177073215043
RDL-n25-06,number_of_lockers,4,9,10000,0.1,0.4,0.997,100,430.939781,419.906062,9.996569,0.0,1.037151,2,0.08,1.0,0.0,0.0,0.259288,0.25,True,19.530295,True,430.9397813266473
RDL-n25-06,number_of_lockers,5,9,10000,0.1,0.4,0.997,100,430.939781,419.906062,9.996569,0.0,1.037151,2,0.08,1.0,0.0,0.0,0.259288,0.25,True,19.772305,True,430.9397813266473
RDL-n25-06,number_of_lockers,6,9,10000,0.1,0.4,0.997,100,430.939781,419.906062,9.996569,0.0,1.037151,2,0.08,1.0,0.0,0.0,0.259288,0.25,True,19.799294,True,430.9397813266473
RDL-n25-06,number_of_lockers,8,9,10000,0.1,0.4,0.997,100,430.939781,419.906062,9.996569,0.0,1.037151,2,0.08,1.0,0.0,0.0,0.259288,0.25,True,19.843935,True,430.9397813266473
RDL-n25-06,number_of_lockers,10,9,10000,0.1,0.4,0.997,100,430.795392,419.906062,8.440928,0.0,2.448402,2,0.08,1.0,0.0,0.0,0.612101,0.25,True,20.477519,True,430.9397813266473
RDL-n25-06,number_of_lockers,2,10,10000,0.1,0.4,0.997,100,442.749015,442.749015,0.0,0.0,0.0,0,0.0,1.0,0.0,0.0,0.0,0.0,True,16.489206,False,
RDL-n25-06,number_of_lockers,3,10,10000,0.1,0.4,0.997,100,435.014582,428.468179,6.362012,0.0,0.184391,1,0.04,1.0,0.0,0.0,0.092195,0.125,True,18.481483,True,442.7490146406421
RDL-n25-06,number_of_lockers,4,10,10000,0.1,0.4,0.997,100,430.939781,419.906062,9.996569,0.0,1.037151,2,0.08,1.0,0.0,0.0,0.259288,0.25,True,19.540906,True,435.01458234864253
RDL-n25-06,number_of_lockers,5,10,10000,0.1,0.4,0.997,100,430.133129,419.099409,9.996569,0.0,1.037151,2,0.08,1.0,0.0,0.0,0.259288,0.25,True,19.907085,True,430.93978132664745
RDL-n25-06,number_of_lockers,6,10,10000,0.1,0.4,0.997,100,430.133129,419.099409,9.996569,0.0,1.037151,2,0.08,1.0,0.0,0.0,0.259288,0.25,True,19.84257,True,430.13312852747373
RDL-n25-06,number_of_lockers,8,10,10000,0.1,0.4,0.997,100,430.133129,419.099409,9.996569,0.0,1.037151,2,0.08,1.0,0.0,0.0,0.259288,0.25,True,19.965317,True,430.13312852747373
RDL-n25-06,number_of_lockers,10,10,10000,0.1,0.4,0.997,100,429.988739,419.099409,8.440928,0.0,2.448402,2,0.08,1.0,0.0,0.0,0.612101,0.25,True,20.185389,True,430.13312852747373
RDL-n25-06,self_pickup_compensation_cW,0,1,10000,0.1,0.4,0.997,100,431.9721,408.680503,23.291598,0.0,0.0,3,0.12,1.0,0.0,0.0,0.356899,0.375,True,19.801399,False,
RDL-n25-06,self_pickup_compensation_cW,1,1,10000,0.1,0.4,0.997,100,432.428832,425.974625,6.362012,0.0,0.092195,1,0.04,1.0,0.0,0.0,0.092195,0.125,True,19.694567,False,
RDL-n25-06,self_pickup_compensation_cW,2,1,10000,0.1,0.4,0.997,100,432.521028,425.974625,6.362012,0.0,0.184391,1,0.04,1.0,0.0,0.0,0.092195,0.125,True,19.817601,False,
RDL-n25-06,self_pickup_compensation_cW,4,1,10000,0.1,0.4,0.997,100,433.626869,426.896075,6.362012,0.0,0.368782,1,0.04,1.0,0.0,0.0,0.092195,0.125,True,19.983396,False,
RDL-n25-06,self_pickup_compensation_cW,6,1,10000,0.1,0.4,0.997,100,432.396239,425.481054,6.362012,0.0,0.553173,1,0.04,1.0,0.0,0.0,0.092195,0.125,True,19.731204,False,
RDL-n25-06,self_pickup_compensation_cW,8,1,10000,0.1,0.4,0.997,100,433.0742,425.974625,6.362012,0.0,0.737564,1,0.04,1.0,0.0,0.0,0.092195,0.125,True,19.437691,False,
RDL-n25-06,self_pickup_compensation_cW,0,2,10000,0.1,0.4,0.997,100,429.90263,419.906062,9.996569,0.0,0.0,2,0.08,1.0,0.0,0.0,0.259288,0.25,True,20.736123,False,
RDL-n25-06,self_pickup_compensation_cW,1,2,10000,0.1,0.4,0.997,100,430.421206,419.906062,9.996569,0.0,0.518576,2,0.08,1.0,0.0,0.0,0.259288,0.25,True,19.692227,False,
RDL-n25-06,self_pickup_compensation_cW,2,2,10000,0.1,0.4,0.997,100,430.133129,419.099409,9.996569,0.0,1.037151,2,0.08,1.0,0.0,0.0,0.259288,0.25,True,20.299829,False,
RDL-n25-06,self_pickup_compensation_cW,4,2,10000,0.1,0.4,0.997,100,432.705419,425.974625,6.362012,0.0,0.368782,1,0.04,1.0,0.0,0.0,0.092195,0.125,True,20.921109,False,
RDL-n25-06,self_pickup_compensation_cW,6,2,10000,0.1,0.4,0.997,100,432.889809,425.974625,6.362012,0.0,0.553173,1,0.04,1.0,0.0,0.0,0.092195,0.125,True,19.984436,False,
RDL-n25-06,self_pickup_compensation_cW,8,2,10000,0.1,0.4,0.997,100,433.085043,425.985467,6.362012,0.0,0.737564,1,0.04,1.0,0.0,0.0,0.092195,0.125,True,19.089025,False,
RDL-n25-06,self_pickup_compensation_cW,0,3,10000,0.1,0.4,0.997,100,429.095977,419.099409,9.996569,0.0,0.0,2,0.08,1.0,0.0,0.0,0.259288,0.25,True,19.668941,False,
RDL-n25-06,self_pickup_compensation_cW,1,3,10000,0.1,0.4,0.997,100,430.421206,419.906062,9.996569,0.0,0.518576,2,0.08,1.0,0.0,0.0,0.259288,0.25,True,19.806998,False,
RDL-n25-06,self_pickup_compensation_cW,2,3,10000,0.1,0.4,0.997,100,430.939781,419.906062,9.996569,0.0,1.037151,2,0.08,1.0,0.0,0.0,0.259288,0.25,True,20.058661,False,
RDL-n25-06,self_pickup_compensation_cW,4,3,10000,0.1,0.4,0.997,100,431.976932,419.906062,9.996569,0.0,2.074302,2,0.08,1.0,0.0,0.0,0.259288,0.25,True,19.733074,False,
RDL-n25-06,self_pickup_compensation_cW,6,3,10000,0.1,0.4,0.997,100,432.396239,425.481054,6.362012,0.0,0.553173,1,0.04,1.0,0.0,0.0,0.092195,0.125,True,19.413834,False,
RDL-n25-06,self_pickup_compensation_cW,8,3,10000,0.1,0.4,0.997,100,436.221217,420.832972,6.362012,8.28867,0.737564,1,0.04,0.96,0.033155,0.828867,0.092195,0.125,True,20.082356,False,
RDL-n25-06,self_pickup_compensation_cW,0,4,10000,0.1,0.4,0.997,100,429.90263,419.906062,9.996569,0.0,0.0,2,0.08,1.0,0.0,0.0,0.259288,0.25,True,19.850778,False,
RDL-n25-06,self_pickup_compensation_cW,1,4,10000,0.1,0.4,0.997,100,430.421206,419.906062,9.996569,0.0,0.518576,2,0.08,1.0,0.0,0.0,0.259288,0.25,True,20.171178,False,
RDL-n25-06,self_pickup_compensation_cW,2,4,10000,0.1,0.4,0.997,100,433.83503,408.680503,23.48343,0.0,1.671098,3,0.12,1.0,0.0,0.0,0.278516,0.375,True,20.024653,False,
RDL-n25-06,self_pickup_compensation_cW,4,4,10000,0.1,0.4,0.997,100,432.705419,425.974625,6.362012,0.0,0.368782,1,0.04,1.0,0.0,0.0,0.092195,0.125,True,19.719989,False,
RDL-n25-06,self_pickup_compensation_cW,6,4,10000,0.1,0.4,0.997,100,432.900652,425.985467,6.362012,0.0,0.553173,1,0.04,1.0,0.0,0.0,0.092195,0.125,True,19.861317,False,
RDL-n25-06,self_pickup_compensation_cW,8,4,10000,0.1,0.4,0.997,100,433.137198,426.037622,6.362012,0.0,0.737564,1,0.04,1.0,0.0,0.0,0.092195,0.125,True,19.633482,False,
RDL-n25-06,self_pickup_compensation_cW,0,5,10000,0.1,0.4,0.997,100,432.336637,425.974625,6.362012,0.0,0.0,1,0.04,1.0,0.0,0.0,0.092195,0.125,True,20.144171,False,
RDL-n25-06,self_pickup_compensation_cW,1,5,10000,0.1,0.4,0.997,100,433.771155,427.316947,6.362012,0.0,0.092195,1,0.04,1.0,0.0,0.0,0.092195,0.125,True,19.859732,False,
RDL-n25-06,self_pickup_compensation_cW,2,5,10000,0.1,0.4,0.997,100,433.86335,427.316947,6.362012,0.0,0.184391,1,0.04,1.0,0.0,0.0,0.092195,0.125,True,20.056971,False,
RDL-n25-06,self_pickup_compensation_cW,4,5,10000,0.1,0.4,0.997,100,434.047741,427.316947,6.362012,0.0,0.368782,1,0.04,1.0,0.0,0.0,0.092195,0.125,True,19.692547,False,
RDL-n25-06,self_pickup_compensation_cW,6,5,10000,0.1,0.4,0.997,100,432.889809,425.974625,6.362012,0.0,0.553173,1,0.04,1.0,0.0,0.0,0.092195,0.125,True,20.169958,False,
RDL-n25-06,self_pickup_compensation_cW,8,5,10000,0.1,0.4,0.997,100,433.085043,425.985467,6.362012,0.0,0.737564,1,0.04,1.0,0.0,0.0,0.092195,0.125,True,20.136132,False,
RDL-n25-06,self_pickup_compensation_cW,0,6,10000,0.1,0.4,0.997,100,430.87117,420.874601,9.996569,0.0,0.0,2,0.08,1.0,0.0,0.0,0.259288,0.25,True,19.808151,False,
RDL-n25-06,self_pickup_compensation_cW,1,6,10000,0.1,0.4,0.997,100,430.421206,419.906062,9.996569,0.0,0.518576,2,0.08,1.0,0.0,0.0,0.259288,0.25,True,19.236277,False,
RDL-n25-06,self_pickup_compensation_cW,2,6,10000,0.1,0.4,0.997,100,430.939781,419.906062,9.996569,0.0,1.037151,2,0.08,1.0,0.0,0.0,0.259288,0.25,True,19.908422,False,
RDL-n25-06,self_pickup_compensation_cW,4,6,10000,0.1,0.4,0.997,100,431.976932,419.906062,9.996569,0.0,2.074302,2,0.08,1.0,0.0,0.0,0.259288,0.25,True,19.587569,False,
RDL-n25-06,self_pickup_compensation_cW,6,6,10000,0.1,0.4,0.997,100,432.396239,425.481054,6.362012,0.0,0.553173,1,0.04,1.0,0.0,0.0,0.092195,0.125,True,19.010387,False,
RDL-n25-06,self_pickup_compensation_cW,8,6,10000,0.1,0.4,0.997,100,432.58063,425.481054,6.362012,0.0,0.737564,1,0.04,1.0,0.0,0.0,0.092195,0.125,True,19.598011,False,
RDL-n25-06,self_pickup_compensation_cW,0,7,10000,0.1,0.4,0.997,100,430.884146,407.592548,23.291598,0.0,0.0,3,0.12,1.0,0.0,0.0,0.356899,0.375,True,20.023675,False,
RDL-n25-06,self_pickup_compensation_cW,1,7,10000,0.1,0.4,0.997,100,432.439675,425.985467,6.362012,0.0,0.092195,1,0.04,1.0,0.0,0.0,0.092195,0.125,True,20.009491,False,
RDL-n25-06,self_pickup_compensation_cW,2,7,10000,0.1,0.4,0.997,100,431.799643,420.765923,9.996569,0.0,1.037151,2,0.08,1.0,0.0,0.0,0.259288,0.25,True,19.358035,False,
RDL-n25-06,self_pickup_compensation_cW,4,7,10000,0.1,0.4,0.997,100,432.705419,425.974625,6.362012,0.0,0.368782,1,0.04,1.0,0.0,0.0,0.092195,0.125,True,20.017651,False,
RDL-n25-06,self_pickup_compensation_cW,6,7,10000,0.1,0.4,0.997,100,432.889809,425.974625,6.362012,0.0,0.553173,1,0.04,1.0,0.0,0.0,0.092195,0.125,True,19.58478,False,
RDL-n25-06,self_pickup_compensation_cW,8,7,10000,0.1,0.4,0.997,100,433.0742,425.974625,6.362012,0.0,0.737564,1,0.04,1.0,0.0,0.0,0.092195,0.125,True,19.394652,False,
RDL-n25-06,self_pickup_compensation_cW,0,8,10000,0.1,0.4,0.997,100,432.336637,425.974625,6.362012,0.0,0.0,1,0.04,1.0,0.0,0.0,0.092195,0.125,True,19.635133,False,
RDL-n25-06,self_pickup_compensation_cW,1,8,10000,0.1,0.4,0.997,100,432.428832,425.974625,6.362012,0.0,0.092195,1,0.04,1.0,0.0,0.0,0.092195,0.125,True,19.71459,False,
RDL-n25-06,self_pickup_compensation_cW,2,8,10000,0.1,0.4,0.997,100,430.939781,419.906062,9.996569,0.0,1.037151,2,0.08,1.0,0.0,0.0,0.259288,0.25,True,19.961387,False,
RDL-n25-06,self_pickup_compensation_cW,4,8,10000,0.1,0.4,0.997,100,432.768416,426.037622,6.362012,0.0,0.368782,1,0.04,1.0,0.0,0.0,0.092195,0.125,True,20.134458,False,
RDL-n25-06,self_pickup_compensation_cW,6,8,10000,0.1,0.4,0.997,100,432.396239,425.481054,6.362012,0.0,0.553173,1,0.04,1.0,0.0,0.0,0.092195,0.125,True,19.402168,False,
RDL-n25-06,self_pickup_compensation_cW,8,8,10000,0.1,0.4,0.997,100,433.085043,425.985467,6.362012,0.0,0.737564,1,0.04,1.0,0.0,0.0,0.092195,0.125,True,19.173289,False,
RDL-n25-06,self_pickup_compensation_cW,0,9,10000,0.1,0.4,0.997,100,431.9721,408.680503,23.291598,0.0,0.0,3,0.12,1.0,0.0,0.0,0.356899,0.375,True,19.692049,False,
RDL-n25-06,self_pickup_compensation_cW,1,9,10000,0.1,0.4,0.997,100,429.614553,419.099409,9.996569,0.0,0.518576,2,0.08,1.0,0.0,0.0,0.259288,0.25,True,19.91778,False,
RDL-n25-06,self_pickup_compensation_cW,2,9,10000,0.1,0.4,0.997,100,431.799643,420.765923,9.996569,0.0,1.037151,2,0.08,1.0,0.0,0.0,0.259288,0.25,True,20.032112,False,
RDL-n25-06,self_pickup_compensation_cW,4,9,10000,0.1,0.4,0.997,100,431.976932,419.906062,9.996569,0.0,2.074302,2,0.08,1.0,0.0,0.0,0.259288,0.25,True,19.451045,False,
RDL-n25-06,self_pickup_compensation_cW,6,9,10000,0.1,0.4,0.997,100,432.889809,425.974625,6.362012,0.0,0.553173,1,0.04,1.0,0.0,0.0,0.092195,0.125,True,19.642758,False,
RDL-n25-06,self_pickup_compensation_cW,8,9,10000,0.1,0.4,0.997,100,434.203986,427.10441,6.362012,0.0,0.737564,1,0.04,1.0,0.0,0.0,0.092195,0.125,True,19.655254,False,
RDL-n25-06,self_pickup_compensation_cW,0,10,10000,0.1,0.4,0.997,100,429.90263,419.906062,9.996569,0.0,0.0,2,0.08,1.0,0.0,0.0,0.259288,0.25,True,19.837795,False,
RDL-n25-06,self_pickup_compensation_cW,1,10,10000,0.1,0.4,0.997,100,431.911527,407.592548,23.48343,0.0,0.835549,3,0.12,1.0,0.0,0.0,0.278516,0.375,True,19.602574,False,
RDL-n25-06,self_pickup_compensation_cW,2,10,10000,0.1,0.4,0.997,100,432.091013,421.057293,9.996569,0.0,1.037151,2,0.08,1.0,0.0,0.0,0.259288,0.25,True,19.50289,False,
RDL-n25-06,self_pickup_compensation_cW,4,10,10000,0.1,0.4,0.997,100,431.976932,419.906062,9.996569,0.0,2.074302,2,0.08,1.0,0.0,0.0,0.259288,0.25,True,19.482688,False,
RDL-n25-06,self_pickup_compensation_cW,6,10,10000,0.1,0.4,0.997,100,432.396239,425.481054,6.362012,0.0,0.553173,1,0.04,1.0,0.0,0.0,0.092195,0.125,True,19.466926,False,
RDL-n25-06,self_pickup_compensation_cW,8,10,10000,0.1,0.4,0.997,100,433.0742,425.974625,6.362012,0.0,0.737564,1,0.04,1.0,0.0,0.0,0.092195,0.125,True,19.419975,False,
RDL-n25-06,delay_penalty_cP,1,1,10000,0.1,0.4,0.997,100,425.210957,407.936108,12.724025,3.158294,1.39253,2,0.08,0.92,0.126332,2.329427,0.348132,0.25,True,19.905861,False,
RDL-n25-06,delay_penalty_cP,5,1,10000,0.1,0.4,0.997,100,431.235566,416.057512,9.996569,4.144335,1.037151,2,0.08,0.96,0.033155,0.828867,0.259288,0.25,True,19.718707,False,
RDL-n25-06,delay_penalty_cP,10,1,10000,0.1,0.4,0.997,100,432.521028,425.974625,6.362012,0.0,0.184391,1,0.04,1.0,0.0,0.0,0.092195,0.125,True,19.656713,False,
RDL-n25-06,delay_penalty_cP,20,1,10000,0.1,0.4,0.997,100,433.86335,427.316947,6.362012,0.0,0.184391,1,0.04,1.0,0.0,0.0,0.092195,0.125,True,19.57883,False,
RDL-n25-06,delay_penalty_cP,30,1,10000,0.1,0.4,0.997,100,430.939781,419.906062,9.996569,0.0,1.037151,2,0.08,1.0,0.0,0.0,0.259288,0.25,True,20.231123,False,
RDL-n25-06,delay_penalty_cP,50,1,10000,0.1,0.4,0.997,100,430.939781,419.906062,9.996569,0.0,1.037151,2,0.08,1.0,0.0,0.0,0.259288,0.25,True,20.043776,False,
RDL-n25-06,delay_penalty_cP,1,2,10000,0.1,0.4,0.997,100,425.210957,407.936108,12.724025,3.158294,1.39253,2,0.08,0.92,0.126332,2.329427,0.348132,0.25,True,19.845269,False,
RDL-n25-06,delay_penalty_cP,5,2,10000,0.1,0.4,0.997,100,431.235566,416.057512,9.996569,4.144335,1.037151,2,0.08,0.96,0.033155,0.828867,0.259288,0.25,True,19.920217,False,
RDL-n25-06,delay_penalty_cP,10,2,10000,0.1,0.4,0.997,100,430.133129,419.099409,9.996569,0.0,1.037151,2,0.08,1.0,0.0,0.0,0.259288,0.25,True,20.143638,False,
RDL-n25-06,delay_penalty_cP,20,2,10000,0.1,0.4,0.997,100,430.939781,419.906062,9.996569,0.0,1.037151,2,0.08,1.0,0.0,0.0,0.259288,0.25,True,19.795533,False,
RDL-n25-06,delay_penalty_cP,30,2,10000,0.1,0.4,0.997,100,430.939781,419.906062,9.996569,0.0,1.037151,2,0.08,1.0,0.0,0.0,0.259288,0.25,True,20.163468,False,
RDL-n25-06,delay_penalty_cP,50,2,10000,0.1,0.4,0.997,100,433.86335,427.316947,6.362012,0.0,0.184391,1,0.04,1.0,0.0,0.0,0.092195,0.125,True,19.909425,False,
RDL-n25-06,delay_penalty_cP,1,3,10000,0.1,0.4,0.997,100,425.210957,407.936108,12.724025,3.158294,1.39253,2,0.08,0.92,0.126332,2.329427,0.348132,0.25,True,19.430239,False,
RDL-n25-06,delay_penalty_cP,5,3,10000,0.1,0.4,0.997,100,430.939781,419.906062,9.996569,0.0,1.037151,2,0.08,1.0,0.0,0.0,0.259288,0.25,True,19.58767,False,
RDL-n25-06,delay_penalty_cP,10,3,10000,0.1,0.4,0.997,100,430.939781,419.906062,9.996569,0.0,1.037151,2,0.08,1.0,0.0,0.0,0.259288,0.25,True,19.7538,False,
RDL-n25-06,delay_penalty_cP,20,3,10000,0.1,0.4,0.997,100,432.584025,426.037622,6.362012,0.0,0.184391,1,0.04,1.0,0.0,0.0,0.092195,0.125,True,20.389382,False,
RDL-n25-06,delay_penalty_cP,30,3,10000,0.1,0.4,0.997,100,430.133129,419.099409,9.996569,0.0,1.037151,2,0.08,1.0,0.0,0.0,0.259288,0.25,True,20.194619,False,
RDL-n25-06,delay_penalty_cP,50,3,10000,0.1,0.4,0.997,100,432.747076,407.592548,23.48343,0.0,1.671098,3,0.12,1.0,0.0,0.0,0.278516,0.375,True,20.142547,False,
RDL-n25-06,delay_penalty_cP,1,4,10000,0.1,0.4,0.997,100,425.210957,407.936108,12.724025,3.158294,1.39253,2,0.08,0.92,0.126332,2.329427,0.348132,0.25,True,19.703207,False,
RDL-n25-06,delay_penalty_cP,5,4,10000,0.1,0.4,0.997,100,430.939781,419.906062,9.996569,0.0,1.037151,2,0.08,1.0,0.0,0.0,0.259288,0.25,True,20.169448,False,
RDL-n25-06,delay_penalty_cP,10,4,10000,0.1,0.4,0.997,100,433.83503,408.680503,23.48343,0.0,1.671098,3,0.12,1.0,0.0,0.0,0.278516,0.375,True,19.883619,False,
RDL-n25-06,delay_penalty_cP,20,4,10000,0.1,0.4,0.997,100,433.83503,408.680503,23.48343,0.0,1.671098,3,0.12,1.0,0.0,0.0,0.278516,0.375,True,20.157132,False,
RDL-n25-06,delay_penalty_cP,30,4,10000,0.1,0.4,0.997,100,432.521028,425.974625,6.362012,0.0,0.184391,1,0.04,1.0,0.0,0.0,0.092195,0.125,True,20.048244,False,
RDL-n25-06,delay_penalty_cP,50,4,10000,0.1,0.4,0.997,100,430.133129,419.099409,9.996569,0.0,1.037151,2,0.08,1.0,0.0,0.0,0.259288,0.25,True,19.622407,False,
RDL-n25-06,delay_penalty_cP,1,5,10000,0.1,0.4,0.997,100,425.210957,407.936108,12.724025,3.158294,1.39253,2,0.08,0.92,0.126332,2.329427,0.348132,0.25,True,19.419491,False,
RDL-n25-06,delay_penalty_cP,5,5,10000,0.1,0.4,0.997,100,431.235566,416.057512,9.996569,4.144335,1.037151,2,0.08,0.96,0.033155,0.828867,0.259288,0.25,True,19.640941,False,
RDL-n25-06,delay_penalty_cP,10,5,10000,0.1,0.4,0.997,100,433.86335,427.316947,6.362012,0.0,0.184391,1,0.04,1.0,0.0,0.0,0.092195,0.125,True,19.97358,False,
RDL-n25-06,delay_penalty_cP,20,5,10000,0.1,0.4,0.997,100,432.521028,425.974625,6.362012,0.0,0.184391,1,0.04,1.0,0.0,0.0,0.092195,0.125,True,20.068743,False,
RDL-n25-06,delay_penalty_cP,30,5,10000,0.1,0.4,0.997,100,432.785537,426.239134,6.362012,0.0,0.184391,1,0.04,1.0,0.0,0.0,0.092195,0.125,True,19.296195,False,
RDL-n25-06,delay_penalty_cP,50,5,10000,0.1,0.4,0.997,100,430.939781,419.906062,9.996569,0.0,1.037151,2,0.08,1.0,0.0,0.0,0.259288,0.25,True,19.263345,False,
RDL-n25-06,delay_penalty_cP,1,6,10000,0.1,0.4,0.997,100,425.210957,407.936108,12.724025,3.158294,1.39253,2,0.08,0.92,0.126332,2.329427,0.348132,0.25,True,18.731889,False,
RDL-n25-06,delay_penalty_cP,5,6,10000,0.1,0.4,0.997,100,431.235566,416.057512,9.996569,4.144335,1.037151,2,0.08,0.96,0.033155,0.828867,0.259288,0.25,True,19.524451,False,
RDL-n25-06,delay_penalty_cP,10,6,10000,0.1,0.4,0.997,100,430.939781,419.906062,9.996569,0.0,1.037151,2,0.08,1.0,0.0,0.0,0.259288,0.25,True,19.667254,False,
RDL-n25-06,delay_penalty_cP,20,6,10000,0.1,0.4,0.997,100,431.799643,420.765923,9.996569,0.0,1.037151,2,0.08,1.0,0.0,0.0,0.259288,0.25,True,19.77738,False,
RDL-n25-06,delay_penalty_cP,30,6,10000,0.1,0.4,0.997,100,432.521028,425.974625,6.362012,0.0,0.184391,1,0.04,1.0,0.0,0.0,0.092195,0.125,True,19.751577,False,
RDL-n25-06,delay_penalty_cP,50,6,10000,0.1,0.4,0.997,100,432.521028,425.974625,6.362012,0.0,0.184391,1,0.04,1.0,0.0,0.0,0.092195,0.125,True,19.462465,False,
RDL-n25-06,delay_penalty_cP,1,7,10000,0.1,0.4,0.997,100,425.210957,407.936108,12.724025,3.158294,1.39253,2,0.08,0.92,0.126332,2.329427,0.348132,0.25,True,19.315403,False,
RDL-n25-06,delay_penalty_cP,5,7,10000,0.1,0.4,0.997,100,431.235566,416.057512,9.996569,4.144335,1.037151,2,0.08,0.96,0.033155,0.828867,0.259288,0.25,True,19.653235,False,
RDL-n25-06,delay_penalty_cP,10,7,10000,0.1,0.4,0.997,100,431.799643,420.765923,9.996569,0.0,1.037151,2,0.08,1.0,0.0,0.0,0.259288,0.25,True,19.301205,False,
RDL-n25-06,delay_penalty_cP,20,7,10000,0.1,0.4,0.997,100,430.939781,419.906062,9.996569,0.0,1.037151,2,0.08,1.0,0.0,0.0,0.259288,0.25,True,19.961859,False,
RDL-n25-06,delay_penalty_cP,30,7,10000,0.1,0.4,0.997,100,432.53187,425.985467,6.362012,0.0,0.184391,1,0.04,1.0,0.0,0.0,0.092195,0.125,True,20.151829,False,
RDL-n25-06,delay_penalty_cP,50,7,10000,0.1,0.4,0.997,100,432.521028,425.974625,6.362012,0.0,0.184391,1,0.04,1.0,0.0,0.0,0.092195,0.125,True,19.626531,False,
RDL-n25-06,delay_penalty_cP,1,8,10000,0.1,0.4,0.997,100,425.210957,407.936108,12.724025,3.158294,1.39253,2,0.08,0.92,0.126332,2.329427,0.348132,0.25,True,19.162801,False,
RDL-n25-06,delay_penalty_cP,5,8,10000,0.1,0.4,0.997,100,431.235566,416.057512,9.996569,4.144335,1.037151,2,0.08,0.96,0.033155,0.828867,0.259288,0.25,True,19.441934,False,
RDL-n25-06,delay_penalty_cP,10,8,10000,0.1,0.4,0.997,100,430.939781,419.906062,9.996569,0.0,1.037151,2,0.08,1.0,0.0,0.0,0.259288,0.25,True,19.978858,False,
RDL-n25-06,delay_penalty_cP,20,8,10000,0.1,0.4,0.997,100,430.939781,419.906062,9.996569,0.0,1.037151,2,0.08,1.0,0.0,0.0,0.259288,0.25,True,19.509052,False,
RDL-n25-06,delay_penalty_cP,30,8,10000,0.1,0.4,0.997,100,430.939781,419.906062,9.996569,0.0,1.037151,2,0.08,1.0,0.0,0.0,0.259288,0.25,True,19.22202,False,
RDL-n25-06,delay_penalty_cP,50,8,10000,0.1,0.4,0.997,100,433.86335,427.316947,6.362012,0.0,0.184391,1,0.04,1.0,0.0,0.0,0.092195,0.125,True,19.884972,False,
RDL-n25-06,delay_penalty_cP,1,9,10000,0.1,0.4,0.997,100,425.210957,407.936108,12.724025,3.158294,1.39253,2,0.08,0.92,0.126332,2.329427,0.348132,0.25,True,19.863534,False,
RDL-n25-06,delay_penalty_cP,5,9,10000,0.1,0.4,0.997,100,430.939781,419.906062,9.996569,0.0,1.037151,2,0.08,1.0,0.0,0.0,0.259288,0.25,True,19.321867,False,
RDL-n25-06,delay_penalty_cP,10,9,10000,0.1,0.4,0.997,100,431.799643,420.765923,9.996569,0.0,1.037151,2,0.08,1.0,0.0,0.0,0.259288,0.25,True,19.753869,False,
RDL-n25-06,delay_penalty_cP,20,9,10000,0.1,0.4,0.997,100,430.939781,419.906062,9.996569,0.0,1.037151,2,0.08,1.0,0.0,0.0,0.259288,0.25,True,19.734216,False,
RDL-n25-06,delay_penalty_cP,30,9,10000,0.1,0.4,0.997,100,433.83503,408.680503,23.48343,0.0,1.671098,3,0.12,1.0,0.0,0.0,0.278516,0.375,True,20.012643,False,
RDL-n25-06,delay_penalty_cP,50,9,10000,0.1,0.4,0.997,100,430.939781,419.906062,9.996569,0.0,1.037151,2,0.08,1.0,0.0,0.0,0.259288,0.25,True,20.063884,False,
RDL-n25-06,delay_penalty_cP,1,10,10000,0.1,0.4,0.997,100,425.210957,407.936108,12.724025,3.158294,1.39253,2,0.08,0.92,0.126332,2.329427,0.348132,0.25,True,20.067233,False,
RDL-n25-06,delay_penalty_cP,5,10,10000,0.1,0.4,0.997,100,431.235566,416.057512,9.996569,4.144335,1.037151,2,0.08,0.96,0.033155,0.828867,0.259288,0.25,True,19.328173,False,
RDL-n25-06,delay_penalty_cP,10,10,10000,0.1,0.4,0.997,100,432.091013,421.057293,9.996569,0.0,1.037151,2,0.08,1.0,0.0,0.0,0.259288,0.25,True,19.245493,False,
RDL-n25-06,delay_penalty_cP,20,10,10000,0.1,0.4,0.997,100,432.521028,425.974625,6.362012,0.0,0.184391,1,0.04,1.0,0.0,0.0,0.092195,0.125,True,19.138218,False,
RDL-n25-06,delay_penalty_cP,30,10,10000,0.1,0.4,0.997,100,430.939781,419.906062,9.996569,0.0,1.037151,2,0.08,1.0,0.0,0.0,0.259288,0.25,True,19.421123,False,
RDL-n25-06,delay_penalty_cP,50,10,10000,0.1,0.4,0.997,100,430.939781,419.906062,9.996569,0.0,1.037151,2,0.08,1.0,0.0,0.0,0.259288,0.25,True,19.821586,False,
RDL-n25-06,drone_cost_cD,0.4,1,10000,0.1,0.4,0.997,100,412.382399,392.501363,16.604779,0.0,3.276256,6,0.24,1.0,0.0,0.0,0.273021,0.75,True,20.764464,False,
RDL-n25-06,drone_cost_cD,0.8,1,10000,0.1,0.4,0.997,100,428.940468,419.906062,7.997255,0.0,1.037151,2,0.08,1.0,0.0,0.0,0.259288,0.25,True,20.640169,False,
RDL-n25-06,drone_cost_cD,1.0,1,10000,0.1,0.4,0.997,100,432.521028,425.974625,6.362012,0.0,0.184391,1,0.04,1.0,0.0,0.0,0.092195,0.125,True,19.414962,False,
RDL-n25-06,drone_cost_cD,2.0,1,10000,0.1,0.4,0.997,100,438.893882,425.985467,12.724025,0.0,0.184391,1,0.04,1.0,0.0,0.0,0.092195,0.125,True,19.532219,False,
RDL-n25-06,drone_cost_cD,3.0,1,10000,0.1,0.4,0.997,100,443.159997,443.159997,0.0,0.0,0.0,0,0.0,1.0,0.0,0.0,0.0,0.0,True,20.115732,False,
RDL-n25-06,drone_cost_cD,4.0,1,10000,0.1,0.4,0.997,100,442.551771,442.551771,0.0,0.0,0.0,0,0.0,1.0,0.0,0.0,0.0,0.0,True,21.139448,False,
RDL-n25-06,drone_cost_cD,0.4,2,10000,0.1,0.4,0.997,100,412.382399,392.501363,16.604779,0.0,3.276256,6,0.24,1.0,0.0,0.0,0.273021,0.75,True,20.935715,False,
RDL-n25-06,drone_cost_cD,0.8,2,10000,0.1,0.4,0.997,100,431.248625,425.974625,5.08961,0.0,0.184391,1,0.04,1.0,0.0,0.0,0.092195,0.125,True,19.730758,False,
RDL-n25-06,drone_cost_cD,1.0,2,10000,0.1,0.4,0.997,100,430.133129,419.099409,9.996569,0.0,1.037151,2,0.08,1.0,0.0,0.0,0.259288,0.25,True,20.097895,False,
RDL-n25-06,drone_cost_cD,2.0,2,10000,0.1,0.4,0.997,100,439.616542,426.708126,12.724025,0.0,0.184391,1,0.04,1.0,0.0,0.0,0.092195,0.125,True,19.645489,False,
RDL-n25-06,drone_cost_cD,3.0,2,10000,0.1,0.4,0.997,100,442.749015,442.749015,0.0,0.0,0.0,0,0.0,1.0,0.0,0.0,0.0,0.0,True,20.127642,False,
RDL-n25-06,drone_cost_cD,4.0,2,10000,0.1,0.4,0.997,100,442.749015,442.749015,0.0,0.0,0.0,0,0.0,1.0,0.0,0.0,0.0,0.0,True,21.356863,False,
RDL-n25-06,drone_cost_cD,0.4,3,10000,0.1,0.4,0.997,100,412.382399,392.501363,16.604779,0.0,3.276256,6,0.24,1.0,0.0,0.0,0.273021,0.75,True,20.612556,False,
RDL-n25-06,drone_cost_cD,0.8,3,10000,0.1,0.4,0.997,100,431.056691,422.022285,7.997255,0.0,1.037151,2,0.08,1.0,0.0,0.0,0.259288,0.25,True,19.422247,False,
RDL-n25-06,drone_cost_cD,1.0,3,10000,0.1,0.4,0.997,100,430.939781,419.906062,9.996569,0.0,1.037151,2,0.08,1.0,0.0,0.0,0.259288,0.25,True,19.772295,False,
RDL-n25-06,drone_cost_cD,2.0,3,10000,0.1,0.4,0.997,100,438.88304,425.974625,12.724025,0.0,0.184391,1,0.04,1.0,0.0,0.0,0.092195,0.125,True,19.325467,False,
RDL-n25-06,drone_cost_cD,3.0,3,10000,0.1,0.4,0.997,100,445.136557,445.136557,0.0,0.0,0.0,0,0.0,1.0,0.0,0.0,0.0,0.0,True,19.862243,False,
RDL-n25-06,drone_cost_cD,4.0,3,10000,0.1,0.4,0.997,100,442.551771,442.551771,0.0,0.0,0.0,0,0.0,1.0,0.0,0.0,0.0,0.0,True,20.64494,False,
RDL-n25-06,drone_cost_cD,0.4,4,10000,0.1,0.4,0.997,100,413.573709,391.232841,17.981869,0.0,4.358999,7,0.28,1.0,0.0,0.0,0.311357,0.875,True,20.94482,False,
RDL-n25-06,drone_cost_cD,0.8,4,10000,0.1,0.4,0.997,100,428.940468,419.906062,7.997255,0.0,1.037151,2,0.08,1.0,0.0,0.0,0.259288,0.25,True,19.138672,False,
RDL-n25-06,drone_cost_cD,1.0,4,10000,0.1,0.4,0.997,100,433.83503,408.680503,23.48343,0.0,1.671098,3,0.12,1.0,0.0,0.0,0.278516,0.375,True,19.9424,False,
RDL-n25-06,drone_cost_cD,2.0,4,10000,0.1,0.4,0.997,100,438.88304,425.974625,12.724025,0.0,0.184391,1,0.04,1.0,0.0,0.0,0.092195,0.125,True,18.9275,False,
RDL-n25-06,drone_cost_cD,3.0,4,10000,0.1,0.4,0.997,100,442.749015,442.749015,0.0,0.0,0.0,0,0.0,1.0,0.0,0.0,0.0,0.0,True,20.486629,False,
RDL-n25-06,drone_cost_cD,4.0,4,10000,0.1,0.4,0.997,100,442.749015,442.749015,0.0,0.0,0.0,0,0.0,1.0,0.0,0.0,0.0,0.0,True,20.328625,False,
RDL-n25-06,drone_cost_cD,0.4,5,10000,0.1,0.4,0.997,100,413.573709,391.232841,17.981869,0.0,4.358999,7,0.28,1.0,0.0,0.0,0.311357,0.875,True,20.733665,False,
RDL-n25-06,drone_cost_cD,0.8,5,10000,0.1,0.4,0.997,100,428.05039,407.592548,18.786744,0.0,1.671098,3,0.12,1.0,0.0,0.0,0.278516,0.375,True,19.791848,False,
RDL-n25-06,drone_cost_cD,1.0,5,10000,0.1,0.4,0.997,100,433.86335,427.316947,6.362012,0.0,0.184391,1,0.04,1.0,0.0,0.0,0.092195,0.125,True,19.982385,False,
RDL-n25-06,drone_cost_cD,2.0,5,10000,0.1,0.4,0.997,100,438.893882,425.985467,12.724025,0.0,0.184391,1,0.04,1.0,0.0,0.0,0.092195,0.125,True,19.203233,False,
RDL-n25-06,drone_cost_cD,3.0,5,10000,0.1,0.4,0.997,100,442.749015,442.749015,0.0,0.0,0.0,0,0.0,1.0,0.0,0.0,0.0,0.0,True,20.231899,False,
RDL-n25-06,drone_cost_cD,4.0,5,10000,0.1,0.4,0.997,100,442.551771,442.551771,0.0,0.0,0.0,0,0.0,1.0,0.0,0.0,0.0,0.0,True,20.268539,False,
RDL-n25-06,drone_cost_cD,0.4,6,10000,0.1,0.4,0.997,100,417.405333,395.064465,17.981869,0.0,4.358999,7,0.28,1.0,0.0,0.0,0.311357,0.875,True,20.468548,False,
RDL-n25-06,drone_cost_cD,0.8,6,10000,0.1,0.4,0.997,100,428.940468,419.906062,7.997255,0.0,1.037151,2,0.08,1.0,0.0,0.0,0.259288,0.25,True,19.626981,False,
RDL-n25-06,drone_cost_cD,1.0,6,10000,0.1,0.4,0.997,100,430.939781,419.906062,9.996569,0.0,1.037151,2,0.08,1.0,0.0,0.0,0.259288,0.25,True,19.834572,False,
RDL-n25-06,drone_cost_cD,2.0,6,10000,0.1,0.4,0.997,100,438.389469,425.481054,12.724025,0.0,0.184391,1,0.04,1.0,0.0,0.0,0.092195,0.125,True,18.570469,False,
RDL-n25-06,drone_cost_cD,3.0,6,10000,0.1,0.4,0.997,100,444.751481,425.481054,19.086037,0.0,0.184391,1,0.04,1.0,0.0,0.0,0.092195,0.125,True,19.568787,False,
RDL-n25-06,drone_cost_cD,4.0,6,10000,0.1,0.4,0.997,100,443.067053,443.067053,0.0,0.0,0.0,0,0.0,1.0,0.0,0.0,0.0,0.0,True,20.418553,False,
RDL-n25-06,drone_cost_cD,0.4,7,10000,0.1,0.4,0.997,100,412.382399,392.501363,16.604779,0.0,3.276256,6,0.24,1.0,0.0,0.0,0.273021,0.75,True,20.370041,False,
RDL-n25-06,drone_cost_cD,0.8,7,10000,0.1,0.4,0.997,100,428.05039,407.592548,18.786744,0.0,1.671098,3,0.12,1.0,0.0,0.0,0.278516,0.375,True,20.177267,False,
RDL-n25-06,drone_cost_cD,1.0,7,10000,0.1,0.4,0.997,100,431.799643,420.765923,9.996569,0.0,1.037151,2,0.08,1.0,0.0,0.0,0.259288,0.25,True,19.170143,False,
RDL-n25-06,drone_cost_cD,2.0,7,10000,0.1,0.4,0.997,100,438.389469,425.481054,12.724025,0.0,0.184391,1,0.04,1.0,0.0,0.0,0.092195,0.125,True,19.239876,False,
RDL-n25-06,drone_cost_cD,3.0,7,10000,0.1,0.4,0.997,100,442.749015,442.749015,0.0,0.0,0.0,0,0.0,1.0,0.0,0.0,0.0,0.0,True,19.715783,False,
RDL-n25-06,drone_cost_cD,4.0,7,10000,0.1,0.4,0.997,100,442.749015,442.749015,0.0,0.0,0.0,0,0.0,1.0,0.0,0.0,0.0,0.0,True,20.634567,False,
RDL-n25-06,drone_cost_cD,0.4,8,10000,0.1,0.4,0.997,100,418.127478,404.756426,10.847194,0.0,2.523858,4,0.16,1.0,0.0,0.0,0.315482,0.5,True,20.961963,False,
RDL-n25-06,drone_cost_cD,0.8,8,10000,0.1,0.4,0.997,100,428.940468,419.906062,7.997255,0.0,1.037151,2,0.08,1.0,0.0,0.0,0.259288,0.25,True,19.469525,False,
RDL-n25-06,drone_cost_cD,1.0,8,10000,0.1,0.4,0.997,100,430.939781,419.906062,9.996569,0.0,1.037151,2,0.08,1.0,0.0,0.0,0.259288,0.25,True,19.916744,False,
RDL-n25-06,drone_cost_cD,2.0,8,10000,0.1,0.4,0.997,100,438.389469,425.481054,12.724025,0.0,0.184391,1,0.04,1.0,0.0,0.0,0.092195,0.125,True,19.106023,False,
RDL-n25-06,drone_cost_cD,3.0,8,10000,0.1,0.4,0.997,100,443.067053,443.067053,0.0,0.0,0.0,0,0.0,1.0,0.0,0.0,0.0,0.0,True,20.005772,False,
RDL-n25-06,drone_cost_cD,4.0,8,10000,0.1,0.4,0.997,100,443.358424,443.358424,0.0,0.0,0.0,0,0.0,1.0,0.0,0.0,0.0,0.0,True,20.615115,False,
RDL-n25-06,drone_cost_cD,0.4,9,10000,0.1,0.4,0.997,100,415.851096,395.150272,16.165206,0.0,4.535618,5,0.2,1.0,0.0,0.0,0.453562,0.625,True,20.85711,False,
RDL-n25-06,drone_cost_cD,0.8,9,10000,0.1,0.4,0.997,100,429.988334,409.530493,18.786744,0.0,1.671098,3,0.12,1.0,0.0,0.0,0.278516,0.375,True,19.837875,False,
RDL-n25-06,drone_cost_cD,1.0,9,10000,0.1,0.4,0.997,100,431.799643,420.765923,9.996569,0.0,1.037151,2,0.08,1.0,0.0,0.0,0.259288,0.25,True,19.768899,False,
RDL-n25-06,drone_cost_cD,2.0,9,10000,0.1,0.4,0.997,100,438.88304,425.974625,12.724025,0.0,0.184391,1,0.04,1.0,0.0,0.0,0.092195,0.125,True,19.17248,False,
RDL-n25-06,drone_cost_cD,3.0,9,10000,0.1,0.4,0.997,100,442.927907,442.927907,0.0,0.0,0.0,0,0.0,1.0,0.0,0.0,0.0,0.0,True,20.122121,False,
RDL-n25-06,drone_cost_cD,4.0,9,10000,0.1,0.4,0.997,100,442.749015,442.749015,0.0,0.0,0.0,0,0.0,1.0,0.0,0.0,0.0,0.0,True,20.533865,False,
RDL-n25-06,drone_cost_cD,0.4,10,10000,0.1,0.4,0.997,100,412.382399,392.501363,16.604779,0.0,3.276256,6,0.24,1.0,0.0,0.0,0.273021,0.75,True,20.413557,False,
RDL-n25-06,drone_cost_cD,0.8,10,10000,0.1,0.4,0.997,100,431.259468,425.985467,5.08961,0.0,0.184391,1,0.04,1.0,0.0,0.0,0.092195,0.125,True,19.533085,False,
RDL-n25-06,drone_cost_cD,1.0,10,10000,0.1,0.4,0.997,100,432.091013,421.057293,9.996569,0.0,1.037151,2,0.08,1.0,0.0,0.0,0.259288,0.25,True,19.247788,False,
RDL-n25-06,drone_cost_cD,2.0,10,10000,0.1,0.4,0.997,100,438.88304,425.974625,12.724025,0.0,0.184391,1,0.04,1.0,0.0,0.0,0.092195,0.125,True,19.263401,False,
RDL-n25-06,drone_cost_cD,3.0,10,10000,0.1,0.4,0.997,100,443.358424,443.358424,0.0,0.0,0.0,0,0.0,1.0,0.0,0.0,0.0,0.0,True,19.759444,False,
RDL-n25-06,drone_cost_cD,4.0,10,10000,0.1,0.4,0.997,100,442.749015,442.749015,0.0,0.0,0.0,0,0.0,1.0,0.0,0.0,0.0,0.0,True,20.576982,False,
RDL-n25-07,number_of_drones,0,1,10000,0.1,0.4,0.997,100,434.135614,434.135614,0.0,0.0,0.0,0,0.0,1.0,0.0,0.0,0.0,0.0,True,15.933076,False,
RDL-n25-07,number_of_drones,2,1,10000,0.1,0.4,0.997,100,429.859661,429.859661,0.0,0.0,0.0,0,0.0,1.0,0.0,0.0,0.0,0.0,True,18.499378,True,434.13561429913153
RDL-n25-07,number_of_drones,4,1,10000,0.1,0.4,0.997,100,421.016954,413.208865,7.002857,0.0,0.805233,1,0.04,1.0,0.0,0.0,0.402616,0.25,True,18.434193,True,429.85966062710776
RDL-n25-07,number_of_drones,6,1,10000,0.1,0.4,0.997,100,421.016954,413.208865,7.002857,0.0,0.805233,1,0.04,1.0,0.0,0.0,0.402616,0.166667,True,17.894309,True,421.0169543470353
RDL-n25-07,number_of_drones,8,1,10000,0.1,0.4,0.997,100,421.016954,413.208865,7.002857,0.0,0.805233,1,0.04,1.0,0.0,0.0,0.402616,0.125,True,18.990027,True,421.0169543470353
RDL-n25-07,number_of_drones,10,1,10000,0.1,0.4,0.997,100,421.016954,413.208865,7.002857,0.0,0.805233,1,0.04,1.0,0.0,0.0,0.402616,0.1,True,18.757033,True,421.0169543470353
RDL-n25-07,number_of_drones,12,1,10000,0.1,0.4,0.997,100,421.016954,413.208865,7.002857,0.0,0.805233,1,0.04,1.0,0.0,0.0,0.402616,0.083333,True,18.922524,True,421.0169543470353
RDL-n25-07,number_of_drones,0,2,10000,0.1,0.4,0.997,100,427.920949,427.920949,0.0,0.0,0.0,0,0.0,1.0,0.0,0.0,0.0,0.0,True,16.158635,False,
RDL-n25-07,number_of_drones,2,2,10000,0.1,0.4,0.997,100,427.920949,427.920949,0.0,0.0,0.0,0,0.0,1.0,0.0,0.0,0.0,0.0,True,18.365933,True,427.9209488029094
RDL-n25-07,number_of_drones,4,2,10000,0.1,0.4,0.997,100,427.920949,427.920949,0.0,0.0,0.0,0,0.0,1.0,0.0,0.0,0.0,0.0,True,18.446741,True,427.9209488029094
RDL-n25-07,number_of_drones,6,2,10000,0.1,0.4,0.997,100,427.920949,427.920949,0.0,0.0,0.0,0,0.0,1.0,0.0,0.0,0.0,0.0,True,18.726176,True,427.9209488029094
RDL-n25-07,number_of_drones,8,2,10000,0.1,0.4,0.997,100,427.406812,359.829881,62.384721,0.0,5.19221,5,0.2,1.0,0.0,0.0,0.519221,0.625,True,18.87273,True,427.9209488029094
RDL-n25-07,number_of_drones,10,2,10000,0.1,0.4,0.997,100,415.439244,352.703543,57.388563,0.0,5.347138,4,0.16,1.0,0.0,0.0,0.668392,0.4,True,18.981364,True,427.4068115073756
RDL-n25-07,number_of_drones,12,2,10000,0.1,0.4,0.997,100,413.620143,350.884442,57.388563,0.0,5.347138,4,0.16,1.0,0.0,0.0,0.668392,0.333333,True,18.640039,True,415.43924380177856
RDL-n25-07,number_of_drones,0,3,10000,0.1,0.4,0.997,100,427.920949,427.920949,0.0,0.0,0.0,0,0.0,1.0,0.0,0.0,0.0,0.0,True,15.985906,False,
RDL-n25-07,number_of_drones,2,3,10000,0.1,0.4,0.997,100,427.920949,427.920949,0.0,0.0,0.0,0,0.0,1.0,0.0,0.0,0.0,0.0,True,18.071496,True,427.92094880290944
RDL-n25-07,number_of_drones,4,3,10000,0.1,0.4,0.997,100,427.920949,427.920949,0.0,0.0,0.0,0,0.0,1.0,0.0,0.0,0.0,0.0,True,18.104916,True,427.92094880290944
RDL-n25-07,number_of_drones,6,3,10000,0.1,0.4,0.997,100,427.920949,427.920949,0.0,0.0,0.0,0,0.0,1.0,0.0,0.0,0.0,0.0,True,18.755457,True,427.92094880290944
RDL-n25-07,number_of_drones,8,3,10000,0.1,0.4,0.997,100,414.036028,351.804541,57.388563,0.0,4.842925,4,0.16,1.0,0.0,0.0,0.605366,0.5,True,18.461498,True,427.92094880290944
RDL-n25-07,number_of_drones,10,3,10000,0.1,0.4,0.997,100,413.0287,350.797212,57.388563,0.0,4.842925,4,0.16,1.0,0.0,0.0,0.605366,0.4,True,18.535015,True,414.03602818868745
RDL-n25-07,number_of_drones,12,3,10000,0.1,0.4,0.997,100,413.0287,350.797212,57.388563,0.0,4.842925,4,0.16,1.0,0.0,0.0,0.605366,0.333333,True,18.579301,True,413.0286996076316
RDL-n25-07,number_of_drones,0,4,10000,0.1,0.4,0.997,100,428.26876,428.26876,0.0,0.0,0.0,0,0.0,1.0,0.0,0.0,0.0,0.0,True,15.939271,False,
RDL-n25-07,number_of_drones,2,4,10000,0.1,0.4,0.997,100,427.920949,427.920949,0.0,0.0,0.0,0,0.0,1.0,0.0,0.0,0.0,0.0,True,18.396484,True,428.268759513178
RDL-n25-07,number_of_drones,4,4,10000,0.1,0.4,0.997,100,427.920949,427.920949,0.0,0.0,0.0,0,0.0,1.0,0.0,0.0,0.0,0.0,True,18.686139,True,427.9209488029093
RDL-n25-07,number_of_drones,6,4,10000,0.1,0.4,0.997,100,417.949226,410.180343,4.996159,0.0,2.772724,1,0.04,1.0,0.0,0.0,1.386362,0.166667,True,19.070205,True,427.9209488029093
RDL-n25-07,number_of_drones,8,4,10000,0.1,0.4,0.997,100,415.681177,407.912294,4.996159,0.0,2.772724,1,0.04,1.0,0.0,0.0,1.386362,0.125,True,18.453446,True,417.94922577046987
RDL-n25-07,number_of_drones,10,4,10000,0.1,0.4,0.997,100,415.299745,407.530862,4.996159,0.0,2.772724,1,0.04,1.0,0.0,0.0,1.386362,0.1,True,18.027308,True,415.68117683515203
RDL-n25-07,number_of_drones,12,4,10000,0.1,0.4,0.997,100,415.299745,407.530862,4.996159,0.0,2.772724,1,0.04,1.0,0.0,0.0,1.386362,0.083333,True,17.990479,True,415.29974490075386
RDL-n25-07,number_of_drones,0,5,10000,0.1,0.4,0.997,100,427.920949,427.920949,0.0,0.0,0.0,0,0.0,1.0,0.0,0.0,0.0,0.0,True,14.818308,False,
RDL-n25-07,number_of_drones,2,5,10000,0.1,0.4,0.997,100,427.920949,427.920949,0.0,0.0,0.0,0,0.0,1.0,0.0,0.0,0.0,0.0,True,17.163955,True,427.9209488029094
RDL-n25-07,number_of_drones,4,5,10000,0.1,0.4,0.997,100,415.333987,407.565104,4.996159,0.0,2.772724,1,0.04,1.0,0.0,0.0,1.386362,0.25,True,17.455637,True,427.9209488029094
RDL-n25-07,number_of_drones,6,5,10000,0.1,0.4,0.997,100,415.333987,407.565104,4.996159,0.0,2.772724,1,0.04,1.0,0.0,0.0,1.386362,0.166667,True,17.583739,True,415.33398653615757
RDL-n25-07,number_of_drones,8,5,10000,0.1,0.4,0.997,100,415.333987,407.565104,4.996159,0.0,2.772724,1,0.04,1.0,0.0,0.0,1.386362,0.125,True,17.45572,True,415.33398653615757
RDL-n25-07,number_of_drones,10,5,10000,0.1,0.4,0.997,100,415.333987,407.565104,4.996159,0.0,2.772724,1,0.04,1.0,0.0,0.0,1.386362,0.1,True,17.516225,True,415.33398653615757
RDL-n25-07,number_of_drones,12,5,10000,0.1,0.4,0.997,100,415.333987,407.565104,4.996159,0.0,2.772724,1,0.04,1.0,0.0,0.0,1.386362,0.083333,True,17.668595,True,415.33398653615757
RDL-n25-07,number_of_drones,0,6,10000,0.1,0.4,0.997,100,427.920949,427.920949,0.0,0.0,0.0,0,0.0,1.0,0.0,0.0,0.0,0.0,True,14.734026,False,
RDL-n25-07,number_of_drones,2,6,10000,0.1,0.4,0.997,100,427.920949,427.920949,0.0,0.0,0.0,0,0.0,1.0,0.0,0.0,0.0,0.0,True,17.083807,True,427.9209488029095
RDL-n25-07,number_of_drones,4,6,10000,0.1,0.4,0.997,100,423.987474,363.675213,57.388563,0.0,2.923699,4,0.16,1.0,0.0,0.0,0.365462,1.0,True,16.675303,True,427.9209488029095
RDL-n25-07,number_of_drones,6,6,10000,0.1,0.4,0.997,100,423.987474,363.675213,57.388563,0.0,2.923699,4,0.16,1.0,0.0,0.0,0.365462,0.666667,True,17.345201,True,423.98747427483477
RDL-n25-07,number_of_drones,8,6,10000,0.1,0.4,0.997,100,423.987474,363.675213,57.388563,0.0,2.923699,4,0.16,1.0,0.0,0.0,0.365462,0.5,True,17.499505,True,423.98747427483477
RDL-n25-07,number_of_drones,10,6,10000,0.1,0.4,0.997,100,423.987474,363.675213,57.388563,0.0,2.923699,4,0.16,1.0,0.0,0.0,0.365462,0.4,True,17.49053,True,423.98747427483477
RDL-n25-07,number_of_drones,12,6,10000,0.1,0.4,0.997,100,423.987474,363.675213,57.388563,0.0,2.923699,4,0.16,1.0,0.0,0.0,0.365462,0.333333,True,17.370447,True,423.98747427483477
RDL-n25-07,number_of_drones,0,7,10000,0.1,0.4,0.997,100,427.920949,427.920949,0.0,0.0,0.0,0,0.0,1.0,0.0,0.0,0.0,0.0,True,14.768494,False,
RDL-n25-07,number_of_drones,2,7,10000,0.1,0.4,0.997,100,427.920949,427.920949,0.0,0.0,0.0,0,0.0,1.0,0.0,0.0,0.0,0.0,True,16.513877,True,427.92094880290944
RDL-n25-07,number_of_drones,4,7,10000,0.1,0.4,0.997,100,427.920949,427.920949,0.0,0.0,0.0,0,0.0,1.0,0.0,0.0,0.0,0.0,True,17.21031,True,427.92094880290944
RDL-n25-07,number_of_drones,6,7,10000,0.1,0.4,0.997,100,427.920949,427.920949,0.0,0.0,0.0,0,0.0,1.0,0.0,0.0,0.0,0.0,True,17.417954,True,427.92094880290944
RDL-n25-07,number_of_drones,8,7,10000,0.1,0.4,0.997,100,427.920949,427.920949,0.0,0.0,0.0,0,0.0,1.0,0.0,0.0,0.0,0.0,True,17.269222,True,427.92094880290944
RDL-n25-07,number_of_drones,10,7,10000,0.1,0.4,0.997,100,427.920949,427.920949,0.0,0.0,0.0,0,0.0,1.0,0.0,0.0,0.0,0.0,True,17.376347,True,427.92094880290944
RDL-n25-07,number_of_drones,12,7,10000,0.1,0.4,0.997,100,427.920949,427.920949,0.0,0.0,0.0,0,0.0,1.0,0.0,0.0,0.0,0.0,True,17.463805,True,427.92094880290944
RDL-n25-07,number_of_drones,0,8,10000,0.1,0.4,0.997,100,427.920949,427.920949,0.0,0.0,0.0,0,0.0,1.0,0.0,0.0,0.0,0.0,True,14.988321,False,
RDL-n25-07,number_of_drones,2,8,10000,0.1,0.4,0.997,100,427.920949,427.920949,0.0,0.0,0.0,0,0.0,1.0,0.0,0.0,0.0,0.0,True,17.218848,True,427.9209488029095
RDL-n25-07,number_of_drones,4,8,10000,0.1,0.4,0.997,100,422.215142,414.446259,4.996159,0.0,2.772724,1,0.04,1.0,0.0,0.0,1.386362,0.25,True,16.910776,True,427.9209488029095
RDL-n25-07,number_of_drones,6,8,10000,0.1,0.4,0.997,100,418.925593,411.15671,4.996159,0.0,2.772724,1,0.04,1.0,0.0,0.0,1.386362,0.166667,True,17.361333,True,422.2151421349517
RDL-n25-07,number_of_drones,8,8,10000,0.1,0.4,0.997,100,415.299745,407.530862,4.996159,0.0,2.772724,1,0.04,1.0,0.0,0.0,1.386362,0.125,True,17.053108,True,418.9255925715983
RDL-n25-07,number_of_drones,10,8,10000,0.1,0.4,0.997,100,415.299745,407.530862,4.996159,0.0,2.772724,1,0.04,1.0,0.0,0.0,1.386362,0.1,True,17.53455,True,415.2997449007539
RDL-n25-07,number_of_drones,12,8,10000,0.1,0.4,0.997,100,415.299745,407.530862,4.996159,0.0,2.772724,1,0.04,1.0,0.0,0.0,1.386362,0.083333,True,17.707137,True,415.2997449007539
RDL-n25-07,number_of_drones,0,9,10000,0.1,0.4,0.997,100,428.26876,428.26876,0.0,0.0,0.0,0,0.0,1.0,0.0,0.0,0.0,0.0,True,14.968837,False,
RDL-n25-07,number_of_drones,2,9,10000,0.1,0.4,0.997,100,427.920949,427.920949,0.0,0.0,0.0,0,0.0,1.0,0.0,0.0,0.0,0.0,True,16.603372,True,428.268759513178
RDL-n25-07,number_of_drones,4,9,10000,0.1,0.4,0.997,100,415.299745,407.530862,4.996159,0.0,2.772724,1,0.04,1.0,0.0,0.0,1.386362,0.25,True,16.698479,True,427.9209488029093
RDL-n25-07,number_of_drones,6,9,10000,0.1,0.4,0.997,100,415.299745,407.530862,4.996159,0.0,2.772724,1,0.04,1.0,0.0,0.0,1.386362,0.166667,True,16.874903,True,415.29974490075375
RDL-n25-07,number_of_drones,8,9,10000,0.1,0.4,0.997,100,415.299745,407.530862,4.996159,0.0,2.772724,1,0.04,1.0,0.0,0.0,1.386362,0.125,True,16.927938,True,415.29974490075375
RDL-n25-07,number_of_drones,10,9,10000,0.1,0.4,0.997,100,415.299745,407.530862,4.996159,0.0,2.772724,1,0.04,1.0,0.0,0.0,1.386362,0.1,True,16.774997,True,415.29974490075375
RDL-n25-07,number_of_drones,12,9,10000,0.1,0.4,0.997,100,415.299745,407.530862,4.996159,0.0,2.772724,1,0.04,1.0,0.0,0.0,1.386362,0.083333,True,16.813711,True,415.29974490075375
RDL-n25-07,number_of_drones,0,10,10000,0.1,0.4,0.997,100,427.920949,427.920949,0.0,0.0,0.0,0,0.0,1.0,0.0,0.0,0.0,0.0,True,15.010049,False,
RDL-n25-07,number_of_drones,2,10,10000,0.1,0.4,0.997,100,427.920949,427.920949,0.0,0.0,0.0,0,0.0,1.0,0.0,0.0,0.0,0.0,True,16.595438,True,427.9209488029094
RDL-n25-07,number_of_drones,4,10,10000,0.1,0.4,0.997,100,427.920949,427.920949,0.0,0.0,0.0,0,0.0,1.0,0.0,0.0,0.0,0.0,True,17.33421,True,427.9209488029094
RDL-n25-07,number_of_drones,6,10,10000,0.1,0.4,0.997,100,427.920949,427.920949,0.0,0.0,0.0,0,0.0,1.0,0.0,0.0,0.0,0.0,True,17.643623,True,427.9209488029094
RDL-n25-07,number_of_drones,8,10,10000,0.1,0.4,0.997,100,415.333987,407.565104,4.996159,0.0,2.772724,1,0.04,1.0,0.0,0.0,1.386362,0.125,True,17.748837,True,427.9209488029094
RDL-n25-07,number_of_drones,10,10,10000,0.1,0.4,0.997,100,415.333987,407.565104,4.996159,0.0,2.772724,1,0.04,1.0,0.0,0.0,1.386362,0.1,True,16.511526,True,415.3339865361576
RDL-n25-07,number_of_drones,12,10,10000,0.1,0.4,0.997,100,415.333987,407.565104,4.996159,0.0,2.772724,1,0.04,1.0,0.0,0.0,1.386362,0.083333,True,18.210634,True,415.3339865361576
RDL-n25-07,drone_range,8,1,10000,0.1,0.4,0.997,100,415.299745,407.530862,4.996159,0.0,2.772724,1,0.04,1.0,0.0,0.0,1.386362,0.125,True,20.161756,False,
RDL-n25-07,drone_range,12,1,10000,0.1,0.4,0.997,100,415.299745,407.530862,4.996159,0.0,2.772724,1,0.04,1.0,0.0,0.0,1.386362,0.125,True,20.319022,True,415.2997449007539
RDL-n25-07,drone_range,16,1,10000,0.1,0.4,0.997,100,415.299745,407.530862,4.996159,0.0,2.772724,1,0.04,1.0,0.0,0.0,1.386362,0.125,True,20.446497,True,415.2997449007539
RDL-n25-07,drone_range,20,1,10000,0.1,0.4,0.997,100,415.299745,407.530862,4.996159,0.0,2.772724,1,0.04,1.0,0.0,0.0,1.386362,0.125,True,19.203331,True,415.2997449007539
RDL-n25-07,drone_range,24,1,10000,0.1,0.4,0.997,100,415.299745,407.530862,4.996159,0.0,2.772724,1,0.04,1.0,0.0,0.0,1.386362,0.125,True,19.231761,True,415.2997449007539
RDL-n25-07,drone_range,30,1,10000,0.1,0.4,0.997,100,415.299745,407.530862,4.996159,0.0,2.772724,1,0.04,1.0,0.0,0.0,1.386362,0.125,True,19.220954,True,415.2997449007539
RDL-n25-07,drone_range,8,2,10000,0.1,0.4,0.997,100,432.124528,432.124528,0.0,0.0,0.0,0,0.0,1.0,0.0,0.0,0.0,0.0,True,20.644634,False,
RDL-n25-07,drone_range,12,2,10000,0.1,0.4,0.997,100,427.920949,427.920949,0.0,0.0,0.0,0,0.0,1.0,0.0,0.0,0.0,0.0,True,20.707932,True,432.1245281213776
RDL-n25-07,drone_range,16,2,10000,0.1,0.4,0.997,100,427.920949,427.920949,0.0,0.0,0.0,0,0.0,1.0,0.0,0.0,0.0,0.0,True,20.602773,True,427.9209488029093
RDL-n25-07,drone_range,20,2,10000,0.1,0.4,0.997,100,416.755773,353.639351,57.388563,0.0,5.727859,4,0.16,1.0,0.0,0.0,0.715982,0.5,True,19.380023,True,427.9209488029093
RDL-n25-07,drone_range,24,2,10000,0.1,0.4,0.997,100,416.755773,353.639351,57.388563,0.0,5.727859,4,0.16,1.0,0.0,0.0,0.715982,0.5,True,19.130941,True,416.7557728388206
RDL-n25-07,drone_range,30,2,10000,0.1,0.4,0.997,100,416.755773,353.639351,57.388563,0.0,5.727859,4,0.16,1.0,0.0,0.0,0.715982,0.5,True,19.10671,True,416.7557728388206
RDL-n25-07,drone_range,8,3,10000,0.1,0.4,0.997,100,427.920949,427.920949,0.0,0.0,0.0,0,0.0,1.0,0.0,0.0,0.0,0.0,True,20.759104,False,
RDL-n25-07,drone_range,12,3,10000,0.1,0.4,0.997,100,427.920949,427.920949,0.0,0.0,0.0,0,0.0,1.0,0.0,0.0,0.0,0.0,True,20.484489,True,427.9209488029094
RDL-n25-07,drone_range,16,3,10000,0.1,0.4,0.997,100,427.920949,427.920949,0.0,0.0,0.0,0,0.0,1.0,0.0,0.0,0.0,0.0,True,20.564914,True,427.9209488029094
RDL-n25-07,drone_range,20,3,10000,0.1,0.4,0.997,100,418.297036,410.528154,4.996159,0.0,2.772724,1,0.04,1.0,0.0,0.0,1.386362,0.125,True,19.564198,True,427.9209488029094
RDL-n25-07,drone_range,24,3,10000,0.1,0.4,0.997,100,417.949226,410.180343,4.996159,0.0,2.772724,1,0.04,1.0,0.0,0.0,1.386362,0.125,True,19.407696,True,418.2970364807385
RDL-n25-07,drone_range,30,3,10000,0.1,0.4,0.997,100,417.949226,410.180343,4.996159,0.0,2.772724,1,0.04,1.0,0.0,0.0,1.386362,0.125,True,18.960079,True,417.94922577046987
RDL-n25-07,drone_range,8,4,10000,0.1,0.4,0.997,100,428.30345,428.30345,0.0,0.0,0.0,0,0.0,1.0,0.0,0.0,0.0,0.0,True,20.178241,False,
RDL-n25-07,drone_range,12,4,10000,0.1,0.4,0.997,100,427.920949,427.920949,0.0,0.0,0.0,0,0.0,1.0,0.0,0.0,0.0,0.0,True,20.670409,True,428.30344989841626
RDL-n25-07,drone_range,16,4,10000,0.1,0.4,0.997,100,415.299745,407.530862,4.996159,0.0,2.772724,1,0.04,1.0,0.0,0.0,1.386362,0.125,True,20.417716,True,427.9209488029093
RDL-n25-07,drone_range,20,4,10000,0.1,0.4,0.997,100,415.299745,407.530862,4.996159,0.0,2.772724,1,0.04,1.0,0.0,0.0,1.386362,0.125,True,19.387604,True,415.2997449007538
RDL-n25-07,drone_range,24,4,10000,0.1,0.4,0.997,100,415.299745,407.530862,4.996159,0.0,2.772724,1,0.04,1.0,0.0,0.0,1.386362,0.125,True,19.384644,True,415.2997449007538
RDL-n25-07,drone_range,30,4,10000,0.1,0.4,0.997,100,415.299745,407.530862,4.996159,0.0,2.772724,1,0.04,1.0,0.0,0.0,1.386362,0.125,True,19.306185,True,415.2997449007538
RDL-n25-07,drone_range,8,5,10000,0.1,0.4,0.997,100,428.179059,428.179059,0.0,0.0,0.0,0,0.0,1.0,0.0,0.0,0.0,0.0,True,20.592404,False,
RDL-n25-07,drone_range,12,5,10000,0.1,0.4,0.997,100,418.697864,410.928981,4.996159,0.0,2.772724,1,0.04,1.0,0.0,0.0,1.386362,0.125,True,19.922539,True,428.17905914235564
RDL-n25-07,drone_range,16,5,10000,0.1,0.4,0.997,100,417.983467,410.214585,4.996159,0.0,2.772724,1,0.04,1.0,0.0,0.0,1.386362,0.125,True,19.967992,True,418.69786386376796
RDL-n25-07,drone_range,20,5,10000,0.1,0.4,0.997,100,415.333987,407.565104,4.996159,0.0,2.772724,1,0.04,1.0,0.0,0.0,1.386362,0.125,True,19.244723,True,417.9834674058735
RDL-n25-07,drone_range,24,5,10000,0.1,0.4,0.997,100,415.299745,407.530862,4.996159,0.0,2.772724,1,0.04,1.0,0.0,0.0,1.386362,0.125,True,19.223169,True,415.3339865361576
RDL-n25-07,drone_range,30,5,10000,0.1,0.4,0.997,100,415.299745,407.530862,4.996159,0.0,2.772724,1,0.04,1.0,0.0,0.0,1.386362,0.125,True,18.835589,True,415.2997449007539
RDL-n25-07,drone_range,8,6,10000,0.1,0.4,0.997,100,428.26876,428.26876,0.0,0.0,0.0,0,0.0,1.0,0.0,0.0,0.0,0.0,True,20.422058,False,
RDL-n25-07,drone_range,12,6,10000,0.1,0.4,0.997,100,415.333987,407.565104,4.996159,0.0,2.772724,1,0.04,1.0,0.0,0.0,1.386362,0.125,True,19.685851,True,428.2687595131781
RDL-n25-07,drone_range,16,6,10000,0.1,0.4,0.997,100,415.333987,407.565104,4.996159,0.0,2.772724,1,0.04,1.0,0.0,0.0,1.386362,0.125,True,19.863068,True,415.33398653615757
RDL-n25-07,drone_range,20,6,10000,0.1,0.4,0.997,100,415.333987,407.565104,4.996159,0.0,2.772724,1,0.04,1.0,0.0,0.0,1.386362,0.125,True,19.426575,True,415.33398653615757
RDL-n25-07,drone_range,24,6,10000,0.1,0.4,0.997,100,415.333987,407.565104,4.996159,0.0,2.772724,1,0.04,1.0,0.0,0.0,1.386362,0.125,True,19.445342,True,415.33398653615757
RDL-n25-07,drone_range,30,6,10000,0.1,0.4,0.997,100,415.333987,407.565104,4.996159,0.0,2.772724,1,0.04,1.0,0.0,0.0,1.386362,0.125,True,19.427214,True,415.33398653615757
RDL-n25-07,drone_range,8,7,10000,0.1,0.4,0.997,100,415.458377,407.689494,4.996159,0.0,2.772724,1,0.04,1.0,0.0,0.0,1.386362,0.125,True,20.045527,False,
RDL-n25-07,drone_range,12,7,10000,0.1,0.4,0.997,100,415.299745,407.530862,4.996159,0.0,2.772724,1,0.04,1.0,0.0,0.0,1.386362,0.125,True,19.962015,True,415.4583772922181
RDL-n25-07,drone_range,16,7,10000,0.1,0.4,0.997,100,415.299745,407.530862,4.996159,0.0,2.772724,1,0.04,1.0,0.0,0.0,1.386362,0.125,True,19.475465,True,415.29974490075375
RDL-n25-07,drone_range,20,7,10000,0.1,0.4,0.997,100,415.299745,407.530862,4.996159,0.0,2.772724,1,0.04,1.0,0.0,0.0,1.386362,0.125,True,19.319256,True,415.29974490075375
RDL-n25-07,drone_range,24,7,10000,0.1,0.4,0.997,100,415.299745,407.530862,4.996159,0.0,2.772724,1,0.04,1.0,0.0,0.0,1.386362,0.125,True,19.34855,True,415.29974490075375
RDL-n25-07,drone_range,30,7,10000,0.1,0.4,0.997,100,415.299745,407.530862,4.996159,0.0,2.772724,1,0.04,1.0,0.0,0.0,1.386362,0.125,True,19.28763,True,415.29974490075375
RDL-n25-07,drone_range,8,8,10000,0.1,0.4,0.997,100,428.26876,428.26876,0.0,0.0,0.0,0,0.0,1.0,0.0,0.0,0.0,0.0,True,20.527169,False,
RDL-n25-07,drone_range,12,8,10000,0.1,0.4,0.997,100,427.920949,427.920949,0.0,0.0,0.0,0,0.0,1.0,0.0,0.0,0.0,0.0,True,20.330836,True,428.2687595131781
RDL-n25-07,drone_range,16,8,10000,0.1,0.4,0.997,100,427.256038,414.141711,9.992317,0.0,3.122009,2,0.08,1.0,0.0,0.0,0.780502,0.25,True,20.239894,True,427.9209488029094
RDL-n25-07,drone_range,20,8,10000,0.1,0.4,0.997,100,415.299745,407.530862,4.996159,0.0,2.772724,1,0.04,1.0,0.0,0.0,1.386362,0.125,True,18.793999,True,427.2560376799318
RDL-n25-07,drone_range,24,8,10000,0.1,0.4,0.997,100,415.299745,407.530862,4.996159,0.0,2.772724,1,0.04,1.0,0.0,0.0,1.386362,0.125,True,19.862916,True,415.2997449007539
RDL-n25-07,drone_range,30,8,10000,0.1,0.4,0.997,100,415.299745,407.530862,4.996159,0.0,2.772724,1,0.04,1.0,0.0,0.0,1.386362,0.125,True,19.295271,True,415.2997449007539
RDL-n25-07,drone_range,8,9,10000,0.1,0.4,0.997,100,415.500121,407.731238,4.996159,0.0,2.772724,1,0.04,1.0,0.0,0.0,1.386362,0.125,True,20.065294,False,
RDL-n25-07,drone_range,12,9,10000,0.1,0.4,0.997,100,415.333987,407.565104,4.996159,0.0,2.772724,1,0.04,1.0,0.0,0.0,1.386362,0.125,True,19.910135,True,415.50012062055066
RDL-n25-07,drone_range,16,9,10000,0.1,0.4,0.997,100,415.333987,407.565104,4.996159,0.0,2.772724,1,0.04,1.0,0.0,0.0,1.386362,0.125,True,19.995827,True,415.33398653615745
RDL-n25-07,drone_range,20,9,10000,0.1,0.4,0.997,100,415.299745,407.530862,4.996159,0.0,2.772724,1,0.04,1.0,0.0,0.0,1.386362,0.125,True,18.957564,True,415.33398653615745
RDL-n25-07,drone_range,24,9,10000,0.1,0.4,0.997,100,415.299745,407.530862,4.996159,0.0,2.772724,1,0.04,1.0,0.0,0.0,1.386362,0.125,True,19.174649,True,415.29974490075386
RDL-n25-07,drone_range,30,9,10000,0.1,0.4,0.997,100,415.299745,407.530862,4.996159,0.0,2.772724,1,0.04,1.0,0.0,0.0,1.386362,0.125,True,18.971873,True,415.29974490075386
RDL-n25-07,drone_range,8,10,10000,0.1,0.4,0.997,100,415.333987,407.565104,4.996159,0.0,2.772724,1,0.04,1.0,0.0,0.0,1.386362,0.125,True,20.168869,False,
RDL-n25-07,drone_range,12,10,10000,0.1,0.4,0.997,100,415.333987,407.565104,4.996159,0.0,2.772724,1,0.04,1.0,0.0,0.0,1.386362,0.125,True,20.499414,True,415.33398653615745
RDL-n25-07,drone_range,16,10,10000,0.1,0.4,0.997,100,415.333987,407.565104,4.996159,0.0,2.772724,1,0.04,1.0,0.0,0.0,1.386362,0.125,True,20.530788,True,415.33398653615745
RDL-n25-07,drone_range,20,10,10000,0.1,0.4,0.997,100,415.333987,407.565104,4.996159,0.0,2.772724,1,0.04,1.0,0.0,0.0,1.386362,0.125,True,18.964701,True,415.33398653615745
RDL-n25-07,drone_range,24,10,10000,0.1,0.4,0.997,100,415.333987,407.565104,4.996159,0.0,2.772724,1,0.04,1.0,0.0,0.0,1.386362,0.125,True,19.059908,True,415.33398653615745
RDL-n25-07,drone_range,30,10,10000,0.1,0.4,0.997,100,415.333987,407.565104,4.996159,0.0,2.772724,1,0.04,1.0,0.0,0.0,1.386362,0.125,True,19.029522,True,415.33398653615745
RDL-n25-07,number_of_lockers,2,1,10000,0.1,0.4,0.997,100,428.26876,428.26876,0.0,0.0,0.0,0,0.0,1.0,0.0,0.0,0.0,0.0,True,15.646156,False,
RDL-n25-07,number_of_lockers,3,1,10000,0.1,0.4,0.997,100,424.346937,416.538847,7.002857,0.0,0.805233,1,0.04,1.0,0.0,0.0,0.402616,0.125,True,17.512449,True,428.26875951317805
RDL-n25-07,number_of_lockers,4,1,10000,0.1,0.4,0.997,100,415.93808,408.169198,4.996159,0.0,2.772724,1,0.04,1.0,0.0,0.0,1.386362,0.125,True,18.782063,True,424.3469366939643
RDL-n25-07,number_of_lockers,5,1,10000,0.1,0.4,0.997,100,415.299745,407.530862,4.996159,0.0,2.772724,1,0.04,1.0,0.0,0.0,1.386362,0.125,True,19.04613,True,415.93808045147614
RDL-n25-07,number_of_lockers,6,1,10000,0.1,0.4,0.997,100,415.299745,407.530862,4.996159,0.0,2.772724,1,0.04,1.0,0.0,0.0,1.386362,0.125,True,18.810394,True,415.2997449007539
RDL-n25-07,number_of_lockers,8,1,10000,0.1,0.4,0.997,100,415.299745,407.530862,4.996159,0.0,2.772724,1,0.04,1.0,0.0,0.0,1.386362,0.125,True,18.78633,True,415.2997449007539
RDL-n25-07,number_of_lockers,10,1,10000,0.1,0.4,0.997,100,415.299745,407.530862,4.996159,0.0,2.772724,1,0.04,1.0,0.0,0.0,1.386362,0.125,True,18.954443,True,415.2997449007539
RDL-n25-07,number_of_lockers,2,2,10000,0.1,0.4,0.997,100,432.124528,432.124528,0.0,0.0,0.0,0,0.0,1.0,0.0,0.0,0.0,0.0,True,16.087661,False,
RDL-n25-07,number_of_lockers,3,2,10000,0.1,0.4,0.997,100,428.62366,373.656841,52.392404,0.0,2.574414,3,0.12,1.0,0.0,0.0,0.429069,0.375,True,17.667464,True,432.12452812137775
RDL-n25-07,number_of_lockers,4,2,10000,0.1,0.4,0.997,100,421.978504,359.203597,59.395261,0.0,3.379647,4,0.16,1.0,0.0,0.0,0.422456,0.5,True,18.912687,True,428.6236595818659
RDL-n25-07,number_of_lockers,5,2,10000,0.1,0.4,0.997,100,419.679197,356.904289,59.395261,0.0,3.379647,4,0.16,1.0,0.0,0.0,0.422456,0.5,True,19.140874,True,421.97850443989626
RDL-n25-07,number_of_lockers,6,2,10000,0.1,0.4,0.997,100,419.679197,356.904289,59.395261,0.0,3.379647,4,0.16,1.0,0.0,0.0,0.422456,0.5,True,18.944292,True,419.6791966186304
RDL-n25-07,number_of_lockers,8,2,10000,0.1,0.4,0.997,100,419.679197,356.904289,59.395261,0.0,3.379647,4,0.16,1.0,0.0,0.0,0.422456,0.5,True,18.972366,True,419.6791966186304
RDL-n25-07,number_of_lockers,10,2,10000,0.1,0.4,0.997,100,415.333987,407.565104,4.996159,0.0,2.772724,1,0.04,1.0,0.0,0.0,1.386362,0.125,True,19.111402,True,419.6791966186304
RDL-n25-07,number_of_lockers,2,3,10000,0.1,0.4,0.997,100,427.920949,427.920949,0.0,0.0,0.0,0,0.0,1.0,0.0,0.0,0.0,0.0,True,16.082755,False,
RDL-n25-07,number_of_lockers,3,3,10000,0.1,0.4,0.997,100,421.993321,414.185232,7.002857,0.0,0.805233,1,0.04,1.0,0.0,0.0,0.402616,0.125,True,17.027234,True,427.9209488029094
RDL-n25-07,number_of_lockers,4,3,10000,0.1,0.4,0.997,100,415.299745,407.530862,4.996159,0.0,2.772724,1,0.04,1.0,0.0,0.0,1.386362,0.125,True,18.916889,True,421.9933211481637
RDL-n25-07,number_of_lockers,5,3,10000,0.1,0.4,0.997,100,415.299745,407.530862,4.996159,0.0,2.772724,1,0.04,1.0,0.0,0.0,1.386362,0.125,True,18.56871,True,415.2997449007539
RDL-n25-07,number_of_lockers,6,3,10000,0.1,0.4,0.997,100,415.299745,407.530862,4.996159,0.0,2.772724,1,0.04,1.0,0.0,0.0,1.386362,0.125,True,18.530999,True,415.2997449007539
RDL-n25-07,number_of_lockers,8,3,10000,0.1,0.4,0.997,100,415.299745,407.530862,4.996159,0.0,2.772724,1,0.04,1.0,0.0,0.0,1.386362,0.125,True,18.495622,True,415.2997449007539
RDL-n25-07,number_of_lockers,10,3,10000,0.1,0.4,0.997,100,415.299745,407.530862,4.996159,0.0,2.772724,1,0.04,1.0,0.0,0.0,1.386362,0.125,True,19.121998,True,415.2997449007539
RDL-n25-07,number_of_lockers,2,4,10000,0.1,0.4,0.997,100,425.077542,417.269453,7.002857,0.0,0.805233,1,0.04,1.0,0.0,0.0,0.402616,0.125,True,15.61874,False,
RDL-n25-07,number_of_lockers,3,4,10000,0.1,0.4,0.997,100,419.91529,412.1072,7.002857,0.0,0.805233,1,0.04,1.0,0.0,0.0,0.402616,0.125,True,17.81661,True,425.0775422780506
RDL-n25-07,number_of_lockers,4,4,10000,0.1,0.4,0.997,100,415.333987,407.565104,4.996159,0.0,2.772724,1,0.04,1.0,0.0,0.0,1.386362,0.125,True,18.661963,True,419.91528965116845
RDL-n25-07,number_of_lockers,5,4,10000,0.1,0.4,0.997,100,415.333987,407.565104,4.996159,0.0,2.772724,1,0.04,1.0,0.0,0.0,1.386362,0.125,True,18.900107,True,415.3339865361576
RDL-n25-07,number_of_lockers,6,4,10000,0.1,0.4,0.997,100,415.333987,407.565104,4.996159,0.0,2.772724,1,0.04,1.0,0.0,0.0,1.386362,0.125,True,18.743223,True,415.3339865361576
RDL-n25-07,number_of_lockers,8,4,10000,0.1,0.4,0.997,100,415.333987,407.565104,4.996159,0.0,2.772724,1,0.04,1.0,0.0,0.0,1.386362,0.125,True,18.790561,True,415.3339865361576
RDL-n25-07,number_of_lockers,10,4,10000,0.1,0.4,0.997,100,415.333987,407.565104,4.996159,0.0,2.772724,1,0.04,1.0,0.0,0.0,1.386362,0.125,True,19.102391,True,415.3339865361576
RDL-n25-07,number_of_lockers,2,5,10000,0.1,0.4,0.997,100,427.920949,427.920949,0.0,0.0,0.0,0,0.0,1.0,0.0,0.0,0.0,0.0,True,15.685552,False,
RDL-n25-07,number_of_lockers,3,5,10000,0.1,0.4,0.997,100,427.920949,427.920949,0.0,0.0,0.0,0,0.0,1.0,0.0,0.0,0.0,0.0,True,17.789142,True,427.92094880290944
RDL-n25-07,number_of_lockers,4,5,10000,0.1,0.4,0.997,100,426.776254,364.040553,57.388563,0.0,5.347138,4,0.16,1.0,0.0,0.0,0.668392,0.5,True,18.625263,True,427.92094880290944
RDL-n25-07,number_of_lockers,5,5,10000,0.1,0.4,0.997,100,422.354702,359.619001,57.388563,0.0,5.347138,4,0.16,1.0,0.0,0.0,0.668392,0.5,True,18.500721,True,426.7762540045885
RDL-n25-07,number_of_lockers,6,5,10000,0.1,0.4,0.997,100,415.333987,407.565104,4.996159,0.0,2.772724,1,0.04,1.0,0.0,0.0,1.386362,0.125,True,19.350268,True,422.3547015107513
RDL-n25-07,number_of_lockers,8,5,10000,0.1,0.4,0.997,100,415.299745,407.530862,4.996159,0.0,2.772724,1,0.04,1.0,0.0,0.0,1.386362,0.125,True,18.92836,True,415.3339865361576
RDL-n25-07,number_of_lockers,10,5,10000,0.1,0.4,0.997,100,415.299745,407.530862,4.996159,0.0,2.772724,1,0.04,1.0,0.0,0.0,1.386362,0.125,True,18.654219,True,415.29974490075386
RDL-n25-07,number_of_lockers,2,6,10000,0.1,0.4,0.997,100,432.124528,432.124528,0.0,0.0,0.0,0,0.0,1.0,0.0,0.0,0.0,0.0,True,16.041384,False,
RDL-n25-07,number_of_lockers,3,6,10000,0.1,0.4,0.997,100,427.920949,427.920949,0.0,0.0,0.0,0,0.0,1.0,0.0,0.0,0.0,0.0,True,17.674406,True,432.12452812137775
RDL-n25-07,number_of_lockers,4,6,10000,0.1,0.4,0.997,100,417.983467,410.214585,4.996159,0.0,2.772724,1,0.04,1.0,0.0,0.0,1.386362,0.125,True,17.913471,True,427.9209488029095
RDL-n25-07,number_of_lockers,5,6,10000,0.1,0.4,0.997,100,417.983467,410.214585,4.996159,0.0,2.772724,1,0.04,1.0,0.0,0.0,1.386362,0.125,True,18.47633,True,417.9834674058735
RDL-n25-07,number_of_lockers,6,6,10000,0.1,0.4,0.997,100,417.983467,410.214585,4.996159,0.0,2.772724,1,0.04,1.0,0.0,0.0,1.386362,0.125,True,18.524007,True,417.9834674058735
RDL-n25-07,number_of_lockers,8,6,10000,0.1,0.4,0.997,100,417.983467,410.214585,4.996159,0.0,2.772724,1,0.04,1.0,0.0,0.0,1.386362,0.125,True,18.578433,True,417.9834674058735
RDL-n25-07,number_of_lockers,10,6,10000,0.1,0.4,0.997,100,417.949226,410.180343,4.996159,0.0,2.772724,1,0.04,1.0,0.0,0.0,1.386362,0.125,True,18.285109,True,417.9834674058735
RDL-n25-07,number_of_lockers,2,7,10000,0.1,0.4,0.997,100,421.364765,413.556676,7.002857,0.0,0.805233,1,0.04,1.0,0.0,0.0,0.402616,0.125,True,15.751489,False,
RDL-n25-07,number_of_lockers,3,7,10000,0.1,0.4,0.997,100,421.016954,413.208865,7.002857,0.0,0.805233,1,0.04,1.0,0.0,0.0,0.402616,0.125,True,17.189139,True,421.3647650573041
RDL-n25-07,number_of_lockers,4,7,10000,0.1,0.4,0.997,100,421.016954,413.208865,7.002857,0.0,0.805233,1,0.04,1.0,0.0,0.0,0.402616,0.125,True,18.750819,True,421.0169543470355
RDL-n25-07,number_of_lockers,5,7,10000,0.1,0.4,0.997,100,421.016954,413.208865,7.002857,0.0,0.805233,1,0.04,1.0,0.0,0.0,0.402616,0.125,True,18.632803,True,421.0169543470355
RDL-n25-07,number_of_lockers,6,7,10000,0.1,0.4,0.997,100,421.016954,413.208865,7.002857,0.0,0.805233,1,0.04,1.0,0.0,0.0,0.402616,0.125,True,18.593779,True,421.0169543470355
RDL-n25-07,number_of_lockers,8,7,10000,0.1,0.4,0.997,100,421.016954,413.208865,7.002857,0.0,0.805233,1,0.04,1.0,0.0,0.0,0.402616,0.125,True,18.678478,True,421.0169543470355
RDL-n25-07,number_of_lockers,10,7,10000,0.1,0.4,0.997,100,420.51732,413.208865,7.074773,0.0,0.233682,1,0.04,1.0,0.0,0.0,0.116841,0.125,True,18.060389,True,421.0169543470355
RDL-n25-07,number_of_lockers,2,8,10000,0.1,0.4,0.997,100,421.364765,413.556676,7.002857,0.0,0.805233,1,0.04,1.0,0.0,0.0,0.402616,0.125,True,15.335971,False,
RDL-n25-07,number_of_lockers,3,8,10000,0.1,0.4,0.997,100,421.016954,413.208865,7.002857,0.0,0.805233,1,0.04,1.0,0.0,0.0,0.402616,0.125,True,16.79195,True,421.36476505730406
RDL-n25-07,number_of_lockers,4,8,10000,0.1,0.4,0.997,100,421.016954,413.208865,7.002857,0.0,0.805233,1,0.04,1.0,0.0,0.0,0.402616,0.125,True,18.567806,True,421.01695434703544
RDL-n25-07,number_of_lockers,5,8,10000,0.1,0.4,0.997,100,421.016954,413.208865,7.002857,0.0,0.805233,1,0.04,1.0,0.0,0.0,0.402616,0.125,True,18.59132,True,421.01695434703544
RDL-n25-07,number_of_lockers,6,8,10000,0.1,0.4,0.997,100,421.016954,413.208865,7.002857,0.0,0.805233,1,0.04,1.0,0.0,0.0,0.402616,0.125,True,18.62569,True,421.01695434703544
RDL-n25-07,number_of_lockers,8,8,10000,0.1,0.4,0.997,100,421.016954,413.208865,7.002857,0.0,0.805233,1,0.04,1.0,0.0,0.0,0.402616,0.125,True,18.711516,True,421.01695434703544
RDL-n25-07,number_of_lockers,10,8,10000,0.1,0.4,0.997,100,415.333987,407.565104,4.996159,0.0,2.772724,1,0.04,1.0,0.0,0.0,1.386362,0.125,True,18.276372,True,421.01695434703544
RDL-n25-07,number_of_lockers,2,9,10000,0.1,0.4,0.997,100,427.920949,427.920949,0.0,0.0,0.0,0,0.0,1.0,0.0,0.0,0.0,0.0,True,15.764869,False,
RDL-n25-07,number_of_lockers,3,9,10000,0.1,0.4,0.997,100,427.920949,427.920949,0.0,0.0,0.0,0,0.0,1.0,0.0,0.0,0.0,0.0,True,17.747172,True,427.9209488029094
RDL-n25-07,number_of_lockers,4,9,10000,0.1,0.4,0.997,100,414.036101,351.804614,57.388563,0.0,4.842925,4,0.16,1.0,0.0,0.0,0.605366,0.5,True,18.245394,True,427.9209488029094
RDL-n25-07,number_of_lockers,5,9,10000,0.1,0.4,0.997,100,414.036101,351.804614,57.388563,0.0,4.842925,4,0.16,1.0,0.0,0.0,0.605366,0.5,True,18.286924,True,414.03610113801744
RDL-n25-07,number_of_lockers,6,9,10000,0.1,0.4,0.997,100,414.036101,351.804614,57.388563,0.0,4.842925,4,0.16,1.0,0.0,0.0,0.605366,0.5,True,18.546378,True,414.03610113801744
RDL-n25-07,number_of_lockers,8,9,10000,0.1,0.4,0.997,100,414.036101,351.804614,57.388563,0.0,4.842925,4,0.16,1.0,0.0,0.0,0.605366,0.5,True,18.386492,True,414.03610113801744
RDL-n25-07,number_of_lockers,10,9,10000,0.1,0.4,0.997,100,414.036101,351.804614,57.388563,0.0,4.842925,4,0.16,1.0,0.0,0.0,0.605366,0.5,True,18.301173,True,414.03610113801744
RDL-n25-07,number_of_lockers,2,10,10000,0.1,0.4,0.997,100,427.920949,427.920949,0.0,0.0,0.0,0,0.0,1.0,0.0,0.0,0.0,0.0,True,15.528827,False,
RDL-n25-07,number_of_lockers,3,10,10000,0.1,0.4,0.997,100,419.91529,412.1072,7.002857,0.0,0.805233,1,0.04,1.0,0.0,0.0,0.402616,0.125,True,17.167929,True,427.92094880290944
RDL-n25-07,number_of_lockers,4,10,10000,0.1,0.4,0.997,100,418.09558,410.326698,4.996159,0.0,2.772724,1,0.04,1.0,0.0,0.0,1.386362,0.125,True,18.308192,True,419.9152896511683
RDL-n25-07,number_of_lockers,5,10,10000,0.1,0.4,0.997,100,415.299745,407.530862,4.996159,0.0,2.772724,1,0.04,1.0,0.0,0.0,1.386362,0.125,True,18.193014,True,418.09558034175683
RDL-n25-07,number_of_lockers,6,10,10000,0.1,0.4,0.997,100,415.299745,407.530862,4.996159,0.0,2.772724,1,0.04,1.0,0.0,0.0,1.386362,0.125,True,18.136191,True,415.2997449007539
RDL-n25-07,number_of_lockers,8,10,10000,0.1,0.4,0.997,100,415.299745,407.530862,4.996159,0.0,2.772724,1,0.04,1.0,0.0,0.0,1.386362,0.125,True,18.254583,True,415.2997449007539
RDL-n25-07,number_of_lockers,10,10,10000,0.1,0.4,0.997,100,415.299745,407.530862,4.996159,0.0,2.772724,1,0.04,1.0,0.0,0.0,1.386362,0.125,True,18.341362,True,415.2997449007539
RDL-n25-07,self_pickup_compensation_cW,0,1,10000,0.1,0.4,0.997,100,412.561262,407.565104,4.996159,0.0,0.0,1,0.04,1.0,0.0,0.0,1.386362,0.125,True,18.400225,False,
RDL-n25-07,self_pickup_compensation_cW,1,1,10000,0.1,0.4,0.997,100,411.511354,351.449222,57.388563,0.0,2.673569,4,0.16,1.0,0.0,0.0,0.668392,0.5,True,18.415244,False,
RDL-n25-07,self_pickup_compensation_cW,2,1,10000,0.1,0.4,0.997,100,428.338938,415.185405,11.999015,0.0,1.154518,2,0.08,1.0,0.0,0.0,0.288629,0.25,True,18.231764,False,
RDL-n25-07,self_pickup_compensation_cW,4,1,10000,0.1,0.4,0.997,100,426.498263,369.965459,52.392404,0.0,4.140401,3,0.12,1.0,0.0,0.0,0.345033,0.375,True,18.237153,False,
RDL-n25-07,self_pickup_compensation_cW,6,1,10000,0.1,0.4,0.997,100,432.124528,432.124528,0.0,0.0,0.0,0,0.0,1.0,0.0,0.0,0.0,0.0,True,18.702713,False,
RDL-n25-07,self_pickup_compensation_cW,8,1,10000,0.1,0.4,0.997,100,431.775432,431.775432,0.0,0.0,0.0,0,0.0,1.0,0.0,0.0,0.0,0.0,True,18.352506,False,
RDL-n25-07,self_pickup_compensation_cW,0,2,10000,0.1,0.4,0.997,100,417.400603,360.01204,57.388563,0.0,0.0,4,0.16,1.0,0.0,0.0,0.668392,0.5,True,18.321459,False,
RDL-n25-07,self_pickup_compensation_cW,1,2,10000,0.1,0.4,0.997,100,413.913383,407.530862,4.996159,0.0,1.386362,1,0.04,1.0,0.0,0.0,1.386362,0.125,True,18.409576,False,
RDL-n25-07,self_pickup_compensation_cW,2,2,10000,0.1,0.4,0.997,100,415.939908,408.171025,4.996159,0.0,2.772724,1,0.04,1.0,0.0,0.0,1.386362,0.125,True,18.609278,False,
RDL-n25-07,self_pickup_compensation_cW,4,2,10000,0.1,0.4,0.997,100,428.04534,428.04534,0.0,0.0,0.0,0,0.0,1.0,0.0,0.0,0.0,0.0,True,18.40399,False,
RDL-n25-07,self_pickup_compensation_cW,6,2,10000,0.1,0.4,0.997,100,427.920949,427.920949,0.0,0.0,0.0,0,0.0,1.0,0.0,0.0,0.0,0.0,True,18.398535,False,
RDL-n25-07,self_pickup_compensation_cW,8,2,10000,0.1,0.4,0.997,100,427.920949,427.920949,0.0,0.0,0.0,0,0.0,1.0,0.0,0.0,0.0,0.0,True,18.444896,False,
RDL-n25-07,self_pickup_compensation_cW,0,3,10000,0.1,0.4,0.997,100,412.851787,407.855629,4.996159,0.0,0.0,1,0.04,1.0,0.0,0.0,1.386362,0.125,True,17.999025,False,
RDL-n25-07,self_pickup_compensation_cW,1,3,10000,0.1,0.4,0.997,100,413.947624,407.565104,4.996159,0.0,1.386362,1,0.04,1.0,0.0,0.0,1.386362,0.125,True,18.12619,False,
RDL-n25-07,self_pickup_compensation_cW,2,3,10000,0.1,0.4,0.997,100,420.379819,358.148331,57.388563,0.0,4.842925,4,0.16,1.0,0.0,0.0,0.605366,0.5,True,18.029092,False,
RDL-n25-07,self_pickup_compensation_cW,4,3,10000,0.1,0.4,0.997,100,432.137673,432.137673,0.0,0.0,0.0,0,0.0,1.0,0.0,0.0,0.0,0.0,True,18.291999,False,
RDL-n25-07,self_pickup_compensation_cW,6,3,10000,0.1,0.4,0.997,100,432.124528,432.124528,0.0,0.0,0.0,0,0.0,1.0,0.0,0.0,0.0,0.0,True,18.559812,False,
RDL-n25-07,self_pickup_compensation_cW,8,3,10000,0.1,0.4,0.997,100,428.179059,428.179059,0.0,0.0,0.0,0,0.0,1.0,0.0,0.0,0.0,0.0,True,18.497018,False,
RDL-n25-07,self_pickup_compensation_cW,0,4,10000,0.1,0.4,0.997,100,411.834558,354.445995,57.388563,0.0,0.0,4,0.16,1.0,0.0,0.0,0.668392,0.5,True,18.322575,False,
RDL-n25-07,self_pickup_compensation_cW,1,4,10000,0.1,0.4,0.997,100,427.920949,427.920949,0.0,0.0,0.0,0,0.0,1.0,0.0,0.0,0.0,0.0,True,18.393402,False,
RDL-n25-07,self_pickup_compensation_cW,2,4,10000,0.1,0.4,0.997,100,427.97165,373.509046,52.392404,0.0,2.0702,3,0.12,1.0,0.0,0.0,0.345033,0.375,True,18.65649,False,
RDL-n25-07,self_pickup_compensation_cW,4,4,10000,0.1,0.4,0.997,100,429.493456,415.185405,11.999015,0.0,2.309036,2,0.08,1.0,0.0,0.0,0.288629,0.25,True,18.051301,False,
RDL-n25-07,self_pickup_compensation_cW,6,4,10000,0.1,0.4,0.997,100,427.920949,427.920949,0.0,0.0,0.0,0,0.0,1.0,0.0,0.0,0.0,0.0,True,18.085343,False,
RDL-n25-07,self_pickup_compensation_cW,8,4,10000,0.1,0.4,0.997,100,426.22937,416.005582,7.002857,0.0,3.220932,1,0.04,1.0,0.0,0.0,0.402616,0.125,True,17.865392,False,
RDL-n25-07,self_pickup_compensation_cW,0,5,10000,0.1,0.4,0.997,100,414.564838,350.173419,64.391419,0.0,0.0,5,0.2,1.0,0.0,0.0,0.615237,0.625,True,18.680232,False,
RDL-n25-07,self_pickup_compensation_cW,1,5,10000,0.1,0.4,0.997,100,427.920949,427.920949,0.0,0.0,0.0,0,0.0,1.0,0.0,0.0,0.0,0.0,True,18.044322,False,
RDL-n25-07,self_pickup_compensation_cW,2,5,10000,0.1,0.4,0.997,100,413.620143,350.884442,57.388563,0.0,5.347138,4,0.16,1.0,0.0,0.0,0.668392,0.5,True,17.951644,False,
RDL-n25-07,self_pickup_compensation_cW,4,5,10000,0.1,0.4,0.997,100,427.920949,427.920949,0.0,0.0,0.0,0,0.0,1.0,0.0,0.0,0.0,0.0,True,18.410309,False,
RDL-n25-07,self_pickup_compensation_cW,6,5,10000,0.1,0.4,0.997,100,427.920949,427.920949,0.0,0.0,0.0,0,0.0,1.0,0.0,0.0,0.0,0.0,True,18.60234,False,
RDL-n25-07,self_pickup_compensation_cW,8,5,10000,0.1,0.4,0.997,100,423.965918,413.74213,7.002857,0.0,3.220932,1,0.04,1.0,0.0,0.0,0.402616,0.125,True,18.209247,False,
RDL-n25-07,self_pickup_compensation_cW,0,6,10000,0.1,0.4,0.997,100,412.561262,407.565104,4.996159,0.0,0.0,1,0.04,1.0,0.0,0.0,1.386362,0.125,True,18.005229,False,
RDL-n25-07,self_pickup_compensation_cW,1,6,10000,0.1,0.4,0.997,100,411.64888,351.838856,57.388563,0.0,2.421462,4,0.16,1.0,0.0,0.0,0.605366,0.5,True,17.923872,False,
RDL-n25-07,self_pickup_compensation_cW,2,6,10000,0.1,0.4,0.997,100,426.452664,371.99006,52.392404,0.0,2.0702,3,0.12,1.0,0.0,0.0,0.345033,0.375,True,18.161773,False,
RDL-n25-07,self_pickup_compensation_cW,4,6,10000,0.1,0.4,0.997,100,427.920949,427.920949,0.0,0.0,0.0,0,0.0,1.0,0.0,0.0,0.0,0.0,True,18.77547,False,
RDL-n25-07,self_pickup_compensation_cW,6,6,10000,0.1,0.4,0.997,100,432.518849,432.518849,0.0,0.0,0.0,0,0.0,1.0,0.0,0.0,0.0,0.0,True,18.962482,False,
RDL-n25-07,self_pickup_compensation_cW,8,6,10000,0.1,0.4,0.997,100,428.30345,428.30345,0.0,0.0,0.0,0,0.0,1.0,0.0,0.0,0.0,0.0,True,18.398849,False,
RDL-n25-07,self_pickup_compensation_cW,0,7,10000,0.1,0.4,0.997,100,427.089441,422.093283,4.996159,0.0,0.0,1,0.04,1.0,0.0,0.0,1.386362,0.125,True,18.572061,False,
RDL-n25-07,self_pickup_compensation_cW,1,7,10000,0.1,0.4,0.997,100,416.634184,410.251663,4.996159,0.0,1.386362,1,0.04,1.0,0.0,0.0,1.386362,0.125,True,17.93773,False,
RDL-n25-07,self_pickup_compensation_cW,2,7,10000,0.1,0.4,0.997,100,420.777987,413.009104,4.996159,0.0,2.772724,1,0.04,1.0,0.0,0.0,1.386362,0.125,True,17.890184,False,
RDL-n25-07,self_pickup_compensation_cW,4,7,10000,0.1,0.4,0.997,100,427.920949,427.920949,0.0,0.0,0.0,0,0.0,1.0,0.0,0.0,0.0,0.0,True,18.238749,False,
RDL-n25-07,self_pickup_compensation_cW,6,7,10000,0.1,0.4,0.997,100,432.124528,432.124528,0.0,0.0,0.0,0,0.0,1.0,0.0,0.0,0.0,0.0,True,18.433788,False,
RDL-n25-07,self_pickup_compensation_cW,8,7,10000,0.1,0.4,0.997,100,423.780464,413.556676,7.002857,0.0,3.220932,1,0.04,1.0,0.0,0.0,0.402616,0.125,True,18.313826,False,
RDL-n25-07,self_pickup_compensation_cW,0,8,10000,0.1,0.4,0.997,100,418.355271,413.359113,4.996159,0.0,0.0,1,0.04,1.0,0.0,0.0,1.386362,0.125,True,18.411909,False,
RDL-n25-07,self_pickup_compensation_cW,1,8,10000,0.1,0.4,0.997,100,432.518849,432.518849,0.0,0.0,0.0,0,0.0,1.0,0.0,0.0,0.0,0.0,True,18.463017,False,
RDL-n25-07,self_pickup_compensation_cW,2,8,10000,0.1,0.4,0.997,100,415.299745,407.530862,4.996159,0.0,2.772724,1,0.04,1.0,0.0,0.0,1.386362,0.125,True,18.49146,False,
RDL-n25-07,self_pickup_compensation_cW,4,8,10000,0.1,0.4,0.997,100,427.920949,427.920949,0.0,0.0,0.0,0,0.0,1.0,0.0,0.0,0.0,0.0,True,18.265073,False,
RDL-n25-07,self_pickup_compensation_cW,6,8,10000,0.1,0.4,0.997,100,432.124528,432.124528,0.0,0.0,0.0,0,0.0,1.0,0.0,0.0,0.0,0.0,True,18.464477,False,
RDL-n25-07,self_pickup_compensation_cW,8,8,10000,0.1,0.4,0.997,100,427.920949,427.920949,0.0,0.0,0.0,0,0.0,1.0,0.0,0.0,0.0,0.0,True,18.361211,False,
RDL-n25-07,self_pickup_compensation_cW,0,9,10000,0.1,0.4,0.997,100,427.920949,427.920949,0.0,0.0,0.0,0,0.0,1.0,0.0,0.0,0.0,0.0,True,18.109559,False,
RDL-n25-07,self_pickup_compensation_cW,1,9,10000,0.1,0.4,0.997,100,414.722314,408.339793,4.996159,0.0,1.386362,1,0.04,1.0,0.0,0.0,1.386362,0.125,True,18.044228,False,
RDL-n25-07,self_pickup_compensation_cW,2,9,10000,0.1,0.4,0.997,100,419.197615,364.230796,52.392404,0.0,2.574414,3,0.12,1.0,0.0,0.0,0.429069,0.375,True,18.079417,False,
RDL-n25-07,self_pickup_compensation_cW,4,9,10000,0.1,0.4,0.997,100,427.920949,427.920949,0.0,0.0,0.0,0,0.0,1.0,0.0,0.0,0.0,0.0,True,18.44132,False,
RDL-n25-07,self_pickup_compensation_cW,6,9,10000,0.1,0.4,0.997,100,427.920949,427.920949,0.0,0.0,0.0,0,0.0,1.0,0.0,0.0,0.0,0.0,True,18.032351,False,
RDL-n25-07,self_pickup_compensation_cW,8,9,10000,0.1,0.4,0.997,100,423.880295,413.656507,7.002857,0.0,3.220932,1,0.04,1.0,0.0,0.0,0.402616,0.125,True,18.72928,False,
RDL-n25-07,self_pickup_compensation_cW,0,10,10000,0.1,0.4,0.997,100,412.527021,407.530862,4.996159,0.0,0.0,1,0.04,1.0,0.0,0.0,1.386362,0.125,True,18.271707,False,
RDL-n25-07,self_pickup_compensation_cW,1,10,10000,0.1,0.4,0.997,100,429.893682,376.214071,52.392404,0.0,1.287207,3,0.12,1.0,0.0,0.0,0.429069,0.375,True,18.608444,False,
RDL-n25-07,self_pickup_compensation_cW,2,10,10000,0.1,0.4,0.997,100,428.26876,428.26876,0.0,0.0,0.0,0,0.0,1.0,0.0,0.0,0.0,0.0,True,18.483894,False,
RDL-n25-07,self_pickup_compensation_cW,4,10,10000,0.1,0.4,0.997,100,432.696791,375.155558,52.392404,0.0,5.148828,3,0.12,1.0,0.0,0.0,0.429069,0.375,True,18.195116,False,
RDL-n25-07,self_pickup_compensation_cW,6,10,10000,0.1,0.4,0.997,100,428.04534,428.04534,0.0,0.0,0.0,0,0.0,1.0,0.0,0.0,0.0,0.0,True,18.405217,False,
RDL-n25-07,self_pickup_compensation_cW,8,10,10000,0.1,0.4,0.997,100,423.432653,413.208865,7.002857,0.0,3.220932,1,0.04,1.0,0.0,0.0,0.402616,0.125,True,18.446173,False,
RDL-n25-07,delay_penalty_cP,1,1,10000,0.1,0.4,0.997,100,415.624511,407.855629,4.996159,0.0,2.772724,1,0.04,1.0,0.0,0.0,1.386362,0.125,True,17.931173,False,
RDL-n25-07,delay_penalty_cP,5,1,10000,0.1,0.4,0.997,100,415.333987,407.565104,4.996159,0.0,2.772724,1,0.04,1.0,0.0,0.0,1.386362,0.125,True,17.824586,False,
RDL-n25-07,delay_penalty_cP,10,1,10000,0.1,0.4,0.997,100,428.338938,415.185405,11.999015,0.0,1.154518,2,0.08,1.0,0.0,0.0,0.288629,0.25,True,18.271725,False,
RDL-n25-07,delay_penalty_cP,20,1,10000,0.1,0.4,0.997,100,421.016954,413.208865,7.002857,0.0,0.805233,1,0.04,1.0,0.0,0.0,0.402616,0.125,True,18.025066,False,
RDL-n25-07,delay_penalty_cP,30,1,10000,0.1,0.4,0.997,100,427.181157,419.373067,7.002857,0.0,0.805233,1,0.04,1.0,0.0,0.0,0.402616,0.125,True,18.700711,False,
RDL-n25-07,delay_penalty_cP,50,1,10000,0.1,0.4,0.997,100,415.760865,407.991983,4.996159,0.0,2.772724,1,0.04,1.0,0.0,0.0,1.386362,0.125,True,18.129718,False,
RDL-n25-07,delay_penalty_cP,1,2,10000,0.1,0.4,0.997,100,414.036101,351.804614,57.388563,0.0,4.842925,4,0.16,1.0,0.0,0.0,0.605366,0.5,True,18.156696,False,
RDL-n25-07,delay_penalty_cP,5,2,10000,0.1,0.4,0.997,100,415.681797,407.912914,4.996159,0.0,2.772724,1,0.04,1.0,0.0,0.0,1.386362,0.125,True,17.897149,False,
RDL-n25-07,delay_penalty_cP,10,2,10000,0.1,0.4,0.997,100,415.939908,408.171025,4.996159,0.0,2.772724,1,0.04,1.0,0.0,0.0,1.386362,0.125,True,18.404659,False,
RDL-n25-07,delay_penalty_cP,20,2,10000,0.1,0.4,0.997,100,424.575091,356.45474,64.391419,0.0,3.728932,5,0.2,1.0,0.0,0.0,0.372893,0.625,True,18.368351,False,
RDL-n25-07,delay_penalty_cP,30,2,10000,0.1,0.4,0.997,100,427.920949,427.920949,0.0,0.0,0.0,0,0.0,1.0,0.0,0.0,0.0,0.0,True,18.463765,False,
RDL-n25-07,delay_penalty_cP,50,2,10000,0.1,0.4,0.997,100,415.299745,407.530862,4.996159,0.0,2.772724,1,0.04,1.0,0.0,0.0,1.386362,0.125,True,18.633026,False,
RDL-n25-07,delay_penalty_cP,1,3,10000,0.1,0.4,0.997,100,415.299745,407.530862,4.996159,0.0,2.772724,1,0.04,1.0,0.0,0.0,1.386362,0.125,True,18.236753,False,
RDL-n25-07,delay_penalty_cP,5,3,10000,0.1,0.4,0.997,100,415.299745,407.530862,4.996159,0.0,2.772724,1,0.04,1.0,0.0,0.0,1.386362,0.125,True,18.444417,False,
RDL-n25-07,delay_penalty_cP,10,3,10000,0.1,0.4,0.997,100,420.379819,358.148331,57.388563,0.0,4.842925,4,0.16,1.0,0.0,0.0,0.605366,0.5,True,17.972021,False,
RDL-n25-07,delay_penalty_cP,20,3,10000,0.1,0.4,0.997,100,429.817826,429.817826,0.0,0.0,0.0,0,0.0,1.0,0.0,0.0,0.0,0.0,True,18.27179,False,
RDL-n25-07,delay_penalty_cP,30,3,10000,0.1,0.4,0.997,100,428.26876,428.26876,0.0,0.0,0.0,0,0.0,1.0,0.0,0.0,0.0,0.0,True,18.707128,False,
RDL-n25-07,delay_penalty_cP,50,3,10000,0.1,0.4,0.997,100,421.016954,413.208865,7.002857,0.0,0.805233,1,0.04,1.0,0.0,0.0,0.402616,0.125,True,18.486636,False,
RDL-n25-07,delay_penalty_cP,1,4,10000,0.1,0.4,0.997,100,415.681797,407.912914,4.996159,0.0,2.772724,1,0.04,1.0,0.0,0.0,1.386362,0.125,True,18.318938,False,
RDL-n25-07,delay_penalty_cP,5,4,10000,0.1,0.4,0.997,100,415.299745,407.530862,4.996159,0.0,2.772724,1,0.04,1.0,0.0,0.0,1.386362,0.125,True,18.451194,False,
RDL-n25-07,delay_penalty_cP,10,4,10000,0.1,0.4,0.997,100,427.97165,373.509046,52.392404,0.0,2.0702,3,0.12,1.0,0.0,0.0,0.345033,0.375,True,18.507126,False,
RDL-n25-07,delay_penalty_cP,20,4,10000,0.1,0.4,0.997,100,417.184598,354.913904,59.395261,0.0,2.875433,4,0.16,1.0,0.0,0.0,0.359429,0.5,True,17.939111,False,
RDL-n25-07,delay_penalty_cP,30,4,10000,0.1,0.4,0.997,100,420.521211,412.713121,7.002857,0.0,0.805233,1,0.04,1.0,0.0,0.0,0.402616,0.125,True,18.357109,False,
RDL-n25-07,delay_penalty_cP,50,4,10000,0.1,0.4,0.997,100,415.592097,407.823214,4.996159,0.0,2.772724,1,0.04,1.0,0.0,0.0,1.386362,0.125,True,18.313446,False,
RDL-n25-07,delay_penalty_cP,1,5,10000,0.1,0.4,0.997,100,414.036028,351.804541,57.388563,0.0,4.842925,4,0.16,1.0,0.0,0.0,0.605366,0.5,True,18.193142,False,
RDL-n25-07,delay_penalty_cP,5,5,10000,0.1,0.4,0.997,100,414.681643,351.945942,57.388563,0.0,5.347138,4,0.16,1.0,0.0,0.0,0.668392,0.5,True,18.235925,False,
RDL-n25-07,delay_penalty_cP,10,5,10000,0.1,0.4,0.997,100,413.620143,350.884442,57.388563,0.0,5.347138,4,0.16,1.0,0.0,0.0,0.668392,0.5,True,17.860532,False,
RDL-n25-07,delay_penalty_cP,20,5,10000,0.1,0.4,0.997,100,417.949226,410.180343,4.996159,0.0,2.772724,1,0.04,1.0,0.0,0.0,1.386362,0.125,True,18.194787,False,
RDL-n25-07,delay_penalty_cP,30,5,10000,0.1,0.4,0.997,100,415.299745,407.530862,4.996159,0.0,2.772724,1,0.04,1.0,0.0,0.0,1.386362,0.125,True,17.783695,False,
RDL-n25-07,delay_penalty_cP,50,5,10000,0.1,0.4,0.997,100,422.468773,359.733072,57.388563,0.0,5.347138,4,0.16,1.0,0.0,0.0,0.668392,0.5,True,18.018771,False,
RDL-n25-07,delay_penalty_cP,1,6,10000,0.1,0.4,0.997,100,415.647556,407.878673,4.996159,0.0,2.772724,1,0.04,1.0,0.0,0.0,1.386362,0.125,True,17.657465,False,
RDL-n25-07,delay_penalty_cP,5,6,10000,0.1,0.4,0.997,100,413.620143,350.884442,57.388563,0.0,5.347138,4,0.16,1.0,0.0,0.0,0.668392,0.5,True,17.796364,False,
RDL-n25-07,delay_penalty_cP,10,6,10000,0.1,0.4,0.997,100,426.452664,371.99006,52.392404,0.0,2.0702,3,0.12,1.0,0.0,0.0,0.345033,0.375,True,17.999975,False,
RDL-n25-07,delay_penalty_cP,20,6,10000,0.1,0.4,0.997,100,427.920949,427.920949,0.0,0.0,0.0,0,0.0,1.0,0.0,0.0,0.0,0.0,True,18.09397,False,
RDL-n25-07,delay_penalty_cP,30,6,10000,0.1,0.4,0.997,100,431.775432,431.775432,0.0,0.0,0.0,0,0.0,1.0,0.0,0.0,0.0,0.0,True,18.143846,False,
RDL-n25-07,delay_penalty_cP,50,6,10000,0.1,0.4,0.997,100,430.144207,416.990674,11.999015,0.0,1.154518,2,0.08,1.0,0.0,0.0,0.288629,0.25,True,18.102754,False,
RDL-n25-07,delay_penalty_cP,1,7,10000,0.1,0.4,0.997,100,414.751613,352.015912,57.388563,0.0,5.347138,4,0.16,1.0,0.0,0.0,0.668392,0.5,True,18.315875,False,
RDL-n25-07,delay_penalty_cP,5,7,10000,0.1,0.4,0.997,100,415.333987,407.565104,4.996159,0.0,2.772724,1,0.04,1.0,0.0,0.0,1.386362,0.125,True,18.111142,False,
RDL-n25-07,delay_penalty_cP,10,7,10000,0.1,0.4,0.997,100,420.777987,413.009104,4.996159,0.0,2.772724,1,0.04,1.0,0.0,0.0,1.386362,0.125,True,17.868911,False,
RDL-n25-07,delay_penalty_cP,20,7,10000,0.1,0.4,0.997,100,427.920949,427.920949,0.0,0.0,0.0,0,0.0,1.0,0.0,0.0,0.0,0.0,True,17.792619,False,
RDL-n25-07,delay_penalty_cP,30,7,10000,0.1,0.4,0.997,100,432.123243,432.123243,0.0,0.0,0.0,0,0.0,1.0,0.0,0.0,0.0,0.0,True,18.261505,False,
RDL-n25-07,delay_penalty_cP,50,7,10000,0.1,0.4,0.997,100,415.681797,407.912914,4.996159,0.0,2.772724,1,0.04,1.0,0.0,0.0,1.386362,0.125,True,18.070393,False,
RDL-n25-07,delay_penalty_cP,1,8,10000,0.1,0.4,0.997,100,415.299745,407.530862,4.996159,0.0,2.772724,1,0.04,1.0,0.0,0.0,1.386362,0.125,True,18.214225,False,
RDL-n25-07,delay_penalty_cP,5,8,10000,0.1,0.4,0.997,100,421.016954,413.208865,7.002857,0.0,0.805233,1,0.04,1.0,0.0,0.0,0.402616,0.125,True,18.225134,False,
RDL-n25-07,delay_penalty_cP,10,8,10000,0.1,0.4,0.997,100,415.299745,407.530862,4.996159,0.0,2.772724,1,0.04,1.0,0.0,0.0,1.386362,0.125,True,18.504909,False,
RDL-n25-07,delay_penalty_cP,20,8,10000,0.1,0.4,0.997,100,424.902732,370.440127,52.392404,0.0,2.0702,3,0.12,1.0,0.0,0.0,0.345033,0.375,True,18.277264,False,
RDL-n25-07,delay_penalty_cP,30,8,10000,0.1,0.4,0.997,100,431.957651,431.957651,0.0,0.0,0.0,0,0.0,1.0,0.0,0.0,0.0,0.0,True,18.112823,False,
RDL-n25-07,delay_penalty_cP,50,8,10000,0.1,0.4,0.997,100,427.920949,427.920949,0.0,0.0,0.0,0,0.0,1.0,0.0,0.0,0.0,0.0,True,18.0516,False,
RDL-n25-07,delay_penalty_cP,1,9,10000,0.1,0.4,0.997,100,413.697215,349.654478,57.388563,1.81125,4.842925,4,0.16,0.88,0.111936,1.082963,0.605366,0.5,True,17.632723,False,
RDL-n25-07,delay_penalty_cP,5,9,10000,0.1,0.4,0.997,100,427.920949,427.920949,0.0,0.0,0.0,0,0.0,1.0,0.0,0.0,0.0,0.0,True,17.92969,False,
RDL-n25-07,delay_penalty_cP,10,9,10000,0.1,0.4,0.997,100,419.197615,364.230796,52.392404,0.0,2.574414,3,0.12,1.0,0.0,0.0,0.429069,0.375,True,17.978853,False,
RDL-n25-07,delay_penalty_cP,20,9,10000,0.1,0.4,0.997,100,427.920949,427.920949,0.0,0.0,0.0,0,0.0,1.0,0.0,0.0,0.0,0.0,True,17.995868,False,
RDL-n25-07,delay_penalty_cP,30,9,10000,0.1,0.4,0.997,100,427.920949,427.920949,0.0,0.0,0.0,0,0.0,1.0,0.0,0.0,0.0,0.0,True,18.15029,False,
RDL-n25-07,delay_penalty_cP,50,9,10000,0.1,0.4,0.997,100,427.920949,427.920949,0.0,0.0,0.0,0,0.0,1.0,0.0,0.0,0.0,0.0,True,18.475416,False,
RDL-n25-07,delay_penalty_cP,1,10,10000,0.1,0.4,0.997,100,417.104418,351.730892,57.388563,2.637825,5.347138,4,0.16,0.96,0.105513,2.637825,0.668392,0.5,True,18.408206,False,
RDL-n25-07,delay_penalty_cP,5,10,10000,0.1,0.4,0.997,100,415.299745,407.530862,4.996159,0.0,2.772724,1,0.04,1.0,0.0,0.0,1.386362,0.125,True,18.188322,False,
RDL-n25-07,delay_penalty_cP,10,10,10000,0.1,0.4,0.997,100,428.26876,428.26876,0.0,0.0,0.0,0,0.0,1.0,0.0,0.0,0.0,0.0,True,18.018996,False,
RDL-n25-07,delay_penalty_cP,20,10,10000,0.1,0.4,0.997,100,424.161482,416.353393,7.002857,0.0,0.805233,1,0.04,1.0,0.0,0.0,0.402616,0.125,True,17.748343,False,
RDL-n25-07,delay_penalty_cP,30,10,10000,0.1,0.4,0.997,100,432.124528,432.124528,0.0,0.0,0.0,0,0.0,1.0,0.0,0.0,0.0,0.0,True,18.380907,False,
RDL-n25-07,delay_penalty_cP,50,10,10000,0.1,0.4,0.997,100,427.920949,427.920949,0.0,0.0,0.0,0,0.0,1.0,0.0,0.0,0.0,0.0,True,18.380717,False,
RDL-n25-07,drone_cost_cD,0.4,1,10000,0.1,0.4,0.997,100,384.04204,356.904289,23.758104,0.0,3.379647,4,0.16,1.0,0.0,0.0,0.422456,0.5,True,18.014452,False,
RDL-n25-07,drone_cost_cD,0.8,1,10000,0.1,0.4,0.997,100,417.98703,373.498693,41.913923,0.0,2.574414,3,0.12,1.0,0.0,0.0,0.429069,0.375,True,18.094267,False,
RDL-n25-07,drone_cost_cD,1.0,1,10000,0.1,0.4,0.997,100,428.338938,415.185405,11.999015,0.0,1.154518,2,0.08,1.0,0.0,0.0,0.288629,0.25,True,18.104862,False,
RDL-n25-07,drone_cost_cD,2.0,1,10000,0.1,0.4,0.997,100,427.920949,427.920949,0.0,0.0,0.0,0,0.0,1.0,0.0,0.0,0.0,0.0,True,18.372202,False,
RDL-n25-07,drone_cost_cD,3.0,1,10000,0.1,0.4,0.997,100,431.775432,431.775432,0.0,0.0,0.0,0,0.0,1.0,0.0,0.0,0.0,0.0,True,18.477983,False,
RDL-n25-07,drone_cost_cD,4.0,1,10000,0.1,0.4,0.997,100,431.775432,431.775432,0.0,0.0,0.0,0,0.0,1.0,0.0,0.0,0.0,0.0,True,18.977302,False,
RDL-n25-07,drone_cost_cD,0.4,2,10000,0.1,0.4,0.997,100,381.981807,350.072868,25.756568,0.0,6.152371,5,0.2,1.0,0.0,0.0,0.615237,0.625,True,18.629846,False,
RDL-n25-07,drone_cost_cD,0.8,2,10000,0.1,0.4,0.997,100,410.305656,359.551881,45.91085,0.0,4.842925,4,0.16,1.0,0.0,0.0,0.605366,0.5,True,18.206423,False,
RDL-n25-07,drone_cost_cD,1.0,2,10000,0.1,0.4,0.997,100,415.939908,408.171025,4.996159,0.0,2.772724,1,0.04,1.0,0.0,0.0,1.386362,0.125,True,18.367108,False,
RDL-n25-07,drone_cost_cD,2.0,2,10000,0.1,0.4,0.997,100,431.775432,431.775432,0.0,0.0,0.0,0,0.0,1.0,0.0,0.0,0.0,0.0,True,18.538491,False,
RDL-n25-07,drone_cost_cD,3.0,2,10000,0.1,0.4,0.997,100,427.920949,427.920949,0.0,0.0,0.0,0,0.0,1.0,0.0,0.0,0.0,0.0,True,18.825757,False,
RDL-n25-07,drone_cost_cD,4.0,2,10000,0.1,0.4,0.997,100,427.920949,427.920949,0.0,0.0,0.0,0,0.0,1.0,0.0,0.0,0.0,0.0,True,18.64134,False,
RDL-n25-07,drone_cost_cD,0.4,3,10000,0.1,0.4,0.997,100,380.16946,351.866896,22.955425,0.0,5.347138,4,0.16,1.0,0.0,0.0,0.668392,0.5,True,18.253605,False,
RDL-n25-07,drone_cost_cD,0.8,3,10000,0.1,0.4,0.997,100,409.473367,358.577511,47.516208,0.0,3.379647,4,0.16,1.0,0.0,0.0,0.422456,0.5,True,18.075933,False,
RDL-n25-07,drone_cost_cD,1.0,3,10000,0.1,0.4,0.997,100,420.379819,358.148331,57.388563,0.0,4.842925,4,0.16,1.0,0.0,0.0,0.605366,0.5,True,17.883693,False,
RDL-n25-07,drone_cost_cD,2.0,3,10000,0.1,0.4,0.997,100,427.920949,427.920949,0.0,0.0,0.0,0,0.0,1.0,0.0,0.0,0.0,0.0,True,18.728351,False,
RDL-n25-07,drone_cost_cD,3.0,3,10000,0.1,0.4,0.997,100,427.920949,427.920949,0.0,0.0,0.0,0,0.0,1.0,0.0,0.0,0.0,0.0,True,18.583061,False,
RDL-n25-07,drone_cost_cD,4.0,3,10000,0.1,0.4,0.997,100,428.04534,428.04534,0.0,0.0,0.0,0,0.0,1.0,0.0,0.0,0.0,0.0,True,18.95969,False,
RDL-n25-07,drone_cost_cD,0.4,4,10000,0.1,0.4,0.997,100,379.187005,350.884442,22.955425,0.0,5.347138,4,0.16,1.0,0.0,0.0,0.668392,0.5,True,18.190414,False,
RDL-n25-07,drone_cost_cD,0.8,4,10000,0.1,0.4,0.997,100,414.300513,407.530862,3.996927,0.0,2.772724,1,0.04,1.0,0.0,0.0,1.386362,0.125,True,18.013427,False,
RDL-n25-07,drone_cost_cD,1.0,4,10000,0.1,0.4,0.997,100,427.97165,373.509046,52.392404,0.0,2.0702,3,0.12,1.0,0.0,0.0,0.345033,0.375,True,18.555072,False,
RDL-n25-07,drone_cost_cD,2.0,4,10000,0.1,0.4,0.997,100,427.920949,427.920949,0.0,0.0,0.0,0,0.0,1.0,0.0,0.0,0.0,0.0,True,18.346241,False,
RDL-n25-07,drone_cost_cD,3.0,4,10000,0.1,0.4,0.997,100,431.775432,431.775432,0.0,0.0,0.0,0,0.0,1.0,0.0,0.0,0.0,0.0,True,19.11642,False,
RDL-n25-07,drone_cost_cD,4.0,4,10000,0.1,0.4,0.997,100,431.775432,431.775432,0.0,0.0,0.0,0,0.0,1.0,0.0,0.0,0.0,0.0,True,18.476882,False,
RDL-n25-07,drone_cost_cD,0.4,5,10000,0.1,0.4,0.997,100,393.532272,368.157362,22.955425,0.0,2.419485,4,0.16,1.0,0.0,0.0,0.302436,0.5,True,18.075377,False,
RDL-n25-07,drone_cost_cD,0.8,5,10000,0.1,0.4,0.997,100,402.801266,351.543278,45.91085,0.0,5.347138,4,0.16,1.0,0.0,0.0,0.668392,0.5,True,17.984593,False,
RDL-n25-07,drone_cost_cD,1.0,5,10000,0.1,0.4,0.997,100,413.620143,350.884442,57.388563,0.0,5.347138,4,0.16,1.0,0.0,0.0,0.668392,0.5,True,17.924019,False,
RDL-n25-07,drone_cost_cD,2.0,5,10000,0.1,0.4,0.997,100,431.99073,431.99073,0.0,0.0,0.0,0,0.0,1.0,0.0,0.0,0.0,0.0,True,18.473566,False,
RDL-n25-07,drone_cost_cD,3.0,5,10000,0.1,0.4,0.997,100,427.920949,427.920949,0.0,0.0,0.0,0,0.0,1.0,0.0,0.0,0.0,0.0,True,18.662911,False,
RDL-n25-07,drone_cost_cD,4.0,5,10000,0.1,0.4,0.997,100,432.123243,432.123243,0.0,0.0,0.0,0,0.0,1.0,0.0,0.0,0.0,0.0,True,18.834039,False,
RDL-n25-07,drone_cost_cD,0.4,6,10000,0.1,0.4,0.997,100,384.77367,356.471106,22.955425,0.0,5.347138,4,0.16,1.0,0.0,0.0,0.668392,0.5,True,18.098231,False,
RDL-n25-07,drone_cost_cD,0.8,6,10000,0.1,0.4,0.997,100,423.935015,379.065957,41.913923,0.0,2.955135,3,0.12,1.0,0.0,0.0,0.492522,0.375,True,18.139189,False,
RDL-n25-07,drone_cost_cD,1.0,6,10000,0.1,0.4,0.997,100,426.452664,371.99006,52.392404,0.0,2.0702,3,0.12,1.0,0.0,0.0,0.345033,0.375,True,18.036408,False,
RDL-n25-07,drone_cost_cD,2.0,6,10000,0.1,0.4,0.997,100,427.920949,427.920949,0.0,0.0,0.0,0,0.0,1.0,0.0,0.0,0.0,0.0,True,18.220943,False,
RDL-n25-07,drone_cost_cD,3.0,6,10000,0.1,0.4,0.997,100,427.920949,427.920949,0.0,0.0,0.0,0,0.0,1.0,0.0,0.0,0.0,0.0,True,18.76852,False,
RDL-n25-07,drone_cost_cD,4.0,6,10000,0.1,0.4,0.997,100,431.852269,431.852269,0.0,0.0,0.0,0,0.0,1.0,0.0,0.0,0.0,0.0,True,18.489144,False,
RDL-n25-07,drone_cost_cD,0.4,7,10000,0.1,0.4,0.997,100,382.806112,354.503549,22.955425,0.0,5.347138,4,0.16,1.0,0.0,0.0,0.668392,0.5,True,18.11505,False,
RDL-n25-07,drone_cost_cD,0.8,7,10000,0.1,0.4,0.997,100,404.01965,353.628008,47.516208,0.0,2.875433,4,0.16,1.0,0.0,0.0,0.359429,0.5,True,17.384468,False,
RDL-n25-07,drone_cost_cD,1.0,7,10000,0.1,0.4,0.997,100,420.777987,413.009104,4.996159,0.0,2.772724,1,0.04,1.0,0.0,0.0,1.386362,0.125,True,17.876947,False,
RDL-n25-07,drone_cost_cD,2.0,7,10000,0.1,0.4,0.997,100,427.920949,427.920949,0.0,0.0,0.0,0,0.0,1.0,0.0,0.0,0.0,0.0,True,18.79238,False,
RDL-n25-07,drone_cost_cD,3.0,7,10000,0.1,0.4,0.997,100,427.920949,427.920949,0.0,0.0,0.0,0,0.0,1.0,0.0,0.0,0.0,0.0,True,18.902304,False,
RDL-n25-07,drone_cost_cD,4.0,7,10000,0.1,0.4,0.997,100,427.920949,427.920949,0.0,0.0,0.0,0,0.0,1.0,0.0,0.0,0.0,0.0,True,18.833502,False,
RDL-n25-07,drone_cost_cD,0.4,8,10000,0.1,0.4,0.997,100,380.919097,352.616533,22.955425,0.0,5.347138,4,0.16,1.0,0.0,0.0,0.668392,0.5,True,17.871857,False,
RDL-n25-07,drone_cost_cD,0.8,8,10000,0.1,0.4,0.997,100,417.98703,373.498693,41.913923,0.0,2.574414,3,0.12,1.0,0.0,0.0,0.429069,0.375,True,18.044216,False,
RDL-n25-07,drone_cost_cD,1.0,8,10000,0.1,0.4,0.997,100,415.299745,407.530862,4.996159,0.0,2.772724,1,0.04,1.0,0.0,0.0,1.386362,0.125,True,18.504452,False,
RDL-n25-07,drone_cost_cD,2.0,8,10000,0.1,0.4,0.997,100,428.52687,428.52687,0.0,0.0,0.0,0,0.0,1.0,0.0,0.0,0.0,0.0,True,18.592377,False,
RDL-n25-07,drone_cost_cD,3.0,8,10000,0.1,0.4,0.997,100,432.124528,432.124528,0.0,0.0,0.0,0,0.0,1.0,0.0,0.0,0.0,0.0,True,18.896068,False,
RDL-n25-07,drone_cost_cD,4.0,8,10000,0.1,0.4,0.997,100,432.124528,432.124528,0.0,0.0,0.0,0,0.0,1.0,0.0,0.0,0.0,0.0,True,18.975877,False,
RDL-n25-07,drone_cost_cD,0.4,9,10000,0.1,0.4,0.997,100,384.321874,352.412935,25.756568,0.0,6.152371,5,0.2,1.0,0.0,0.0,0.615237,0.625,True,18.523028,False,
RDL-n25-07,drone_cost_cD,0.8,9,10000,0.1,0.4,0.997,100,417.61014,373.626016,41.913923,0.0,2.0702,3,0.12,1.0,0.0,0.0,0.345033,0.375,True,18.188176,False,
RDL-n25-07,drone_cost_cD,1.0,9,10000,0.1,0.4,0.997,100,419.197615,364.230796,52.392404,0.0,2.574414,3,0.12,1.0,0.0,0.0,0.429069,0.375,True,18.113271,False,
RDL-n25-07,drone_cost_cD,2.0,9,10000,0.1,0.4,0.997,100,427.920949,427.920949,0.0,0.0,0.0,0,0.0,1.0,0.0,0.0,0.0,0.0,True,18.573413,False,
RDL-n25-07,drone_cost_cD,3.0,9,10000,0.1,0.4,0.997,100,432.212316,432.212316,0.0,0.0,0.0,0,0.0,1.0,0.0,0.0,0.0,0.0,True,18.757736,False,
RDL-n25-07,drone_cost_cD,4.0,9,10000,0.1,0.4,0.997,100,427.920949,427.920949,0.0,0.0,0.0,0,0.0,1.0,0.0,0.0,0.0,0.0,True,18.43045,False,
RDL-n25-07,drone_cost_cD,0.4,10,10000,0.1,0.4,0.997,100,380.318476,352.015912,22.955425,0.0,5.347138,4,0.16,1.0,0.0,0.0,0.668392,0.5,True,17.743896,False,
RDL-n25-07,drone_cost_cD,0.8,10,10000,0.1,0.4,0.997,100,407.800145,356.904289,47.516208,0.0,3.379647,4,0.16,1.0,0.0,0.0,0.422456,0.5,True,18.036059,False,
RDL-n25-07,drone_cost_cD,1.0,10,10000,0.1,0.4,0.997,100,428.26876,428.26876,0.0,0.0,0.0,0,0.0,1.0,0.0,0.0,0.0,0.0,True,18.076715,False,
RDL-n25-07,drone_cost_cD,2.0,10,10000,0.1,0.4,0.997,100,428.26876,428.26876,0.0,0.0,0.0,0,0.0,1.0,0.0,0.0,0.0,0.0,True,18.372231,False,
RDL-n25-07,drone_cost_cD,3.0,10,10000,0.1,0.4,0.997,100,427.920949,427.920949,0.0,0.0,0.0,0,0.0,1.0,0.0,0.0,0.0,0.0,True,18.784028,False,
RDL-n25-07,drone_cost_cD,4.0,10,10000,0.1,0.4,0.997,100,427.920949,427.920949,0.0,0.0,0.0,0,0.0,1.0,0.0,0.0,0.0,0.0,True,19.083468,False,
RDL-n25-08,number_of_drones,0,1,10000,0.1,0.4,0.997,100,519.590997,519.590997,0.0,0.0,0.0,0,0.0,1.0,0.0,0.0,0.0,0.0,True,15.445607,False,
RDL-n25-08,number_of_drones,2,1,10000,0.1,0.4,0.997,100,510.624973,499.334338,6.96563,3.367926,0.957079,1,0.04,0.96,0.013472,0.336793,0.478539,0.5,True,16.678803,True,519.5909965348332
RDL-n25-08,number_of_drones,4,1,10000,0.1,0.4,0.997,100,507.383737,486.934213,13.93126,3.88488,2.633384,2,0.08,0.96,0.01554,0.388488,0.658346,0.5,True,17.407438,True,510.6249729319401
RDL-n25-08,number_of_drones,6,1,10000,0.1,0.4,0.997,100,507.383737,486.934213,13.93126,3.88488,2.633384,2,0.08,0.96,0.01554,0.388488,0.658346,0.333333,True,18.077878,True,507.38373715552535
RDL-n25-08,number_of_drones,8,1,10000,0.1,0.4,0.997,100,507.381229,486.931705,13.93126,3.88488,2.633384,2,0.08,0.96,0.01554,0.388488,0.658346,0.25,True,17.643324,True,507.38373715552535
RDL-n25-08,number_of_drones,10,1,10000,0.1,0.4,0.997,100,507.381229,486.931705,13.93126,3.88488,2.633384,2,0.08,0.96,0.01554,0.388488,0.658346,0.2,True,17.660732,True,507.38122941477314
RDL-n25-08,number_of_drones,12,1,10000,0.1,0.4,0.997,100,507.381229,486.931705,13.93126,3.88488,2.633384,2,0.08,0.96,0.01554,0.388488,0.658346,0.166667,True,17.704883,True,507.38122941477314
RDL-n25-08,number_of_drones,0,2,10000,0.1,0.4,0.997,100,518.749684,518.749684,0.0,0.0,0.0,0,0.0,1.0,0.0,0.0,0.0,0.0,True,15.947904,False,
RDL-n25-08,number_of_drones,2,2,10000,0.1,0.4,0.997,100,507.691745,499.769036,6.96563,0.0,0.957079,1,0.04,1.0,0.0,0.0,0.478539,0.5,True,16.983535,True,518.7496837971215
RDL-n25-08,number_of_drones,4,2,10000,0.1,0.4,0.997,100,506.826948,481.636554,20.89689,0.0,4.293505,3,0.12,1.0,0.0,0.0,0.715584,0.75,True,17.706242,True,507.69174463003594
RDL-n25-08,number_of_drones,6,2,10000,0.1,0.4,0.997,100,506.826948,481.636554,20.89689,0.0,4.293505,3,0.12,1.0,0.0,0.0,0.715584,0.5,True,18.526766,True,506.8269483892243
RDL-n25-08,number_of_drones,8,2,10000,0.1,0.4,0.997,100,506.826948,481.636554,20.89689,0.0,4.293505,3,0.12,1.0,0.0,0.0,0.715584,0.375,True,17.557724,True,506.8269483892243
RDL-n25-08,number_of_drones,10,2,10000,0.1,0.4,0.997,100,506.826948,481.636554,20.89689,0.0,4.293505,3,0.12,1.0,0.0,0.0,0.715584,0.3,True,17.730557,True,506.8269483892243
RDL-n25-08,number_of_drones,12,2,10000,0.1,0.4,0.997,100,506.826948,481.636554,20.89689,0.0,4.293505,3,0.12,1.0,0.0,0.0,0.715584,0.25,True,17.684834,True,506.8269483892243
RDL-n25-08,number_of_drones,0,3,10000,0.1,0.4,0.997,100,519.556689,519.556689,0.0,0.0,0.0,0,0.0,1.0,0.0,0.0,0.0,0.0,True,15.620736,False,
RDL-n25-08,number_of_drones,2,3,10000,0.1,0.4,0.997,100,506.684377,486.234853,13.93126,3.88488,2.633384,2,0.08,0.96,0.01554,0.388488,0.658346,1.0,True,16.62136,True,519.5566886991598
RDL-n25-08,number_of_drones,4,3,10000,0.1,0.4,0.997,100,505.682375,485.232851,13.93126,3.88488,2.633384,2,0.08,0.96,0.01554,0.388488,0.658346,0.5,True,17.973444,True,506.68437749127986
RDL-n25-08,number_of_drones,6,3,10000,0.1,0.4,0.997,100,505.682375,485.232851,13.93126,3.88488,2.633384,2,0.08,0.96,0.01554,0.388488,0.658346,0.333333,True,18.06883,True,505.6823748037254
RDL-n25-08,number_of_drones,8,3,10000,0.1,0.4,0.997,100,505.682375,485.232851,13.93126,3.88488,2.633384,2,0.08,0.96,0.01554,0.388488,0.658346,0.25,True,18.19832,True,505.6823748037254
RDL-n25-08,number_of_drones,10,3,10000,0.1,0.4,0.997,100,505.682375,485.232851,13.93126,3.88488,2.633384,2,0.08,0.96,0.01554,0.388488,0.658346,0.2,True,18.197419,True,505.6823748037254
RDL-n25-08,number_of_drones,12,3,10000,0.1,0.4,0.997,100,505.682375,485.232851,13.93126,3.88488,2.633384,2,0.08,0.96,0.01554,0.388488,0.658346,0.166667,True,18.180999,True,505.6823748037254
RDL-n25-08,number_of_drones,0,4,10000,0.1,0.4,0.997,100,519.556689,519.556689,0.0,0.0,0.0,0,0.0,1.0,0.0,0.0,0.0,0.0,True,15.478591,False,
RDL-n25-08,number_of_drones,2,4,10000,0.1,0.4,0.997,100,505.682375,485.232851,13.93126,3.88488,2.633384,2,0.08,0.96,0.01554,0.388488,0.658346,1.0,True,16.934434,True,519.5566886991598
RDL-n25-08,number_of_drones,4,4,10000,0.1,0.4,0.997,100,505.682375,485.232851,13.93126,3.88488,2.633384,2,0.08,0.96,0.01554,0.388488,0.658346,0.5,True,18.07444,True,505.6823748037254
RDL-n25-08,number_of_drones,6,4,10000,0.1,0.4,0.997,100,505.682375,485.232851,13.93126,3.88488,2.633384,2,0.08,0.96,0.01554,0.388488,0.658346,0.333333,True,18.335088,True,505.6823748037254
RDL-n25-08,number_of_drones,8,4,10000,0.1,0.4,0.997,100,505.682375,485.232851,13.93126,3.88488,2.633384,2,0.08,0.96,0.01554,0.388488,0.658346,0.25,True,18.303523,True,505.6823748037254
RDL-n25-08,number_of_drones,10,4,10000,0.1,0.4,0.997,100,505.682375,485.232851,13.93126,3.88488,2.633384,2,0.08,0.96,0.01554,0.388488,0.658346,0.2,True,18.131338,True,505.6823748037254
RDL-n25-08,number_of_drones,12,4,10000,0.1,0.4,0.997,100,505.682375,485.232851,13.93126,3.88488,2.633384,2,0.08,0.96,0.01554,0.388488,0.658346,0.166667,True,18.12201,True,505.6823748037254
RDL-n25-08,number_of_drones,0,5,10000,0.1,0.4,0.997,100,518.749684,518.749684,0.0,0.0,0.0,0,0.0,1.0,0.0,0.0,0.0,0.0,True,15.732071,False,
RDL-n25-08,number_of_drones,2,5,10000,0.1,0.4,0.997,100,507.850856,499.928147,6.96563,0.0,0.957079,1,0.04,1.0,0.0,0.0,0.478539,0.5,True,16.575542,True,518.7496837971216
RDL-n25-08,number_of_drones,4,5,10000,0.1,0.4,0.997,100,507.691745,499.769036,6.96563,0.0,0.957079,1,0.04,1.0,0.0,0.0,0.478539,0.25,True,17.890584,True,507.85085610926114
RDL-n25-08,number_of_drones,6,5,10000,0.1,0.4,0.997,100,507.691745,499.769036,6.96563,0.0,0.957079,1,0.04,1.0,0.0,0.0,0.478539,0.166667,True,17.445994,True,507.69174463003606
RDL-n25-08,number_of_drones,8,5,10000,0.1,0.4,0.997,100,507.691745,499.769036,6.96563,0.0,0.957079,1,0.04,1.0,0.0,0.0,0.478539,0.125,True,18.073047,True,507.69174463003606
RDL-n25-08,number_of_drones,10,5,10000,0.1,0.4,0.997,100,505.682375,485.232851,13.93126,3.88488,2.633384,2,0.08,0.96,0.01554,0.388488,0.658346,0.2,True,18.35622,True,507.69174463003606
RDL-n25-08,number_of_drones,12,5,10000,0.1,0.4,0.997,100,505.682375,485.232851,13.93126,3.88488,2.633384,2,0.08,0.96,0.01554,0.388488,0.658346,0.166667,True,18.050943,True,505.6823748037254
RDL-n25-08,number_of_drones,0,6,10000,0.1,0.4,0.997,100,518.749684,518.749684,0.0,0.0,0.0,0,0.0,1.0,0.0,0.0,0.0,0.0,True,15.243688,False,
RDL-n25-08,number_of_drones,2,6,10000,0.1,0.4,0.997,100,507.691745,499.769036,6.96563,0.0,0.957079,1,0.04,1.0,0.0,0.0,0.478539,0.5,True,16.81074,True,518.7496837971215
RDL-n25-08,number_of_drones,4,6,10000,0.1,0.4,0.997,100,506.909375,481.71898,20.89689,0.0,4.293505,3,0.12,1.0,0.0,0.0,0.715584,0.75,True,17.946265,True,507.6917446300357
RDL-n25-08,number_of_drones,6,6,10000,0.1,0.4,0.997,100,506.826948,481.636554,20.89689,0.0,4.293505,3,0.12,1.0,0.0,0.0,0.715584,0.5,True,17.73062,True,506.9093749664586
RDL-n25-08,number_of_drones,8,6,10000,0.1,0.4,0.997,100,506.826948,481.636554,20.89689,0.0,4.293505,3,0.12,1.0,0.0,0.0,0.715584,0.375,True,18.315299,True,506.8269483892244
RDL-n25-08,number_of_drones,10,6,10000,0.1,0.4,0.997,100,506.826948,481.636554,20.89689,0.0,4.293505,3,0.12,1.0,0.0,0.0,0.715584,0.3,True,17.203835,True,506.8269483892244
RDL-n25-08,number_of_drones,12,6,10000,0.1,0.4,0.997,100,506.826948,481.636554,20.89689,0.0,4.293505,3,0.12,1.0,0.0,0.0,0.715584,0.25,True,16.760579,True,506.8269483892244
RDL-n25-08,number_of_drones,0,7,10000,0.1,0.4,0.997,100,519.556689,519.556689,0.0,0.0,0.0,0,0.0,1.0,0.0,0.0,0.0,0.0,True,14.321837,False,
RDL-n25-08,number_of_drones,2,7,10000,0.1,0.4,0.997,100,507.691745,499.769036,6.96563,0.0,0.957079,1,0.04,1.0,0.0,0.0,0.478539,0.5,True,14.907769,True,519.5566886991598
RDL-n25-08,number_of_drones,4,7,10000,0.1,0.4,0.997,100,507.395353,482.204958,20.89689,0.0,4.293505,3,0.12,1.0,0.0,0.0,0.715584,0.75,True,16.87541,True,507.6917446300357
RDL-n25-08,number_of_drones,6,7,10000,0.1,0.4,0.997,100,506.829263,481.638869,20.89689,0.0,4.293505,3,0.12,1.0,0.0,0.0,0.715584,0.5,True,16.660565,True,507.39535290157096
RDL-n25-08,number_of_drones,8,7,10000,0.1,0.4,0.997,100,506.826948,481.636554,20.89689,0.0,4.293505,3,0.12,1.0,0.0,0.0,0.715584,0.375,True,16.809378,True,506.8292631000752
RDL-n25-08,number_of_drones,10,7,10000,0.1,0.4,0.997,100,506.826948,481.636554,20.89689,0.0,4.293505,3,0.12,1.0,0.0,0.0,0.715584,0.3,True,17.00653,True,506.8269483892243
RDL-n25-08,number_of_drones,12,7,10000,0.1,0.4,0.997,100,506.826948,481.636554,20.89689,0.0,4.293505,3,0.12,1.0,0.0,0.0,0.715584,0.25,True,16.82775,True,506.8269483892243
RDL-n25-08,number_of_drones,0,8,10000,0.1,0.4,0.997,100,522.249157,522.249157,0.0,0.0,0.0,0,0.0,1.0,0.0,0.0,0.0,0.0,True,14.169838,False,
RDL-n25-08,number_of_drones,2,8,10000,0.1,0.4,0.997,100,510.624973,499.334338,6.96563,3.367926,0.957079,1,0.04,0.96,0.013472,0.336793,0.478539,0.5,True,15.294045,True,522.2491571175557
RDL-n25-08,number_of_drones,4,8,10000,0.1,0.4,0.997,100,510.624973,499.334338,6.96563,3.367926,0.957079,1,0.04,0.96,0.013472,0.336793,0.478539,0.25,True,16.441734,True,510.62497293193996
RDL-n25-08,number_of_drones,6,8,10000,0.1,0.4,0.997,100,507.691745,499.769036,6.96563,0.0,0.957079,1,0.04,1.0,0.0,0.0,0.478539,0.166667,True,16.72952,True,510.62497293193996
RDL-n25-08,number_of_drones,8,8,10000,0.1,0.4,0.997,100,507.691745,499.769036,6.96563,0.0,0.957079,1,0.04,1.0,0.0,0.0,0.478539,0.125,True,16.589014,True,507.6917446300357
RDL-n25-08,number_of_drones,10,8,10000,0.1,0.4,0.997,100,506.826948,481.636554,20.89689,0.0,4.293505,3,0.12,1.0,0.0,0.0,0.715584,0.3,True,16.419678,True,507.6917446300357
RDL-n25-08,number_of_drones,12,8,10000,0.1,0.4,0.997,100,505.682375,485.232851,13.93126,3.88488,2.633384,2,0.08,0.96,0.01554,0.388488,0.658346,0.166667,True,16.383308,True,506.8269483892244
RDL-n25-08,number_of_drones,0,9,10000,0.1,0.4,0.997,100,530.73985,529.43354,0.0,1.30631,0.0,0,0.0,0.96,0.005225,0.130631,0.0,0.0,True,14.16078,False,
RDL-n25-08,number_of_drones,2,9,10000,0.1,0.4,0.997,100,507.691745,499.769036,6.96563,0.0,0.957079,1,0.04,1.0,0.0,0.0,0.478539,0.5,True,15.621839,True,530.7398504331343
RDL-n25-08,number_of_drones,4,9,10000,0.1,0.4,0.997,100,506.826948,481.636554,20.89689,0.0,4.293505,3,0.12,0.96,0.075065,1.876635,0.715584,0.75,True,16.276315,True,507.69174463003594
RDL-n25-08,number_of_drones,6,9,10000,0.1,0.4,0.997,100,506.826948,481.636554,20.89689,0.0,4.293505,3,0.12,0.96,0.075065,1.876635,0.715584,0.5,True,16.727793,True,506.8269483892245
RDL-n25-08,number_of_drones,8,9,10000,0.1,0.4,0.997,100,506.826948,481.636554,20.89689,0.0,4.293505,3,0.12,0.96,0.075065,1.876635,0.715584,0.375,True,16.823334,True,506.8269483892245
RDL-n25-08,number_of_drones,10,9,10000,0.1,0.4,0.997,100,506.02612,485.576595,13.93126,3.88488,2.633384,2,0.08,0.96,0.01554,0.388488,0.658346,0.2,True,16.393123,True,506.8269483892245
RDL-n25-08,number_of_drones,12,9,10000,0.1,0.4,0.997,100,505.682375,485.232851,13.93126,3.88488,2.633384,2,0.08,0.96,0.01554,0.388488,0.658346,0.166667,True,16.689507,True,506.0261195072045
RDL-n25-08,number_of_drones,0,10,10000,0.1,0.4,0.997,100,519.556689,519.556689,0.0,0.0,0.0,0,0.0,1.0,0.0,0.0,0.0,0.0,True,14.330889,False,
RDL-n25-08,number_of_drones,2,10,10000,0.1,0.4,0.997,100,505.682375,485.232851,13.93126,3.88488,2.633384,2,0.08,0.96,0.01554,0.388488,0.658346,1.0,True,15.492412,True,519.5566886991598
RDL-n25-08,number_of_drones,4,10,10000,0.1,0.4,0.997,100,505.682375,485.232851,13.93126,3.88488,2.633384,2,0.08,0.96,0.01554,0.388488,0.658346,0.5,True,16.285853,True,505.68237480372534
RDL-n25-08,number_of_drones,6,10,10000,0.1,0.4,0.997,100,505.682375,485.232851,13.93126,3.88488,2.633384,2,0.08,0.96,0.01554,0.388488,0.658346,0.333333,True,16.413281,True,505.68237480372534
RDL-n25-08,number_of_drones,8,10,10000,0.1,0.4,0.997,100,505.682375,485.232851,13.93126,3.88488,2.633384,2,0.08,0.96,0.01554,0.388488,0.658346,0.25,True,16.406227,True,505.68237480372534
RDL-n25-08,number_of_drones,10,10,10000,0.1,0.4,0.997,100,505.682375,485.232851,13.93126,3.88488,2.633384,2,0.08,0.96,0.01554,0.388488,0.658346,0.2,True,16.54422,True,505.68237480372534
RDL-n25-08,number_of_drones,12,10,10000,0.1,0.4,0.997,100,505.682375,485.232851,13.93126,3.88488,2.633384,2,0.08,0.96,0.01554,0.388488,0.658346,0.166667,True,16.27861,True,505.68237480372534
RDL-n25-08,drone_range,8,1,10000,0.1,0.4,0.997,100,505.682375,485.232851,13.93126,3.88488,2.633384,2,0.08,0.96,0.01554,0.388488,0.658346,0.25,True,17.739193,False,
RDL-n25-08,drone_range,12,1,10000,0.1,0.4,0.997,100,505.682375,485.232851,13.93126,3.88488,2.633384,2,0.08,0.96,0.01554,0.388488,0.658346,0.25,True,17.33486,True,505.68237480372534
RDL-n25-08,drone_range,16,1,10000,0.1,0.4,0.997,100,505.682375,485.232851,13.93126,3.88488,2.633384,2,0.08,0.96,0.01554,0.388488,0.658346,0.25,True,17.468925,True,505.68237480372534
RDL-n25-08,drone_range,20,1,10000,0.1,0.4,0.997,100,505.682375,485.232851,13.93126,3.88488,2.633384,2,0.08,0.96,0.01554,0.388488,0.658346,0.25,True,16.402253,True,505.68237480372534
RDL-n25-08,drone_range,24,1,10000,0.1,0.4,0.997,100,505.682375,485.232851,13.93126,3.88488,2.633384,2,0.08,0.96,0.01554,0.388488,0.658346,0.25,True,16.576852,True,505.68237480372534
RDL-n25-08,drone_range,30,1,10000,0.1,0.4,0.997,100,505.682375,485.232851,13.93126,3.88488,2.633384,2,0.08,0.96,0.01554,0.388488,0.658346,0.25,True,16.410539,True,505.68237480372534
RDL-n25-08,drone_range,8,2,10000,0.1,0.4,0.997,100,507.691745,499.769036,6.96563,0.0,0.957079,1,0.04,1.0,0.0,0.0,0.478539,0.125,True,18.16914,False,
RDL-n25-08,drone_range,12,2,10000,0.1,0.4,0.997,100,507.691745,499.769036,6.96563,0.0,0.957079,1,0.04,1.0,0.0,0.0,0.478539,0.125,True,17.363839,True,507.6917446300357
RDL-n25-08,drone_range,16,2,10000,0.1,0.4,0.997,100,506.909375,481.71898,20.89689,0.0,4.293505,3,0.12,1.0,0.0,0.0,0.715584,0.375,True,17.316777,True,507.6917446300357
RDL-n25-08,drone_range,20,2,10000,0.1,0.4,0.997,100,505.682375,485.232851,13.93126,3.88488,2.633384,2,0.08,0.96,0.01554,0.388488,0.658346,0.25,True,16.684955,True,506.9093749664586
RDL-n25-08,drone_range,24,2,10000,0.1,0.4,0.997,100,505.682375,485.232851,13.93126,3.88488,2.633384,2,0.08,0.96,0.01554,0.388488,0.658346,0.25,True,17.237716,True,505.68237480372534
RDL-n25-08,drone_range,30,2,10000,0.1,0.4,0.997,100,505.682375,485.232851,13.93126,3.88488,2.633384,2,0.08,0.96,0.01554,0.388488,0.658346,0.25,True,17.028866,True,505.68237480372534
RDL-n25-08,drone_range,8,3,10000,0.1,0.4,0.997,100,507.691745,499.769036,6.96563,0.0,0.957079,1,0.04,1.0,0.0,0.0,0.478539,0.125,True,17.583745,False,
RDL-n25-08,drone_range,12,3,10000,0.1,0.4,0.997,100,506.826948,481.636554,20.89689,0.0,4.293505,3,0.12,1.0,0.0,0.0,0.715584,0.375,True,17.130778,True,507.6917446300358
RDL-n25-08,drone_range,16,3,10000,0.1,0.4,0.997,100,505.682375,485.232851,13.93126,3.88488,2.633384,2,0.08,0.96,0.01554,0.388488,0.658346,0.25,True,16.442529,True,506.8269483892244
RDL-n25-08,drone_range,20,3,10000,0.1,0.4,0.997,100,505.682375,485.232851,13.93126,3.88488,2.633384,2,0.08,0.96,0.01554,0.388488,0.658346,0.25,True,17.91583,True,505.6823748037254
RDL-n25-08,drone_range,24,3,10000,0.1,0.4,0.997,100,505.682375,485.232851,13.93126,3.88488,2.633384,2,0.08,0.96,0.01554,0.388488,0.658346,0.25,True,18.884557,True,505.6823748037254
RDL-n25-08,drone_range,30,3,10000,0.1,0.4,0.997,100,505.682375,485.232851,13.93126,3.88488,2.633384,2,0.08,0.96,0.01554,0.388488,0.658346,0.25,True,18.414786,True,505.6823748037254
RDL-n25-08,drone_range,8,4,10000,0.1,0.4,0.997,100,506.826948,481.636554,20.89689,0.0,4.293505,3,0.12,1.0,0.0,0.0,0.715584,0.375,True,19.939101,False,
RDL-n25-08,drone_range,12,4,10000,0.1,0.4,0.997,100,506.826948,481.636554,20.89689,0.0,4.293505,3,0.12,1.0,0.0,0.0,0.715584,0.375,True,19.828796,True,506.8269483892244
RDL-n25-08,drone_range,16,4,10000,0.1,0.4,0.997,100,506.826948,481.636554,20.89689,0.0,4.293505,3,0.12,1.0,0.0,0.0,0.715584,0.375,True,20.226501,True,506.8269483892244
RDL-n25-08,drone_range,20,4,10000,0.1,0.4,0.997,100,506.826948,481.636554,20.89689,0.0,4.293505,3,0.12,1.0,0.0,0.0,0.715584,0.375,True,19.369442,True,506.8269483892244
RDL-n25-08,drone_range,24,4,10000,0.1,0.4,0.997,100,506.826948,481.636554,20.89689,0.0,4.293505,3,0.12,1.0,0.0,0.0,0.715584,0.375,True,19.454848,True,506.8269483892244
RDL-n25-08,drone_range,30,4,10000,0.1,0.4,0.997,100,506.826948,481.636554,20.89689,0.0,4.293505,3,0.12,1.0,0.0,0.0,0.715584,0.375,True,19.493848,True,506.8269483892244
RDL-n25-08,drone_range,8,5,10000,0.1,0.4,0.997,100,506.826948,481.636554,20.89689,0.0,4.293505,3,0.12,1.0,0.0,0.0,0.715584,0.375,True,20.661141,False,
RDL-n25-08,drone_range,12,5,10000,0.1,0.4,0.997,100,506.826948,481.636554,20.89689,0.0,4.293505,3,0.12,1.0,0.0,0.0,0.715584,0.375,True,20.231879,True,506.8269483892244
RDL-n25-08,drone_range,16,5,10000,0.1,0.4,0.997,100,506.826948,481.636554,20.89689,0.0,4.293505,3,0.12,1.0,0.0,0.0,0.715584,0.375,True,19.657292,True,506.8269483892244
RDL-n25-08,drone_range,20,5,10000,0.1,0.4,0.997,100,506.826948,481.636554,20.89689,0.0,4.293505,3,0.12,1.0,0.0,0.0,0.715584,0.375,True,19.020841,True,506.8269483892244
RDL-n25-08,drone_range,24,5,10000,0.1,0.4,0.997,100,506.826948,481.636554,20.89689,0.0,4.293505,3,0.12,1.0,0.0,0.0,0.715584,0.375,True,19.081488,True,506.8269483892244
RDL-n25-08,drone_range,30,5,10000,0.1,0.4,0.997,100,506.826948,481.636554,20.89689,0.0,4.293505,3,0.12,1.0,0.0,0.0,0.715584,0.375,True,19.059682,True,506.8269483892244
RDL-n25-08,drone_range,8,6,10000,0.1,0.4,0.997,100,507.691745,499.769036,6.96563,0.0,0.957079,1,0.04,1.0,0.0,0.0,0.478539,0.125,True,20.651256,False,
RDL-n25-08,drone_range,12,6,10000,0.1,0.4,0.997,100,507.691745,499.769036,6.96563,0.0,0.957079,1,0.04,1.0,0.0,0.0,0.478539,0.125,True,19.724356,True,507.69174463003606
RDL-n25-08,drone_range,16,6,10000,0.1,0.4,0.997,100,506.826948,481.636554,20.89689,0.0,4.293505,3,0.12,1.0,0.0,0.0,0.715584,0.375,True,19.651024,True,507.69174463003606
RDL-n25-08,drone_range,20,6,10000,0.1,0.4,0.997,100,506.826948,481.636554,20.89689,0.0,4.293505,3,0.12,1.0,0.0,0.0,0.715584,0.375,True,19.189115,True,506.8269483892245
RDL-n25-08,drone_range,24,6,10000,0.1,0.4,0.997,100,506.826948,481.636554,20.89689,0.0,4.293505,3,0.12,1.0,0.0,0.0,0.715584,0.375,True,19.264242,True,506.8269483892245
RDL-n25-08,drone_range,30,6,10000,0.1,0.4,0.997,100,506.826948,481.636554,20.89689,0.0,4.293505,3,0.12,1.0,0.0,0.0,0.715584,0.375,True,19.261559,True,506.8269483892245
RDL-n25-08,drone_range,8,7,10000,0.1,0.4,0.997,100,506.826948,481.636554,20.89689,0.0,4.293505,3,0.12,1.0,0.0,0.0,0.715584,0.375,True,20.903316,False,
RDL-n25-08,drone_range,12,7,10000,0.1,0.4,0.997,100,505.682375,485.232851,13.93126,3.88488,2.633384,2,0.08,0.96,0.01554,0.388488,0.658346,0.25,True,19.758591,True,506.8269483892244
RDL-n25-08,drone_range,16,7,10000,0.1,0.4,0.997,100,505.682375,485.232851,13.93126,3.88488,2.633384,2,0.08,0.96,0.01554,0.388488,0.658346,0.25,True,20.129782,True,505.68237480372534
RDL-n25-08,drone_range,20,7,10000,0.1,0.4,0.997,100,505.682375,485.232851,13.93126,3.88488,2.633384,2,0.08,0.96,0.01554,0.388488,0.658346,0.25,True,19.296209,True,505.68237480372534
RDL-n25-08,drone_range,24,7,10000,0.1,0.4,0.997,100,505.682375,485.232851,13.93126,3.88488,2.633384,2,0.08,0.96,0.01554,0.388488,0.658346,0.25,True,19.272419,True,505.68237480372534
RDL-n25-08,drone_range,30,7,10000,0.1,0.4,0.997,100,505.682375,485.232851,13.93126,3.88488,2.633384,2,0.08,0.96,0.01554,0.388488,0.658346,0.25,True,19.318994,True,505.68237480372534
RDL-n25-08,drone_range,8,8,10000,0.1,0.4,0.997,100,506.826948,481.636554,20.89689,0.0,4.293505,3,0.12,1.0,0.0,0.0,0.715584,0.375,True,20.555516,False,
RDL-n25-08,drone_range,12,8,10000,0.1,0.4,0.997,100,506.826948,481.636554,20.89689,0.0,4.293505,3,0.12,1.0,0.0,0.0,0.715584,0.375,True,20.029976,True,506.8269483892244
RDL-n25-08,drone_range,16,8,10000,0.1,0.4,0.997,100,505.682375,485.232851,13.93126,3.88488,2.633384,2,0.08,0.96,0.01554,0.388488,0.658346,0.25,True,19.735585,True,506.8269483892244
RDL-n25-08,drone_range,20,8,10000,0.1,0.4,0.997,100,505.682375,485.232851,13.93126,3.88488,2.633384,2,0.08,0.96,0.01554,0.388488,0.658346,0.25,True,18.923053,True,505.6823748037253
RDL-n25-08,drone_range,24,8,10000,0.1,0.4,0.997,100,505.682375,485.232851,13.93126,3.88488,2.633384,2,0.08,0.96,0.01554,0.388488,0.658346,0.25,True,18.951648,True,505.6823748037253
RDL-n25-08,drone_range,30,8,10000,0.1,0.4,0.997,100,505.682375,485.232851,13.93126,3.88488,2.633384,2,0.08,0.96,0.01554,0.388488,0.658346,0.25,True,18.962328,True,505.6823748037253
RDL-n25-08,drone_range,8,9,10000,0.1,0.4,0.997,100,505.699456,485.249932,13.93126,3.88488,2.633384,2,0.08,0.96,0.01554,0.388488,0.658346,0.25,True,20.613787,False,
RDL-n25-08,drone_range,12,9,10000,0.1,0.4,0.997,100,505.682375,485.232851,13.93126,3.88488,2.633384,2,0.08,0.96,0.01554,0.388488,0.658346,0.25,True,20.123099,True,505.6994564076318
RDL-n25-08,drone_range,16,9,10000,0.1,0.4,0.997,100,505.682375,485.232851,13.93126,3.88488,2.633384,2,0.08,0.96,0.01554,0.388488,0.658346,0.25,True,19.404378,True,505.68237480372545
RDL-n25-08,drone_range,20,9,10000,0.1,0.4,0.997,100,505.682375,485.232851,13.93126,3.88488,2.633384,2,0.08,0.96,0.01554,0.388488,0.658346,0.25,True,19.076291,True,505.68237480372545
RDL-n25-08,drone_range,24,9,10000,0.1,0.4,0.997,100,505.682375,485.232851,13.93126,3.88488,2.633384,2,0.08,0.96,0.01554,0.388488,0.658346,0.25,True,19.014082,True,505.68237480372545
RDL-n25-08,drone_range,30,9,10000,0.1,0.4,0.997,100,505.682375,485.232851,13.93126,3.88488,2.633384,2,0.08,0.96,0.01554,0.388488,0.658346,0.25,True,19.017191,True,505.68237480372545
RDL-n25-08,drone_range,8,10,10000,0.1,0.4,0.997,100,506.826948,481.636554,20.89689,0.0,4.293505,3,0.12,1.0,0.0,0.0,0.715584,0.375,True,19.94738,False,
RDL-n25-08,drone_range,12,10,10000,0.1,0.4,0.997,100,506.826948,481.636554,20.89689,0.0,4.293505,3,0.12,1.0,0.0,0.0,0.715584,0.375,True,19.479134,True,506.8269483892245
RDL-n25-08,drone_range,16,10,10000,0.1,0.4,0.997,100,506.826948,481.636554,20.89689,0.0,4.293505,3,0.12,1.0,0.0,0.0,0.715584,0.375,True,19.6695,True,506.8269483892245
RDL-n25-08,drone_range,20,10,10000,0.1,0.4,0.997,100,506.826948,481.636554,20.89689,0.0,4.293505,3,0.12,1.0,0.0,0.0,0.715584,0.375,True,19.035048,True,506.8269483892245
RDL-n25-08,drone_range,24,10,10000,0.1,0.4,0.997,100,506.826948,481.636554,20.89689,0.0,4.293505,3,0.12,1.0,0.0,0.0,0.715584,0.375,True,19.000959,True,506.8269483892245
RDL-n25-08,drone_range,30,10,10000,0.1,0.4,0.997,100,506.826948,481.636554,20.89689,0.0,4.293505,3,0.12,1.0,0.0,0.0,0.715584,0.375,True,18.927882,True,506.8269483892245
RDL-n25-08,number_of_lockers,2,1,10000,0.1,0.4,0.997,100,519.798811,519.798811,0.0,0.0,0.0,0,0.0,1.0,0.0,0.0,0.0,0.0,True,16.474656,False,
RDL-n25-08,number_of_lockers,3,1,10000,0.1,0.4,0.997,100,507.691745,499.769036,6.96563,0.0,0.957079,1,0.04,1.0,0.0,0.0,0.478539,0.125,True,17.087197,True,519.7988110068462
RDL-n25-08,number_of_lockers,4,1,10000,0.1,0.4,0.997,100,507.691745,499.769036,6.96563,0.0,0.957079,1,0.04,1.0,0.0,0.0,0.478539,0.125,True,19.440161,True,507.6917446300357
RDL-n25-08,number_of_lockers,5,1,10000,0.1,0.4,0.997,100,507.691745,499.769036,6.96563,0.0,0.957079,1,0.04,1.0,0.0,0.0,0.478539,0.125,True,19.494178,True,507.6917446300357
RDL-n25-08,number_of_lockers,6,1,10000,0.1,0.4,0.997,100,507.691745,499.769036,6.96563,0.0,0.957079,1,0.04,1.0,0.0,0.0,0.478539,0.125,True,19.416966,True,507.6917446300357
RDL-n25-08,number_of_lockers,8,1,10000,0.1,0.4,0.997,100,507.260806,499.769036,6.999882,0.0,0.491888,1,0.04,1.0,0.0,0.0,0.245944,0.125,True,19.220688,True,507.6917446300357
RDL-n25-08,number_of_lockers,10,1,10000,0.1,0.4,0.997,100,505.995977,481.636554,21.543235,0.0,2.816188,3,0.12,1.0,0.0,0.0,0.469365,0.375,True,19.206381,True,507.260805670479
RDL-n25-08,number_of_lockers,2,2,10000,0.1,0.4,0.997,100,518.749684,518.749684,0.0,0.0,0.0,0,0.0,1.0,0.0,0.0,0.0,0.0,True,16.375714,False,
RDL-n25-08,number_of_lockers,3,2,10000,0.1,0.4,0.997,100,505.682375,485.232851,13.93126,3.88488,2.633384,2,0.08,0.96,0.01554,0.388488,0.658346,0.25,True,17.459355,True,518.7496837971216
RDL-n25-08,number_of_lockers,4,2,10000,0.1,0.4,0.997,100,505.682375,485.232851,13.93126,3.88488,2.633384,2,0.08,0.96,0.01554,0.388488,0.658346,0.25,True,19.520903,True,505.6823748037254
RDL-n25-08,number_of_lockers,5,2,10000,0.1,0.4,0.997,100,505.682375,485.232851,13.93126,3.88488,2.633384,2,0.08,0.96,0.01554,0.388488,0.658346,0.25,True,19.544427,True,505.6823748037254
RDL-n25-08,number_of_lockers,6,2,10000,0.1,0.4,0.997,100,505.682375,485.232851,13.93126,3.88488,2.633384,2,0.08,0.96,0.01554,0.388488,0.658346,0.25,True,19.521423,True,505.6823748037254
RDL-n25-08,number_of_lockers,8,2,10000,0.1,0.4,0.997,100,505.251436,485.232851,13.965512,3.88488,2.168193,2,0.08,0.96,0.01554,0.388488,0.542048,0.25,True,19.405543,True,505.6823748037254
RDL-n25-08,number_of_lockers,10,2,10000,0.1,0.4,0.997,100,505.12148,485.232851,14.543353,3.88488,1.460396,2,0.08,0.96,0.01554,0.388488,0.365099,0.25,True,19.277144,True,505.2514358441687
RDL-n25-08,number_of_lockers,2,3,10000,0.1,0.4,0.997,100,520.368355,517.000429,0.0,3.367926,0.0,0,0.0,0.96,0.013472,0.336793,0.0,0.0,True,16.34357,False,
RDL-n25-08,number_of_lockers,3,3,10000,0.1,0.4,0.997,100,507.691745,499.769036,6.96563,0.0,0.957079,1,0.04,1.0,0.0,0.0,0.478539,0.125,True,17.125012,True,520.3683549941582
RDL-n25-08,number_of_lockers,4,3,10000,0.1,0.4,0.997,100,505.682375,485.232851,13.93126,3.88488,2.633384,2,0.08,0.96,0.01554,0.388488,0.658346,0.25,True,19.499469,True,507.69174463003577
RDL-n25-08,number_of_lockers,5,3,10000,0.1,0.4,0.997,100,505.682375,485.232851,13.93126,3.88488,2.633384,2,0.08,0.96,0.01554,0.388488,0.658346,0.25,True,19.138278,True,505.68237480372534
RDL-n25-08,number_of_lockers,6,3,10000,0.1,0.4,0.997,100,505.682375,485.232851,13.93126,3.88488,2.633384,2,0.08,0.96,0.01554,0.388488,0.658346,0.25,True,19.146526,True,505.68237480372534
RDL-n25-08,number_of_lockers,8,3,10000,0.1,0.4,0.997,100,505.251436,485.232851,13.965512,3.88488,2.168193,2,0.08,0.96,0.01554,0.388488,0.542048,0.25,True,19.298632,True,505.68237480372534
RDL-n25-08,number_of_lockers,10,3,10000,0.1,0.4,0.997,100,505.12148,485.232851,14.543353,3.88488,1.460396,2,0.08,0.96,0.01554,0.388488,0.365099,0.25,True,18.98536,True,505.25143584416867
RDL-n25-08,number_of_lockers,2,4,10000,0.1,0.4,0.997,100,520.803004,520.803004,0.0,0.0,0.0,0,0.0,1.0,0.0,0.0,0.0,0.0,True,16.284405,False,
RDL-n25-08,number_of_lockers,3,4,10000,0.1,0.4,0.997,100,506.826948,481.636554,20.89689,0.0,4.293505,3,0.12,1.0,0.0,0.0,0.715584,0.375,True,17.494778,True,520.8030037198139
RDL-n25-08,number_of_lockers,4,4,10000,0.1,0.4,0.997,100,506.826948,481.636554,20.89689,0.0,4.293505,3,0.12,1.0,0.0,0.0,0.715584,0.375,True,19.662992,True,506.8269483892244
RDL-n25-08,number_of_lockers,5,4,10000,0.1,0.4,0.997,100,506.826948,481.636554,20.89689,0.0,4.293505,3,0.12,1.0,0.0,0.0,0.715584,0.375,True,19.687492,True,506.8269483892244
RDL-n25-08,number_of_lockers,6,4,10000,0.1,0.4,0.997,100,506.826948,481.636554,20.89689,0.0,4.293505,3,0.12,1.0,0.0,0.0,0.715584,0.375,True,19.647966,True,506.8269483892244
RDL-n25-08,number_of_lockers,8,4,10000,0.1,0.4,0.997,100,506.125932,481.636554,20.965394,0.0,3.523985,3,0.12,1.0,0.0,0.0,0.587331,0.375,True,19.25493,True,506.8269483892244
RDL-n25-08,number_of_lockers,10,4,10000,0.1,0.4,0.997,100,505.995977,481.636554,21.543235,0.0,2.816188,3,0.12,1.0,0.0,0.0,0.469365,0.375,True,19.647916,True,506.12593227979806
RDL-n25-08,number_of_lockers,2,5,10000,0.1,0.4,0.997,100,519.798811,519.798811,0.0,0.0,0.0,0,0.0,1.0,0.0,0.0,0.0,0.0,True,16.566784,False,
RDL-n25-08,number_of_lockers,3,5,10000,0.1,0.4,0.997,100,507.179465,482.289632,20.89689,0.0,3.992943,3,0.12,1.0,0.0,0.0,0.665491,0.375,True,17.59135,True,519.798811006846
RDL-n25-08,number_of_lockers,4,5,10000,0.1,0.4,0.997,100,507.179465,482.289632,20.89689,0.0,3.992943,3,0.12,1.0,0.0,0.0,0.665491,0.375,True,19.423822,True,507.17946497165997
RDL-n25-08,number_of_lockers,5,5,10000,0.1,0.4,0.997,100,507.179465,482.289632,20.89689,0.0,3.992943,3,0.12,1.0,0.0,0.0,0.665491,0.375,True,19.425706,True,507.17946497165997
RDL-n25-08,number_of_lockers,6,5,10000,0.1,0.4,0.997,100,507.179465,482.289632,20.89689,0.0,3.992943,3,0.12,1.0,0.0,0.0,0.665491,0.375,True,19.462956,True,507.17946497165997
RDL-n25-08,number_of_lockers,8,5,10000,0.1,0.4,0.997,100,506.125932,481.636554,20.965394,0.0,3.523985,3,0.12,1.0,0.0,0.0,0.587331,0.375,True,19.003333,True,507.17946497165997
RDL-n25-08,number_of_lockers,10,5,10000,0.1,0.4,0.997,100,505.995977,481.636554,21.543235,0.0,2.816188,3,0.12,1.0,0.0,0.0,0.469365,0.375,True,19.157894,True,506.12593227979795
RDL-n25-08,number_of_lockers,2,6,10000,0.1,0.4,0.997,100,519.25536,519.25536,0.0,0.0,0.0,0,0.0,1.0,0.0,0.0,0.0,0.0,True,16.314958,False,
RDL-n25-08,number_of_lockers,3,6,10000,0.1,0.4,0.997,100,506.829263,481.638869,20.89689,0.0,4.293505,3,0.12,1.0,0.0,0.0,0.715584,0.375,True,17.295063,True,519.2553596135906
RDL-n25-08,number_of_lockers,4,6,10000,0.1,0.4,0.997,100,506.826948,481.636554,20.89689,0.0,4.293505,3,0.12,1.0,0.0,0.0,0.715584,0.375,True,19.219985,True,506.8292631000753
RDL-n25-08,number_of_lockers,5,6,10000,0.1,0.4,0.997,100,506.826948,481.636554,20.89689,0.0,4.293505,3,0.12,1.0,0.0,0.0,0.715584,0.375,True,18.767728,True,506.8269483892244
RDL-n25-08,number_of_lockers,6,6,10000,0.1,0.4,0.997,100,506.826948,481.636554,20.89689,0.0,4.293505,3,0.12,1.0,0.0,0.0,0.715584,0.375,True,18.80036,True,506.8269483892244
RDL-n25-08,number_of_lockers,8,6,10000,0.1,0.4,0.997,100,506.125932,481.636554,20.965394,0.0,3.523985,3,0.12,1.0,0.0,0.0,0.587331,0.375,True,18.583174,True,506.8269483892244
RDL-n25-08,number_of_lockers,10,6,10000,0.1,0.4,0.997,100,506.125932,481.636554,20.965394,0.0,3.523985,3,0.12,1.0,0.0,0.0,0.587331,0.375,True,18.755801,True,506.12593227979806
RDL-n25-08,number_of_lockers,2,7,10000,0.1,0.4,0.997,100,521.999809,521.999809,0.0,0.0,0.0,0,0.0,1.0,0.0,0.0,0.0,0.0,True,17.084551,False,
RDL-n25-08,number_of_lockers,3,7,10000,0.1,0.4,0.997,100,505.682375,485.232851,13.93126,3.88488,2.633384,2,0.08,0.96,0.01554,0.388488,0.658346,0.25,True,17.282223,True,521.9998092842636
RDL-n25-08,number_of_lockers,4,7,10000,0.1,0.4,0.997,100,505.682375,485.232851,13.93126,3.88488,2.633384,2,0.08,0.96,0.01554,0.388488,0.658346,0.25,True,19.199993,True,505.6823748037254
RDL-n25-08,number_of_lockers,5,7,10000,0.1,0.4,0.997,100,505.682375,485.232851,13.93126,3.88488,2.633384,2,0.08,0.96,0.01554,0.388488,0.658346,0.25,True,19.186636,True,505.6823748037254
RDL-n25-08,number_of_lockers,6,7,10000,0.1,0.4,0.997,100,505.682375,485.232851,13.93126,3.88488,2.633384,2,0.08,0.96,0.01554,0.388488,0.658346,0.25,True,19.211687,True,505.6823748037254
RDL-n25-08,number_of_lockers,8,7,10000,0.1,0.4,0.997,100,505.251436,485.232851,13.965512,3.88488,2.168193,2,0.08,0.96,0.01554,0.388488,0.542048,0.25,True,19.344057,True,505.6823748037254
RDL-n25-08,number_of_lockers,10,7,10000,0.1,0.4,0.997,100,505.12148,485.232851,14.543353,3.88488,1.460396,2,0.08,0.96,0.01554,0.388488,0.365099,0.25,True,19.3018,True,505.2514358441687
RDL-n25-08,number_of_lockers,2,8,10000,0.1,0.4,0.997,100,519.559196,519.559196,0.0,0.0,0.0,0,0.0,1.0,0.0,0.0,0.0,0.0,True,16.123944,False,
RDL-n25-08,number_of_lockers,3,8,10000,0.1,0.4,0.997,100,506.826948,481.636554,20.89689,0.0,4.293505,3,0.12,1.0,0.0,0.0,0.715584,0.375,True,17.249547,True,519.5591964399122
RDL-n25-08,number_of_lockers,4,8,10000,0.1,0.4,0.997,100,506.826948,481.636554,20.89689,0.0,4.293505,3,0.12,1.0,0.0,0.0,0.715584,0.375,True,18.829761,True,506.8269483892244
RDL-n25-08,number_of_lockers,5,8,10000,0.1,0.4,0.997,100,506.826948,481.636554,20.89689,0.0,4.293505,3,0.12,1.0,0.0,0.0,0.715584,0.375,True,18.873323,True,506.8269483892244
RDL-n25-08,number_of_lockers,6,8,10000,0.1,0.4,0.997,100,506.826948,481.636554,20.89689,0.0,4.293505,3,0.12,1.0,0.0,0.0,0.715584,0.375,True,18.823435,True,506.8269483892244
RDL-n25-08,number_of_lockers,8,8,10000,0.1,0.4,0.997,100,506.125932,481.636554,20.965394,0.0,3.523985,3,0.12,1.0,0.0,0.0,0.587331,0.375,True,19.19084,True,506.8269483892244
RDL-n25-08,number_of_lockers,10,8,10000,0.1,0.4,0.997,100,505.12148,485.232851,14.543353,3.88488,1.460396,2,0.08,0.96,0.01554,0.388488,0.365099,0.25,True,18.941257,True,506.12593227979806
RDL-n25-08,number_of_lockers,2,9,10000,0.1,0.4,0.997,100,521.17536,517.807434,0.0,3.367926,0.0,0,0.0,0.96,0.013472,0.336793,0.0,0.0,True,15.901152,False,
RDL-n25-08,number_of_lockers,3,9,10000,0.1,0.4,0.997,100,506.826948,481.636554,20.89689,0.0,4.293505,3,0.12,1.0,0.0,0.0,0.715584,0.375,True,17.014894,True,521.1753598961966
RDL-n25-08,number_of_lockers,4,9,10000,0.1,0.4,0.997,100,506.826948,481.636554,20.89689,0.0,4.293505,3,0.12,1.0,0.0,0.0,0.715584,0.375,True,19.004841,True,506.8269483892244
RDL-n25-08,number_of_lockers,5,9,10000,0.1,0.4,0.997,100,506.826948,481.636554,20.89689,0.0,4.293505,3,0.12,1.0,0.0,0.0,0.715584,0.375,True,18.955135,True,506.8269483892244
RDL-n25-08,number_of_lockers,6,9,10000,0.1,0.4,0.997,100,506.826948,481.636554,20.89689,0.0,4.293505,3,0.12,1.0,0.0,0.0,0.715584,0.375,True,19.028871,True,506.8269483892244
RDL-n25-08,number_of_lockers,8,9,10000,0.1,0.4,0.997,100,506.125932,481.636554,20.965394,0.0,3.523985,3,0.12,1.0,0.0,0.0,0.587331,0.375,True,19.127639,True,506.8269483892244
RDL-n25-08,number_of_lockers,10,9,10000,0.1,0.4,0.997,100,505.995977,481.636554,21.543235,0.0,2.816188,3,0.12,1.0,0.0,0.0,0.469365,0.375,True,19.043426,True,506.12593227979806
RDL-n25-08,number_of_lockers,2,10,10000,0.1,0.4,0.997,100,520.060388,520.060388,0.0,0.0,0.0,0,0.0,1.0,0.0,0.0,0.0,0.0,True,16.322031,False,
RDL-n25-08,number_of_lockers,3,10,10000,0.1,0.4,0.997,100,506.826948,481.636554,20.89689,0.0,4.293505,3,0.12,1.0,0.0,0.0,0.715584,0.375,True,17.339825,True,520.0603876563853
RDL-n25-08,number_of_lockers,4,10,10000,0.1,0.4,0.997,100,506.826948,481.636554,20.89689,0.0,4.293505,3,0.12,1.0,0.0,0.0,0.715584,0.375,True,19.410762,True,506.8269483892244
RDL-n25-08,number_of_lockers,5,10,10000,0.1,0.4,0.997,100,506.826948,481.636554,20.89689,0.0,4.293505,3,0.12,1.0,0.0,0.0,0.715584,0.375,True,19.40158,True,506.8269483892244
RDL-n25-08,number_of_lockers,6,10,10000,0.1,0.4,0.997,100,506.826948,481.636554,20.89689,0.0,4.293505,3,0.12,1.0,0.0,0.0,0.715584,0.375,True,19.487065,True,506.8269483892244
RDL-n25-08,number_of_lockers,8,10,10000,0.1,0.4,0.997,100,506.125932,481.636554,20.965394,0.0,3.523985,3,0.12,1.0,0.0,0.0,0.587331,0.375,True,19.463299,True,506.8269483892244
RDL-n25-08,number_of_lockers,10,10,10000,0.1,0.4,0.997,100,505.995977,481.636554,21.543235,0.0,2.816188,3,0.12,1.0,0.0,0.0,0.469365,0.375,True,18.910121,True,506.12593227979806
RDL-n25-08,self_pickup_compensation_cW,0,1,10000,0.1,0.4,0.997,100,503.685884,482.788994,20.89689,0.0,0.0,3,0.12,1.0,0.0,0.0,0.715584,0.375,True,19.173352,False,
RDL-n25-08,self_pickup_compensation_cW,1,1,10000,0.1,0.4,0.997,100,507.213205,499.769036,6.96563,0.0,0.478539,1,0.04,1.0,0.0,0.0,0.478539,0.125,True,18.667503,False,
RDL-n25-08,self_pickup_compensation_cW,2,1,10000,0.1,0.4,0.997,100,507.296213,485.789105,13.93126,4.942464,2.633384,2,0.08,0.96,0.01977,0.494246,0.658346,0.25,True,19.745505,False,
RDL-n25-08,self_pickup_compensation_cW,4,1,10000,0.1,0.4,0.997,100,511.582052,499.334338,6.96563,3.367926,1.914158,1,0.04,0.96,0.013472,0.336793,0.478539,0.125,True,18.493698,False,
RDL-n25-08,self_pickup_compensation_cW,6,1,10000,0.1,0.4,0.997,100,512.539131,499.334338,6.96563,3.367926,2.871237,1,0.04,0.96,0.013472,0.336793,0.478539,0.125,True,18.775849,False,
RDL-n25-08,self_pickup_compensation_cW,8,1,10000,0.1,0.4,0.997,100,510.562981,499.769036,6.96563,0.0,3.828316,1,0.04,1.0,0.0,0.0,0.478539,0.125,True,19.148745,False,
RDL-n25-08,self_pickup_compensation_cW,0,2,10000,0.1,0.4,0.997,100,509.667894,499.334338,6.96563,3.367926,0.0,1,0.04,0.96,0.013472,0.336793,0.478539,0.125,True,19.141399,False,
RDL-n25-08,self_pickup_compensation_cW,1,2,10000,0.1,0.4,0.997,100,507.213205,499.769036,6.96563,0.0,0.478539,1,0.04,1.0,0.0,0.0,0.478539,0.125,True,19.051409,False,
RDL-n25-08,self_pickup_compensation_cW,2,2,10000,0.1,0.4,0.997,100,506.826948,481.636554,20.89689,0.0,4.293505,3,0.12,1.0,0.0,0.0,0.715584,0.375,True,19.133586,False,
RDL-n25-08,self_pickup_compensation_cW,4,2,10000,0.1,0.4,0.997,100,508.648824,499.769036,6.96563,0.0,1.914158,1,0.04,1.0,0.0,0.0,0.478539,0.125,True,19.196474,False,
RDL-n25-08,self_pickup_compensation_cW,6,2,10000,0.1,0.4,0.997,100,509.605902,499.769036,6.96563,0.0,2.871237,1,0.04,1.0,0.0,0.0,0.478539,0.125,True,19.43418,False,
RDL-n25-08,self_pickup_compensation_cW,8,2,10000,0.1,0.4,0.997,100,510.562981,499.769036,6.96563,0.0,3.828316,1,0.04,1.0,0.0,0.0,0.478539,0.125,True,19.245966,False,
RDL-n25-08,self_pickup_compensation_cW,0,3,10000,0.1,0.4,0.997,100,503.04899,485.232851,13.93126,3.88488,0.0,2,0.08,0.96,0.01554,0.388488,0.658346,0.25,True,18.845065,False,
RDL-n25-08,self_pickup_compensation_cW,1,3,10000,0.1,0.4,0.997,100,510.146433,499.334338,6.96563,3.367926,0.478539,1,0.04,0.96,0.013472,0.336793,0.478539,0.125,True,18.76408,False,
RDL-n25-08,self_pickup_compensation_cW,2,3,10000,0.1,0.4,0.997,100,506.826948,481.636554,20.89689,0.0,4.293505,3,0.12,1.0,0.0,0.0,0.715584,0.375,True,18.967915,False,
RDL-n25-08,self_pickup_compensation_cW,4,3,10000,0.1,0.4,0.997,100,508.648824,499.769036,6.96563,0.0,1.914158,1,0.04,1.0,0.0,0.0,0.478539,0.125,True,18.854556,False,
RDL-n25-08,self_pickup_compensation_cW,6,3,10000,0.1,0.4,0.997,100,512.821827,499.617034,6.96563,3.367926,2.871237,1,0.04,0.96,0.013472,0.336793,0.478539,0.125,True,18.984401,False,
RDL-n25-08,self_pickup_compensation_cW,8,3,10000,0.1,0.4,0.997,100,510.562981,499.769036,6.96563,0.0,3.828316,1,0.04,1.0,0.0,0.0,0.478539,0.125,True,19.250757,False,
RDL-n25-08,self_pickup_compensation_cW,0,4,10000,0.1,0.4,0.997,100,502.533444,481.636554,20.89689,0.0,0.0,3,0.12,1.0,0.0,0.0,0.715584,0.375,True,19.403751,False,
RDL-n25-08,self_pickup_compensation_cW,1,4,10000,0.1,0.4,0.997,100,504.680196,481.636554,20.89689,0.0,2.146752,3,0.12,1.0,0.0,0.0,0.715584,0.375,True,19.202863,False,
RDL-n25-08,self_pickup_compensation_cW,2,4,10000,0.1,0.4,0.997,100,507.691745,499.769036,6.96563,0.0,0.957079,1,0.04,1.0,0.0,0.0,0.478539,0.125,True,19.02237,False,
RDL-n25-08,self_pickup_compensation_cW,4,4,10000,0.1,0.4,0.997,100,508.648824,499.769036,6.96563,0.0,1.914158,1,0.04,1.0,0.0,0.0,0.478539,0.125,True,19.006456,False,
RDL-n25-08,self_pickup_compensation_cW,6,4,10000,0.1,0.4,0.997,100,509.605902,499.769036,6.96563,0.0,2.871237,1,0.04,1.0,0.0,0.0,0.478539,0.125,True,18.917055,False,
RDL-n25-08,self_pickup_compensation_cW,8,4,10000,0.1,0.4,0.997,100,510.562981,499.769036,6.96563,0.0,3.828316,1,0.04,1.0,0.0,0.0,0.478539,0.125,True,19.007791,False,
RDL-n25-08,self_pickup_compensation_cW,0,5,10000,0.1,0.4,0.997,100,502.533444,481.636554,20.89689,0.0,0.0,3,0.12,1.0,0.0,0.0,0.715584,0.375,True,19.098231,False,
RDL-n25-08,self_pickup_compensation_cW,1,5,10000,0.1,0.4,0.997,100,504.917782,481.87414,20.89689,0.0,2.146752,3,0.12,1.0,0.0,0.0,0.715584,0.375,True,18.448174,False,
RDL-n25-08,self_pickup_compensation_cW,2,5,10000,0.1,0.4,0.997,100,507.691745,499.769036,6.96563,0.0,0.957079,1,0.04,1.0,0.0,0.0,0.478539,0.125,True,18.88306,False,
RDL-n25-08,self_pickup_compensation_cW,4,5,10000,0.1,0.4,0.997,100,508.415267,485.332359,13.93126,3.88488,5.266769,2,0.08,0.96,0.01554,0.388488,0.658346,0.25,True,18.766659,False,
RDL-n25-08,self_pickup_compensation_cW,6,5,10000,0.1,0.4,0.997,100,509.605902,499.769036,6.96563,0.0,2.871237,1,0.04,1.0,0.0,0.0,0.478539,0.125,True,19.077196,False,
RDL-n25-08,self_pickup_compensation_cW,8,5,10000,0.1,0.4,0.997,100,510.562981,499.769036,6.96563,0.0,3.828316,1,0.04,1.0,0.0,0.0,0.478539,0.125,True,19.255751,False,
RDL-n25-08,self_pickup_compensation_cW,0,6,10000,0.1,0.4,0.997,100,503.04899,485.232851,13.93126,3.88488,0.0,2,0.08,0.96,0.01554,0.388488,0.658346,0.25,True,19.360669,False,
RDL-n25-08,self_pickup_compensation_cW,1,6,10000,0.1,0.4,0.997,100,504.607595,485.474763,13.93126,3.88488,1.316692,2,0.08,0.96,0.01554,0.388488,0.658346,0.25,True,19.26304,False,
RDL-n25-08,self_pickup_compensation_cW,2,6,10000,0.1,0.4,0.997,100,510.624973,499.334338,6.96563,3.367926,0.957079,1,0.04,0.96,0.013472,0.336793,0.478539,0.125,True,18.949619,False,
RDL-n25-08,self_pickup_compensation_cW,4,6,10000,0.1,0.4,0.997,100,508.648824,499.769036,6.96563,0.0,1.914158,1,0.04,1.0,0.0,0.0,0.478539,0.125,True,19.052404,False,
RDL-n25-08,self_pickup_compensation_cW,6,6,10000,0.1,0.4,0.997,100,509.605902,499.769036,6.96563,0.0,2.871237,1,0.04,1.0,0.0,0.0,0.478539,0.125,True,19.012938,False,
RDL-n25-08,self_pickup_compensation_cW,8,6,10000,0.1,0.4,0.997,100,513.49621,499.334338,6.96563,3.367926,3.828316,1,0.04,0.96,0.013472,0.336793,0.478539,0.125,True,18.99631,False,
RDL-n25-08,self_pickup_compensation_cW,0,7,10000,0.1,0.4,0.997,100,502.533444,481.636554,20.89689,0.0,0.0,3,0.12,1.0,0.0,0.0,0.715584,0.375,True,19.379702,False,
RDL-n25-08,self_pickup_compensation_cW,1,7,10000,0.1,0.4,0.997,100,504.365683,485.232851,13.93126,3.88488,1.316692,2,0.08,0.96,0.01554,0.388488,0.658346,0.25,True,19.173127,False,
RDL-n25-08,self_pickup_compensation_cW,2,7,10000,0.1,0.4,0.997,100,506.826948,481.636554,20.89689,0.0,4.293505,3,0.12,1.0,0.0,0.0,0.715584,0.375,True,18.980023,False,
RDL-n25-08,self_pickup_compensation_cW,4,7,10000,0.1,0.4,0.997,100,508.315759,485.232851,13.93126,3.88488,5.266769,2,0.08,0.96,0.01554,0.388488,0.658346,0.25,True,18.823996,False,
RDL-n25-08,self_pickup_compensation_cW,6,7,10000,0.1,0.4,0.997,100,509.605902,499.769036,6.96563,0.0,2.871237,1,0.04,1.0,0.0,0.0,0.478539,0.125,True,19.098557,False,
RDL-n25-08,self_pickup_compensation_cW,8,7,10000,0.1,0.4,0.997,100,513.49621,499.334338,6.96563,3.367926,3.828316,1,0.04,0.96,0.013472,0.336793,0.478539,0.125,True,19.74749,False,
RDL-n25-08,self_pickup_compensation_cW,0,8,10000,0.1,0.4,0.997,100,506.195418,492.264158,13.93126,0.0,0.0,2,0.08,1.0,0.0,0.0,0.579159,0.25,True,18.946259,False,
RDL-n25-08,self_pickup_compensation_cW,1,8,10000,0.1,0.4,0.997,100,507.213205,499.769036,6.96563,0.0,0.478539,1,0.04,1.0,0.0,0.0,0.478539,0.125,True,18.785717,False,
RDL-n25-08,self_pickup_compensation_cW,2,8,10000,0.1,0.4,0.997,100,507.06685,481.876455,20.89689,0.0,4.293505,3,0.12,1.0,0.0,0.0,0.715584,0.375,True,19.160432,False,
RDL-n25-08,self_pickup_compensation_cW,4,8,10000,0.1,0.4,0.997,100,508.648824,499.769036,6.96563,0.0,1.914158,1,0.04,1.0,0.0,0.0,0.478539,0.125,True,18.604549,False,
RDL-n25-08,self_pickup_compensation_cW,6,8,10000,0.1,0.4,0.997,100,509.605902,499.769036,6.96563,0.0,2.871237,1,0.04,1.0,0.0,0.0,0.478539,0.125,True,18.68515,False,
RDL-n25-08,self_pickup_compensation_cW,8,8,10000,0.1,0.4,0.997,100,510.562981,499.769036,6.96563,0.0,3.828316,1,0.04,1.0,0.0,0.0,0.478539,0.125,True,19.10319,False,
RDL-n25-08,self_pickup_compensation_cW,0,9,10000,0.1,0.4,0.997,100,502.77103,481.87414,20.89689,0.0,0.0,3,0.12,1.0,0.0,0.0,0.715584,0.375,True,18.9553,False,
RDL-n25-08,self_pickup_compensation_cW,1,9,10000,0.1,0.4,0.997,100,507.213205,499.769036,6.96563,0.0,0.478539,1,0.04,1.0,0.0,0.0,0.478539,0.125,True,19.209378,False,
RDL-n25-08,self_pickup_compensation_cW,2,9,10000,0.1,0.4,0.997,100,507.691745,499.769036,6.96563,0.0,0.957079,1,0.04,1.0,0.0,0.0,0.478539,0.125,True,18.884802,False,
RDL-n25-08,self_pickup_compensation_cW,4,9,10000,0.1,0.4,0.997,100,508.648824,499.769036,6.96563,0.0,1.914158,1,0.04,1.0,0.0,0.0,0.478539,0.125,True,18.975859,False,
RDL-n25-08,self_pickup_compensation_cW,6,9,10000,0.1,0.4,0.997,100,509.605902,499.769036,6.96563,0.0,2.871237,1,0.04,1.0,0.0,0.0,0.478539,0.125,True,19.096956,False,
RDL-n25-08,self_pickup_compensation_cW,8,9,10000,0.1,0.4,0.997,100,510.562981,499.769036,6.96563,0.0,3.828316,1,0.04,1.0,0.0,0.0,0.478539,0.125,True,18.958969,False,
RDL-n25-08,self_pickup_compensation_cW,0,10,10000,0.1,0.4,0.997,100,509.667894,499.334338,6.96563,3.367926,0.0,1,0.04,0.96,0.013472,0.336793,0.478539,0.125,True,18.661234,False,
RDL-n25-08,self_pickup_compensation_cW,1,10,10000,0.1,0.4,0.997,100,510.146433,499.334338,6.96563,3.367926,0.478539,1,0.04,0.96,0.013472,0.336793,0.478539,0.125,True,19.019348,False,
RDL-n25-08,self_pickup_compensation_cW,2,10,10000,0.1,0.4,0.997,100,506.826948,481.636554,20.89689,0.0,4.293505,3,0.12,1.0,0.0,0.0,0.715584,0.375,True,18.818982,False,
RDL-n25-08,self_pickup_compensation_cW,4,10,10000,0.1,0.4,0.997,100,508.648824,499.769036,6.96563,0.0,1.914158,1,0.04,1.0,0.0,0.0,0.478539,0.125,True,19.132483,False,
RDL-n25-08,self_pickup_compensation_cW,6,10,10000,0.1,0.4,0.997,100,509.605902,499.769036,6.96563,0.0,2.871237,1,0.04,1.0,0.0,0.0,0.478539,0.125,True,18.916871,False,
RDL-n25-08,self_pickup_compensation_cW,8,10,10000,0.1,0.4,0.997,100,510.562981,499.769036,6.96563,0.0,3.828316,1,0.04,1.0,0.0,0.0,0.478539,0.125,True,19.323136,False,
RDL-n25-08,delay_penalty_cP,1,1,10000,0.1,0.4,0.997,100,498.348032,477.411698,13.93126,4.37169,2.633384,2,0.08,0.88,0.174868,2.727713,0.658346,0.25,True,18.765338,False,
RDL-n25-08,delay_penalty_cP,5,1,10000,0.1,0.4,0.997,100,506.826948,481.636554,20.89689,0.0,4.293505,3,0.12,1.0,0.0,0.0,0.715584,0.375,True,18.830767,False,
RDL-n25-08,delay_penalty_cP,10,1,10000,0.1,0.4,0.997,100,507.296213,485.789105,13.93126,4.942464,2.633384,2,0.08,0.96,0.01977,0.494246,0.658346,0.25,True,19.583366,False,
RDL-n25-08,delay_penalty_cP,20,1,10000,0.1,0.4,0.997,100,513.294029,496.729384,13.93126,0.0,2.633384,2,0.08,1.0,0.0,0.0,0.658346,0.25,True,19.069986,False,
RDL-n25-08,delay_penalty_cP,30,1,10000,0.1,0.4,0.997,100,506.826948,481.636554,20.89689,0.0,4.293505,3,0.12,1.0,0.0,0.0,0.715584,0.375,True,18.49742,False,
RDL-n25-08,delay_penalty_cP,50,1,10000,0.1,0.4,0.997,100,507.691745,499.769036,6.96563,0.0,0.957079,1,0.04,1.0,0.0,0.0,0.478539,0.125,True,18.488362,False,
RDL-n25-08,delay_penalty_cP,1,2,10000,0.1,0.4,0.997,100,498.348032,477.411698,13.93126,4.37169,2.633384,2,0.08,0.88,0.174868,2.727713,0.658346,0.25,True,18.992343,False,
RDL-n25-08,delay_penalty_cP,5,2,10000,0.1,0.4,0.997,100,503.742249,485.235165,13.93126,1.94244,2.633384,2,0.08,0.96,0.01554,0.388488,0.658346,0.25,True,18.893863,False,
RDL-n25-08,delay_penalty_cP,10,2,10000,0.1,0.4,0.997,100,506.826948,481.636554,20.89689,0.0,4.293505,3,0.12,1.0,0.0,0.0,0.715584,0.375,True,19.011802,False,
RDL-n25-08,delay_penalty_cP,20,2,10000,0.1,0.4,0.997,100,513.040361,496.475717,13.93126,0.0,2.633384,2,0.08,1.0,0.0,0.0,0.658346,0.25,True,18.993302,False,
RDL-n25-08,delay_penalty_cP,30,2,10000,0.1,0.4,0.997,100,513.011332,496.446688,13.93126,0.0,2.633384,2,0.08,1.0,0.0,0.0,0.658346,0.25,True,18.716871,False,
RDL-n25-08,delay_penalty_cP,50,2,10000,0.1,0.4,0.997,100,506.826948,481.636554,20.89689,0.0,4.293505,3,0.12,1.0,0.0,0.0,0.715584,0.375,True,19.055221,False,
RDL-n25-08,delay_penalty_cP,1,3,10000,0.1,0.4,0.997,100,498.35054,477.414206,13.93126,4.37169,2.633384,2,0.08,0.88,0.174868,2.727713,0.658346,0.25,True,19.223861,False,
RDL-n25-08,delay_penalty_cP,5,3,10000,0.1,0.4,0.997,100,503.739935,485.232851,13.93126,1.94244,2.633384,2,0.08,0.92,0.090605,1.876635,0.658346,0.25,True,19.308954,False,
RDL-n25-08,delay_penalty_cP,10,3,10000,0.1,0.4,0.997,100,506.826948,481.636554,20.89689,0.0,4.293505,3,0.12,1.0,0.0,0.0,0.715584,0.375,True,18.901117,False,
RDL-n25-08,delay_penalty_cP,20,3,10000,0.1,0.4,0.997,100,506.829263,481.638869,20.89689,0.0,4.293505,3,0.12,1.0,0.0,0.0,0.715584,0.375,True,19.091577,False,
RDL-n25-08,delay_penalty_cP,30,3,10000,0.1,0.4,0.997,100,507.691745,499.769036,6.96563,0.0,0.957079,1,0.04,1.0,0.0,0.0,0.478539,0.125,True,18.725927,False,
RDL-n25-08,delay_penalty_cP,50,3,10000,0.1,0.4,0.997,100,507.691745,499.769036,6.96563,0.0,0.957079,1,0.04,1.0,0.0,0.0,0.478539,0.125,True,18.602937,False,
RDL-n25-08,delay_penalty_cP,1,4,10000,0.1,0.4,0.997,100,498.348032,477.411698,13.93126,4.37169,2.633384,2,0.08,0.88,0.174868,2.727713,0.658346,0.25,True,18.711775,False,
RDL-n25-08,delay_penalty_cP,5,4,10000,0.1,0.4,0.997,100,507.691745,499.769036,6.96563,0.0,0.957079,1,0.04,1.0,0.0,0.0,0.478539,0.125,True,19.338244,False,
RDL-n25-08,delay_penalty_cP,10,4,10000,0.1,0.4,0.997,100,507.691745,499.769036,6.96563,0.0,0.957079,1,0.04,1.0,0.0,0.0,0.478539,0.125,True,18.953087,False,
RDL-n25-08,delay_penalty_cP,20,4,10000,0.1,0.4,0.997,100,507.691745,499.769036,6.96563,0.0,0.957079,1,0.04,1.0,0.0,0.0,0.478539,0.125,True,18.781624,False,
RDL-n25-08,delay_penalty_cP,30,4,10000,0.1,0.4,0.997,100,507.691745,499.769036,6.96563,0.0,0.957079,1,0.04,1.0,0.0,0.0,0.478539,0.125,True,18.719429,False,
RDL-n25-08,delay_penalty_cP,50,4,10000,0.1,0.4,0.997,100,507.06685,481.876455,20.89689,0.0,4.293505,3,0.12,1.0,0.0,0.0,0.715584,0.375,True,18.95996,False,
RDL-n25-08,delay_penalty_cP,1,5,10000,0.1,0.4,0.997,100,498.35054,477.414206,13.93126,4.37169,2.633384,2,0.08,0.88,0.174868,2.727713,0.658346,0.25,True,18.833955,False,
RDL-n25-08,delay_penalty_cP,5,5,10000,0.1,0.4,0.997,100,504.881576,483.889968,13.93126,4.426964,2.633384,2,0.08,0.92,0.110481,1.876635,0.658346,0.25,True,19.183214,False,
RDL-n25-08,delay_penalty_cP,10,5,10000,0.1,0.4,0.997,100,507.691745,499.769036,6.96563,0.0,0.957079,1,0.04,1.0,0.0,0.0,0.478539,0.125,True,18.768838,False,
RDL-n25-08,delay_penalty_cP,20,5,10000,0.1,0.4,0.997,100,507.691745,499.769036,6.96563,0.0,0.957079,1,0.04,1.0,0.0,0.0,0.478539,0.125,True,18.871515,False,
RDL-n25-08,delay_penalty_cP,30,5,10000,0.1,0.4,0.997,100,506.826948,481.636554,20.89689,0.0,4.293505,3,0.12,1.0,0.0,0.0,0.715584,0.375,True,18.983848,False,
RDL-n25-08,delay_penalty_cP,50,5,10000,0.1,0.4,0.997,100,507.691745,499.769036,6.96563,0.0,0.957079,1,0.04,1.0,0.0,0.0,0.478539,0.125,True,18.985818,False,
RDL-n25-08,delay_penalty_cP,1,6,10000,0.1,0.4,0.997,100,499.416838,474.356674,13.93126,8.495519,2.633384,2,0.08,0.88,0.339821,6.354638,0.658346,0.25,True,18.512358,False,
RDL-n25-08,delay_penalty_cP,5,6,10000,0.1,0.4,0.997,100,506.826948,481.636554,20.89689,0.0,4.293505,3,0.12,1.0,0.0,0.0,0.715584,0.375,True,18.857954,False,
RDL-n25-08,delay_penalty_cP,10,6,10000,0.1,0.4,0.997,100,510.624973,499.334338,6.96563,3.367926,0.957079,1,0.04,0.96,0.013472,0.336793,0.478539,0.125,True,18.904258,False,
RDL-n25-08,delay_penalty_cP,20,6,10000,0.1,0.4,0.997,100,507.691745,499.769036,6.96563,0.0,0.957079,1,0.04,1.0,0.0,0.0,0.478539,0.125,True,18.959868,False,
RDL-n25-08,delay_penalty_cP,30,6,10000,0.1,0.4,0.997,100,507.691745,499.769036,6.96563,0.0,0.957079,1,0.04,1.0,0.0,0.0,0.478539,0.125,True,18.830251,False,
RDL-n25-08,delay_penalty_cP,50,6,10000,0.1,0.4,0.997,100,513.011332,496.446688,13.93126,0.0,2.633384,2,0.08,1.0,0.0,0.0,0.658346,0.25,True,19.213182,False,
RDL-n25-08,delay_penalty_cP,1,7,10000,0.1,0.4,0.997,100,498.348032,477.411698,13.93126,4.37169,2.633384,2,0.08,0.88,0.174868,2.727713,0.658346,0.25,True,19.055199,False,
RDL-n25-08,delay_penalty_cP,5,7,10000,0.1,0.4,0.997,100,506.826948,481.636554,20.89689,0.0,4.293505,3,0.12,1.0,0.0,0.0,0.715584,0.375,True,18.873916,False,
RDL-n25-08,delay_penalty_cP,10,7,10000,0.1,0.4,0.997,100,506.826948,481.636554,20.89689,0.0,4.293505,3,0.12,1.0,0.0,0.0,0.715584,0.375,True,18.997352,False,
RDL-n25-08,delay_penalty_cP,20,7,10000,0.1,0.4,0.997,100,507.691745,499.769036,6.96563,0.0,0.957079,1,0.04,1.0,0.0,0.0,0.478539,0.125,True,18.924342,False,
RDL-n25-08,delay_penalty_cP,30,7,10000,0.1,0.4,0.997,100,506.826948,481.636554,20.89689,0.0,4.293505,3,0.12,1.0,0.0,0.0,0.715584,0.375,True,18.774222,False,
RDL-n25-08,delay_penalty_cP,50,7,10000,0.1,0.4,0.997,100,507.691745,499.769036,6.96563,0.0,0.957079,1,0.04,1.0,0.0,0.0,0.478539,0.125,True,18.458867,False,
RDL-n25-08,delay_penalty_cP,1,8,10000,0.1,0.4,0.997,100,498.398586,475.933666,13.93126,5.900276,2.633384,2,0.08,0.8,0.236011,2.727713,0.658346,0.25,True,19.055332,False,
RDL-n25-08,delay_penalty_cP,5,8,10000,0.1,0.4,0.997,100,507.691745,499.769036,6.96563,0.0,0.957079,1,0.04,1.0,0.0,0.0,0.478539,0.125,True,19.381302,False,
RDL-n25-08,delay_penalty_cP,10,8,10000,0.1,0.4,0.997,100,507.06685,481.876455,20.89689,0.0,4.293505,3,0.12,1.0,0.0,0.0,0.715584,0.375,True,19.229755,False,
RDL-n25-08,delay_penalty_cP,20,8,10000,0.1,0.4,0.997,100,513.692035,497.127391,13.93126,0.0,2.633384,2,0.08,1.0,0.0,0.0,0.658346,0.25,True,18.488266,False,
RDL-n25-08,delay_penalty_cP,30,8,10000,0.1,0.4,0.997,100,513.294029,496.729384,13.93126,0.0,2.633384,2,0.08,1.0,0.0,0.0,0.658346,0.25,True,18.562376,False,
RDL-n25-08,delay_penalty_cP,50,8,10000,0.1,0.4,0.997,100,506.826948,481.636554,20.89689,0.0,4.293505,3,0.12,1.0,0.0,0.0,0.715584,0.375,True,19.128178,False,
RDL-n25-08,delay_penalty_cP,1,9,10000,0.1,0.4,0.997,100,498.348032,477.411698,13.93126,4.37169,2.633384,2,0.08,0.88,0.174868,2.727713,0.658346,0.25,True,18.979187,False,
RDL-n25-08,delay_penalty_cP,5,9,10000,0.1,0.4,0.997,100,505.120721,484.129113,13.93126,4.426964,2.633384,2,0.08,0.96,0.035416,0.885393,0.658346,0.25,True,19.23961,False,
RDL-n25-08,delay_penalty_cP,10,9,10000,0.1,0.4,0.997,100,507.691745,499.769036,6.96563,0.0,0.957079,1,0.04,1.0,0.0,0.0,0.478539,0.125,True,18.883342,False,
RDL-n25-08,delay_penalty_cP,20,9,10000,0.1,0.4,0.997,100,507.691745,499.769036,6.96563,0.0,0.957079,1,0.04,1.0,0.0,0.0,0.478539,0.125,True,18.938187,False,
RDL-n25-08,delay_penalty_cP,30,9,10000,0.1,0.4,0.997,100,513.589701,497.025057,13.93126,0.0,2.633384,2,0.08,1.0,0.0,0.0,0.658346,0.25,True,18.380166,False,
RDL-n25-08,delay_penalty_cP,50,9,10000,0.1,0.4,0.997,100,506.826948,481.636554,20.89689,0.0,4.293505,3,0.12,1.0,0.0,0.0,0.715584,0.375,True,18.906211,False,
RDL-n25-08,delay_penalty_cP,1,10,10000,0.1,0.4,0.997,100,498.348032,477.411698,13.93126,4.37169,2.633384,2,0.08,0.88,0.174868,2.727713,0.658346,0.25,True,18.909837,False,
RDL-n25-08,delay_penalty_cP,5,10,10000,0.1,0.4,0.997,100,507.691745,499.769036,6.96563,0.0,0.957079,1,0.04,1.0,0.0,0.0,0.478539,0.125,True,18.952771,False,
RDL-n25-08,delay_penalty_cP,10,10,10000,0.1,0.4,0.997,100,506.826948,481.636554,20.89689,0.0,4.293505,3,0.12,1.0,0.0,0.0,0.715584,0.375,True,18.995018,False,
RDL-n25-08,delay_penalty_cP,20,10,10000,0.1,0.4,0.997,100,507.691745,499.769036,6.96563,0.0,0.957079,1,0.04,1.0,0.0,0.0,0.478539,0.125,True,19.216953,False,
RDL-n25-08,delay_penalty_cP,30,10,10000,0.1,0.4,0.997,100,507.691745,499.769036,6.96563,0.0,0.957079,1,0.04,1.0,0.0,0.0,0.478539,0.125,True,19.018301,False,
RDL-n25-08,delay_penalty_cP,50,10,10000,0.1,0.4,0.997,100,507.691745,499.769036,6.96563,0.0,0.957079,1,0.04,1.0,0.0,0.0,0.478539,0.125,True,18.752922,False,
RDL-n25-08,drone_cost_cD,0.4,1,10000,0.1,0.4,0.997,100,494.601948,482.250249,8.358756,0.0,3.992943,3,0.12,1.0,0.0,0.0,0.665491,0.375,True,19.446824,False,
RDL-n25-08,drone_cost_cD,0.8,1,10000,0.1,0.4,0.997,100,502.64757,481.636554,16.717512,0.0,4.293505,3,0.12,1.0,0.0,0.0,0.715584,0.375,True,18.942245,False,
RDL-n25-08,drone_cost_cD,1.0,1,10000,0.1,0.4,0.997,100,507.296213,485.789105,13.93126,4.942464,2.633384,2,0.08,0.96,0.01977,0.494246,0.658346,0.25,True,19.777242,False,
RDL-n25-08,drone_cost_cD,2.0,1,10000,0.1,0.4,0.997,100,514.657375,499.769036,13.93126,0.0,0.957079,1,0.04,1.0,0.0,0.0,0.478539,0.125,True,18.618212,False,
RDL-n25-08,drone_cost_cD,3.0,1,10000,0.1,0.4,0.997,100,521.251555,517.883628,0.0,3.367926,0.0,0,0.0,0.96,0.013472,0.336793,0.0,0.0,True,19.390756,False,
RDL-n25-08,drone_cost_cD,4.0,1,10000,0.1,0.4,0.997,100,517.666281,517.666281,0.0,0.0,0.0,0,0.0,1.0,0.0,0.0,0.0,0.0,True,19.822545,False,
RDL-n25-08,drone_cost_cD,0.4,2,10000,0.1,0.4,0.997,100,494.288815,481.636554,8.358756,0.0,4.293505,3,0.12,1.0,0.0,0.0,0.715584,0.375,True,19.930202,False,
RDL-n25-08,drone_cost_cD,0.8,2,10000,0.1,0.4,0.997,100,502.960704,482.250249,16.717512,0.0,3.992943,3,0.12,1.0,0.0,0.0,0.665491,0.375,True,19.451938,False,
RDL-n25-08,drone_cost_cD,1.0,2,10000,0.1,0.4,0.997,100,506.826948,481.636554,20.89689,0.0,4.293505,3,0.12,1.0,0.0,0.0,0.715584,0.375,True,19.18797,False,
RDL-n25-08,drone_cost_cD,2.0,2,10000,0.1,0.4,0.997,100,514.657375,499.769036,13.93126,0.0,0.957079,1,0.04,1.0,0.0,0.0,0.478539,0.125,True,19.576528,False,
RDL-n25-08,drone_cost_cD,3.0,2,10000,0.1,0.4,0.997,100,524.556233,499.334338,20.89689,3.367926,0.957079,1,0.04,0.96,0.013472,0.336793,0.478539,0.125,True,19.358108,False,
RDL-n25-08,drone_cost_cD,4.0,2,10000,0.1,0.4,0.997,100,519.798811,519.798811,0.0,0.0,0.0,0,0.0,1.0,0.0,0.0,0.0,0.0,True,19.616932,False,
RDL-n25-08,drone_cost_cD,0.4,3,10000,0.1,0.4,0.997,100,494.288815,481.636554,8.358756,0.0,4.293505,3,0.12,1.0,0.0,0.0,0.715584,0.375,True,19.151733,False,
RDL-n25-08,drone_cost_cD,0.8,3,10000,0.1,0.4,0.997,100,505.725804,492.264158,11.145008,0.0,2.316638,2,0.08,1.0,0.0,0.0,0.579159,0.25,True,18.788412,False,
RDL-n25-08,drone_cost_cD,1.0,3,10000,0.1,0.4,0.997,100,506.826948,481.636554,20.89689,0.0,4.293505,3,0.12,1.0,0.0,0.0,0.715584,0.375,True,18.958912,False,
RDL-n25-08,drone_cost_cD,2.0,3,10000,0.1,0.4,0.997,100,517.590603,499.334338,13.93126,3.367926,0.957079,1,0.04,0.96,0.013472,0.336793,0.478539,0.125,True,18.621905,False,
RDL-n25-08,drone_cost_cD,3.0,3,10000,0.1,0.4,0.997,100,521.17536,517.807434,0.0,3.367926,0.0,0,0.0,0.96,0.013472,0.336793,0.0,0.0,True,19.587567,False,
RDL-n25-08,drone_cost_cD,4.0,3,10000,0.1,0.4,0.997,100,518.749684,518.749684,0.0,0.0,0.0,0,0.0,1.0,0.0,0.0,0.0,0.0,True,19.627569,False,
RDL-n25-08,drone_cost_cD,0.4,4,10000,0.1,0.4,0.997,100,494.601948,482.250249,8.358756,0.0,3.992943,3,0.12,1.0,0.0,0.0,0.665491,0.375,True,19.775061,False,
RDL-n25-08,drone_cost_cD,0.8,4,10000,0.1,0.4,0.997,100,503.138035,485.474763,11.145008,3.88488,2.633384,2,0.08,0.96,0.01554,0.388488,0.658346,0.25,True,19.358283,False,
RDL-n25-08,drone_cost_cD,1.0,4,10000,0.1,0.4,0.997,100,507.691745,499.769036,6.96563,0.0,0.957079,1,0.04,1.0,0.0,0.0,0.478539,0.125,True,18.873783,False,
RDL-n25-08,drone_cost_cD,2.0,4,10000,0.1,0.4,0.997,100,514.657375,499.769036,13.93126,0.0,0.957079,1,0.04,1.0,0.0,0.0,0.478539,0.125,True,18.517397,False,
RDL-n25-08,drone_cost_cD,3.0,4,10000,0.1,0.4,0.997,100,521.623004,499.769036,20.89689,0.0,0.957079,1,0.04,1.0,0.0,0.0,0.478539,0.125,True,19.459232,False,
RDL-n25-08,drone_cost_cD,4.0,4,10000,0.1,0.4,0.997,100,521.17536,517.807434,0.0,3.367926,0.0,0,0.0,0.96,0.013472,0.336793,0.0,0.0,True,19.329265,False,
RDL-n25-08,drone_cost_cD,0.4,5,10000,0.1,0.4,0.997,100,502.445892,485.908751,8.358756,3.88488,4.293505,3,0.12,0.92,0.090702,1.879061,0.715584,0.375,True,19.27618,False,
RDL-n25-08,drone_cost_cD,0.8,5,10000,0.1,0.4,0.997,100,502.960704,482.250249,16.717512,0.0,3.992943,3,0.12,1.0,0.0,0.0,0.665491,0.375,True,18.853604,False,
RDL-n25-08,drone_cost_cD,1.0,5,10000,0.1,0.4,0.997,100,507.691745,499.769036,6.96563,0.0,0.957079,1,0.04,1.0,0.0,0.0,0.478539,0.125,True,18.762285,False,
RDL-n25-08,drone_cost_cD,2.0,5,10000,0.1,0.4,0.997,100,514.657375,499.769036,13.93126,0.0,0.957079,1,0.04,1.0,0.0,0.0,0.478539,0.125,True,18.373605,False,
RDL-n25-08,drone_cost_cD,3.0,5,10000,0.1,0.4,0.997,100,519.556689,519.556689,0.0,0.0,0.0,0,0.0,1.0,0.0,0.0,0.0,0.0,True,19.104866,False,
RDL-n25-08,drone_cost_cD,4.0,5,10000,0.1,0.4,0.997,100,520.642631,520.642631,0.0,0.0,0.0,0,0.0,1.0,0.0,0.0,0.0,0.0,True,19.922476,False,
RDL-n25-08,drone_cost_cD,0.4,6,10000,0.1,0.4,0.997,100,494.288815,481.636554,8.358756,0.0,4.293505,3,0.12,1.0,0.0,0.0,0.715584,0.375,True,19.344028,False,
RDL-n25-08,drone_cost_cD,0.8,6,10000,0.1,0.4,0.997,100,508.257822,483.361926,16.717512,3.88488,4.293505,3,0.12,0.96,0.01554,0.388488,0.715584,0.375,True,18.855564,False,
RDL-n25-08,drone_cost_cD,1.0,6,10000,0.1,0.4,0.997,100,510.624973,499.334338,6.96563,3.367926,0.957079,1,0.04,0.96,0.013472,0.336793,0.478539,0.125,True,18.830543,False,
RDL-n25-08,drone_cost_cD,2.0,6,10000,0.1,0.4,0.997,100,514.657375,499.769036,13.93126,0.0,0.957079,1,0.04,1.0,0.0,0.0,0.478539,0.125,True,18.780229,False,
RDL-n25-08,drone_cost_cD,3.0,6,10000,0.1,0.4,0.997,100,521.17536,517.807434,0.0,3.367926,0.0,0,0.0,0.96,0.013472,0.336793,0.0,0.0,True,19.083273,False,
RDL-n25-08,drone_cost_cD,4.0,6,10000,0.1,0.4,0.997,100,520.368355,517.000429,0.0,3.367926,0.0,0,0.0,0.96,0.013472,0.336793,0.0,0.0,True,19.578207,False,
RDL-n25-08,drone_cost_cD,0.4,7,10000,0.1,0.4,0.997,100,494.288815,481.636554,8.358756,0.0,4.293505,3,0.12,1.0,0.0,0.0,0.715584,0.375,True,19.48773,False,
RDL-n25-08,drone_cost_cD,0.8,7,10000,0.1,0.4,0.997,100,502.64757,481.636554,16.717512,0.0,4.293505,3,0.12,1.0,0.0,0.0,0.715584,0.375,True,19.359264,False,
RDL-n25-08,drone_cost_cD,1.0,7,10000,0.1,0.4,0.997,100,506.826948,481.636554,20.89689,0.0,4.293505,3,0.12,1.0,0.0,0.0,0.715584,0.375,True,18.801934,False,
RDL-n25-08,drone_cost_cD,2.0,7,10000,0.1,0.4,0.997,100,517.590603,499.334338,13.93126,3.367926,0.957079,1,0.04,0.96,0.013472,0.336793,0.478539,0.125,True,18.784483,False,
RDL-n25-08,drone_cost_cD,3.0,7,10000,0.1,0.4,0.997,100,519.723501,519.723501,0.0,0.0,0.0,0,0.0,1.0,0.0,0.0,0.0,0.0,True,19.505264,False,
RDL-n25-08,drone_cost_cD,4.0,7,10000,0.1,0.4,0.997,100,518.749684,518.749684,0.0,0.0,0.0,0,0.0,1.0,0.0,0.0,0.0,0.0,True,19.812675,False,
RDL-n25-08,drone_cost_cD,0.4,8,10000,0.1,0.4,0.997,100,494.288815,481.636554,8.358756,0.0,4.293505,3,0.12,0.96,0.116452,2.911288,0.715584,0.375,True,19.22058,False,
RDL-n25-08,drone_cost_cD,0.8,8,10000,0.1,0.4,0.997,100,510.803449,497.025057,11.145008,0.0,2.633384,2,0.08,1.0,0.0,0.0,0.658346,0.25,True,18.800634,False,
RDL-n25-08,drone_cost_cD,1.0,8,10000,0.1,0.4,0.997,100,507.06685,481.876455,20.89689,0.0,4.293505,3,0.12,1.0,0.0,0.0,0.715584,0.375,True,19.015334,False,
RDL-n25-08,drone_cost_cD,2.0,8,10000,0.1,0.4,0.997,100,514.657375,499.769036,13.93126,0.0,0.957079,1,0.04,1.0,0.0,0.0,0.478539,0.125,True,19.071254,False,
RDL-n25-08,drone_cost_cD,3.0,8,10000,0.1,0.4,0.997,100,521.17536,517.807434,0.0,3.367926,0.0,0,0.0,0.96,0.013472,0.336793,0.0,0.0,True,19.67761,False,
RDL-n25-08,drone_cost_cD,4.0,8,10000,0.1,0.4,0.997,100,520.368355,517.000429,0.0,3.367926,0.0,0,0.0,0.96,0.013472,0.336793,0.0,0.0,True,19.826134,False,
RDL-n25-08,drone_cost_cD,0.4,9,10000,0.1,0.4,0.997,100,494.601948,482.250249,8.358756,0.0,3.992943,3,0.12,1.0,0.0,0.0,0.665491,0.375,True,19.531871,False,
RDL-n25-08,drone_cost_cD,0.8,9,10000,0.1,0.4,0.997,100,502.64757,481.636554,16.717512,0.0,4.293505,3,0.12,1.0,0.0,0.0,0.715584,0.375,True,18.820988,False,
RDL-n25-08,drone_cost_cD,1.0,9,10000,0.1,0.4,0.997,100,507.691745,499.769036,6.96563,0.0,0.957079,1,0.04,1.0,0.0,0.0,0.478539,0.125,True,18.694657,False,
RDL-n25-08,drone_cost_cD,2.0,9,10000,0.1,0.4,0.997,100,514.657375,499.769036,13.93126,0.0,0.957079,1,0.04,1.0,0.0,0.0,0.478539,0.125,True,18.785537,False,
RDL-n25-08,drone_cost_cD,3.0,9,10000,0.1,0.4,0.997,100,519.556689,519.556689,0.0,0.0,0.0,0,0.0,0.96,0.13054,3.263488,0.0,0.0,True,19.255247,False,
RDL-n25-08,drone_cost_cD,4.0,9,10000,0.1,0.4,0.997,100,519.723501,519.723501,0.0,0.0,0.0,0,0.0,1.0,0.0,0.0,0.0,0.0,True,19.537447,False,
RDL-n25-08,drone_cost_cD,0.4,10,10000,0.1,0.4,0.997,100,498.538105,482.000965,8.358756,3.88488,4.293505,3,0.12,0.96,0.01554,0.388488,0.715584,0.375,True,19.450185,False,
RDL-n25-08,drone_cost_cD,0.8,10,10000,0.1,0.4,0.997,100,503.800011,482.788994,16.717512,0.0,4.293505,3,0.12,1.0,0.0,0.0,0.715584,0.375,True,18.962017,False,
RDL-n25-08,drone_cost_cD,1.0,10,10000,0.1,0.4,0.997,100,506.826948,481.636554,20.89689,0.0,4.293505,3,0.12,1.0,0.0,0.0,0.715584,0.375,True,18.717949,False,
RDL-n25-08,drone_cost_cD,2.0,10,10000,0.1,0.4,0.997,100,514.657375,499.769036,13.93126,0.0,0.957079,1,0.04,1.0,0.0,0.0,0.478539,0.125,True,18.99967,False,
RDL-n25-08,drone_cost_cD,3.0,10,10000,0.1,0.4,0.997,100,519.801319,519.801319,0.0,0.0,0.0,0,0.0,1.0,0.0,0.0,0.0,0.0,True,19.141932,False,
RDL-n25-08,drone_cost_cD,4.0,10,10000,0.1,0.4,0.997,100,516.740878,516.740878,0.0,0.0,0.0,0,0.0,1.0,0.0,0.0,0.0,0.0,True,19.54965,False,
